Using pre-set license
Built from '6000.0/respin/6000.0.59f1-063c55f2fd0f' branch; Version is '6000.0.59f2 (ef281c76c3c1) revision 15673372'; Using compiler version '193933523'; Build Type 'Release'
OS: 'Windows 11  (10.0.26200) 64bit Core' Language: 'ko' Physical Memory: 16077 MB
BatchMode: 1, IsHumanControllingUs: 0, StartBugReporterOnCrash: 0, Is64bit: 1
Date: 2026-05-26T13:10:32Z

COMMAND LINE ARGUMENTS:
C:\Program Files\Unity\Hub\Editor\6000.0.59f2\Editor\Unity.exe
-adb2
-batchMode
-noUpm
-name
AssetImportWorker35
-projectPath
C:/Users/ghqkr/OneDrive/Desktop/SW 웹사이트/VR-SangHaCha
-logFile
Logs/AssetImportWorker35.log
-srvPort
56803
-job-worker-count
7
-background-job-worker-count
8
-gc-helper-count
1
-name
AssetImport
Successfully changed project path to: C:/Users/ghqkr/OneDrive/Desktop/SW 웹사이트/VR-SangHaCha
C:/Users/ghqkr/OneDrive/Desktop/SW 웹사이트/VR-SangHaCha
[UnityMemory] Configuration Parameters - Can be set up in boot.config
    "memorysetup-bucket-allocator-granularity=16"
    "memorysetup-bucket-allocator-bucket-count=8"
    "memorysetup-bucket-allocator-block-size=33554432"
    "memorysetup-bucket-allocator-block-count=8"
    "memorysetup-main-allocator-block-size=16777216"
    "memorysetup-thread-allocator-block-size=16777216"
    "memorysetup-gfx-main-allocator-block-size=16777216"
    "memorysetup-gfx-thread-allocator-block-size=16777216"
    "memorysetup-cache-allocator-block-size=4194304"
    "memorysetup-typetree-allocator-block-size=2097152"
    "memorysetup-profiler-bucket-allocator-granularity=16"
    "memorysetup-profiler-bucket-allocator-bucket-count=8"
    "memorysetup-profiler-bucket-allocator-block-size=33554432"
    "memorysetup-profiler-bucket-allocator-block-count=8"
    "memorysetup-profiler-allocator-block-size=16777216"
    "memorysetup-profiler-editor-allocator-block-size=1048576"
    "memorysetup-temp-allocator-size-main=16777216"
    "memorysetup-job-temp-allocator-block-size=2097152"
    "memorysetup-job-temp-allocator-block-size-background=1048576"
    "memorysetup-job-temp-allocator-reduction-small-platforms=262144"
    "memorysetup-allocator-temp-initial-block-size-main=262144"
    "memorysetup-allocator-temp-initial-block-size-worker=262144"
    "memorysetup-temp-allocator-size-background-worker=32768"
    "memorysetup-temp-allocator-size-job-worker=262144"
    "memorysetup-temp-allocator-size-preload-manager=33554432"
    "memorysetup-temp-allocator-size-nav-mesh-worker=65536"
    "memorysetup-temp-allocator-size-audio-worker=65536"
    "memorysetup-temp-allocator-size-cloud-worker=32768"
    "memorysetup-temp-allocator-size-gi-baking-worker=262144"
    "memorysetup-temp-allocator-size-gi-baking-worker=262144"
    "memorysetup-temp-allocator-size-gi-baking-worker=262144"
    "memorysetup-temp-allocator-size-gi-baking-worker=262144"
    "memorysetup-temp-allocator-size-gi-baking-worker=262144"
    "memorysetup-temp-allocator-size-gfx=262144"
Player connection [18224]  Target information:

Player connection [18224]  * "[IP] 192.168.0.124 [Port] 0 [Flags] 2 [Guid] 1451319343 [EditorId] 1451319343 [Version] 1048832 [Id] WindowsEditor(7,retser) [Debug] 1 [PackageName] WindowsEditor [ProjectName] Editor" 

Player connection [18224] Host joined multi-casting on [225.0.0.222:54997]...
Player connection [18224] Host joined alternative multi-casting on [225.0.0.222:34997]...
JobSystem: Creating JobQueue using job-worker-count value 7
Input System module state changed to: Initialized.
[Physics::Module] Initialized fallback backend.
[Physics::Module] Id: 0xdecafbad
Library Redirect Path: Library/
[Physics::Module] Selected backend.
[Physics::Module] Name: PhysX
[Physics::Module] Id: 0xf2b8ea05
[Physics::Module] SDK Version: 4.1.2
[Physics::Module] Integration Version: 1.0.0
[Physics::Module] Threading Mode: Multi-Threaded
Refreshing native plugins compatible for Editor in 25.49 ms, found 11 plugins.
Preloading 0 native plugins for Editor in 0.00 ms.
Initialize engine version: 6000.0.59f2 (ef281c76c3c1)
[Subsystems] Discovering subsystems at path C:/Program Files/Unity/Hub/Editor/6000.0.59f2/Editor/Data/Resources/UnitySubsystems
[Subsystems] Discovering subsystems at path C:/Users/ghqkr/OneDrive/Desktop/SW 웹사이트/VR-SangHaCha/Assets
GfxDevice: creating device client; kGfxThreadingModeNonThreaded
Direct3D:
    Version:  Direct3D 11.0 [level 11.1]
    Renderer: NVIDIA GeForce RTX 4060 Laptop GPU (ID=0x28a0)
    Vendor:   NVIDIA
    VRAM:     7957 MB
    Driver:   32.0.15.8183
Initialize mono
Mono path[0] = 'C:/Program Files/Unity/Hub/Editor/6000.0.59f2/Editor/Data/Managed'
Mono path[1] = 'C:/Program Files/Unity/Hub/Editor/6000.0.59f2/Editor/Data/MonoBleedingEdge/lib/mono/unityjit-win32'
Mono config path = 'C:/Program Files/Unity/Hub/Editor/6000.0.59f2/Editor/Data/MonoBleedingEdge/etc'
Using monoOptions --debugger-agent=transport=dt_socket,embedding=1,server=y,suspend=n,address=127.0.0.1:56876
Begin MonoManager ReloadAssembly
Registering precompiled unity dll's ...
Register platform support module: C:/Program Files/Unity/Hub/Editor/6000.0.59f2/Editor/Data/PlaybackEngines/WindowsStandaloneSupport/UnityEditor.WindowsStandalone.Extensions.dll
Register platform support module: C:/Program Files/Unity/Hub/Editor/6000.0.59f2/Editor/Data/PlaybackEngines/AndroidPlayer/UnityEditor.Android.Extensions.dll
Registered in 0.154465 seconds.
- Loaded All Assemblies, in  8.289 seconds
Native extension for Android target not found
Android Extension - Scanning For ADB Devices 7728 ms
Native extension for WindowsStandalone target not found
Mono: successfully reloaded assembly
- Finished resetting the current domain, in 14.874 seconds
Domain Reload Profiling: 23048ms
	BeginReloadAssembly (1661ms)
		ExecutionOrderSort (0ms)
		DisableScriptedObjects (0ms)
		BackupInstance (0ms)
		ReleaseScriptingObjects (0ms)
		CreateAndSetChildDomain (1ms)
	RebuildCommonClasses (1104ms)
	RebuildNativeTypeToScriptingClass (336ms)
	initialDomainReloadingComplete (1628ms)
	LoadAllAssembliesAndSetupDomain (3434ms)
		LoadAssemblies (1729ms)
		RebuildTransferFunctionScriptingTraits (0ms)
		AnalyzeDomain (3310ms)
			TypeCache.Refresh (3281ms)
				TypeCache.ScanAssembly (2972ms)
			BuildScriptInfoCaches (0ms)
			ResolveRequiredComponents (2ms)
	FinalizeReload (14886ms)
		ReleaseScriptCaches (0ms)
		RebuildScriptCaches (0ms)
		SetupLoadedEditorAssemblies (13947ms)
			LogAssemblyErrors (0ms)
			InitializePlatformSupportModulesInManaged (9228ms)
			SetLoadedEditorAssemblies (43ms)
			BeforeProcessingInitializeOnLoad (1566ms)
			ProcessInitializeOnLoadAttributes (2262ms)
			ProcessInitializeOnLoadMethodAttributes (847ms)
			AfterProcessingInitializeOnLoad (0ms)
			EditorAssembliesLoaded (0ms)
		ExecutionOrderSort2 (0ms)
		AwakeInstancesAfterBackupRestoration (0ms)
========================================================================
Worker process is ready to serve import requests
Import Worker Mode flag is 0x00
Begin MonoManager ReloadAssembly
- Loaded All Assemblies, in 18.841 seconds
Refreshing native plugins compatible for Editor in 145.79 ms, found 11 plugins.
Native extension for Android target not found
Native extension for WindowsStandalone target not found
Refreshing native plugins compatible for Editor in 152.88 ms, found 11 plugins.
Package Manager log level set to [2]
[Package Manager] Failed to launch server process. Reason: Unity was launched with the -noUpm command-line argument
[Package Manager] Unable to send message (not connected to server process).
[Package Manager] Cannot connect to Unity Package Manager local server
Mono: successfully reloaded assembly
[Package Manager] Failed to launch server process. Reason: Unity was launched with the -noUpm command-line argument
[Package Manager] Unable to send message (not connected to server process).
[Package Manager] Cannot connect to Unity Package Manager local server
[Package Manager] Failed to launch server process. Reason: Unity was launched with the -noUpm command-line argument
[Package Manager] Unable to send message (not connected to server process).
[Package Manager] Cannot connect to Unity Package Manager local server
- Finished resetting the current domain, in 13.303 seconds
Domain Reload Profiling: 31983ms
	BeginReloadAssembly (4159ms)
		ExecutionOrderSort (0ms)
		DisableScriptedObjects (46ms)
		BackupInstance (0ms)
		ReleaseScriptingObjects (0ms)
		CreateAndSetChildDomain (185ms)
	RebuildCommonClasses (555ms)
	RebuildNativeTypeToScriptingClass (148ms)
	initialDomainReloadingComplete (874ms)
	LoadAllAssembliesAndSetupDomain (12943ms)
		LoadAssemblies (10492ms)
		RebuildTransferFunctionScriptingTraits (0ms)
		AnalyzeDomain (5983ms)
			TypeCache.Refresh (4368ms)
				TypeCache.ScanAssembly (4028ms)
			BuildScriptInfoCaches (1274ms)
			ResolveRequiredComponents (260ms)
	FinalizeReload (13304ms)
		ReleaseScriptCaches (0ms)
		RebuildScriptCaches (0ms)
		SetupLoadedEditorAssemblies (9445ms)
			LogAssemblyErrors (0ms)
			InitializePlatformSupportModulesInManaged (262ms)
			SetLoadedEditorAssemblies (83ms)
			BeforeProcessingInitializeOnLoad (3784ms)
			ProcessInitializeOnLoadAttributes (4280ms)
			ProcessInitializeOnLoadMethodAttributes (928ms)
			AfterProcessingInitializeOnLoad (107ms)
			EditorAssembliesLoaded (1ms)
		ExecutionOrderSort2 (0ms)
		AwakeInstancesAfterBackupRestoration (87ms)
WARNING: Shader Unsupported: 'Hidden/Simulation/URP/Synthetic' - All subshaders removed
WARNING: Shader Did you use #pragma only_renderers and omit this platform?
WARNING: Shader If subshaders removal was intentional, you may have forgotten turning Fallback off?
WARNING: Shader Unsupported: 'Hidden/Simulation/URP/Synthetic' - All subshaders removed
WARNING: Shader Did you use #pragma only_renderers and omit this platform?
WARNING: Shader If subshaders removal was intentional, you may have forgotten turning Fallback off?
WARNING: Shader Unsupported: 'Hidden/Simulation/Synthetic Lit' - All subshaders removed
WARNING: Shader Did you use #pragma only_renderers and omit this platform?
WARNING: Shader If subshaders removal was intentional, you may have forgotten turning Fallback off?
WARNING: Shader Unsupported: 'Hidden/Simulation/Synthetic Lit' - All subshaders removed
WARNING: Shader Did you use #pragma only_renderers and omit this platform?
WARNING: Shader If subshaders removal was intentional, you may have forgotten turning Fallback off?
WARNING: Shader Unsupported: 'Simulation/Standard Lit' - All subshaders removed
WARNING: Shader Did you use #pragma only_renderers and omit this platform?
WARNING: Shader If subshaders removal was intentional, you may have forgotten turning Fallback off?
WARNING: Shader Unsupported: 'Simulation/Standard Lit' - All subshaders removed
WARNING: Shader Did you use #pragma only_renderers and omit this platform?
WARNING: Shader If subshaders removal was intentional, you may have forgotten turning Fallback off?
WARNING: Shader Unsupported: 'Simulation/URP/Room X-Ray' - All subshaders removed
WARNING: Shader Did you use #pragma only_renderers and omit this platform?
WARNING: Shader If subshaders removal was intentional, you may have forgotten turning Fallback off?
WARNING: Shader Unsupported: 'Simulation/URP/Room X-Ray' - All subshaders removed
WARNING: Shader Did you use #pragma only_renderers and omit this platform?
WARNING: Shader If subshaders removal was intentional, you may have forgotten turning Fallback off?
WARNING: Shader Unsupported: 'Simulation/Room X-Ray' - All subshaders removed
WARNING: Shader Did you use #pragma only_renderers and omit this platform?
WARNING: Shader If subshaders removal was intentional, you may have forgotten turning Fallback off?
WARNING: Shader Unsupported: 'Simulation/Room X-Ray' - All subshaders removed
WARNING: Shader Did you use #pragma only_renderers and omit this platform?
WARNING: Shader If subshaders removal was intentional, you may have forgotten turning Fallback off?
WARNING: Shader Unsupported: 'Simulation/URP/Lit' - All subshaders removed
WARNING: Shader Did you use #pragma only_renderers and omit this platform?
WARNING: Shader If subshaders removal was intentional, you may have forgotten turning Fallback off?
WARNING: Shader Unsupported: 'Simulation/URP/Lit' - All subshaders removed
WARNING: Shader Did you use #pragma only_renderers and omit this platform?
WARNING: Shader If subshaders removal was intentional, you may have forgotten turning Fallback off?
Launched and connected shader compiler UnityShaderCompiler.exe after 0.06 seconds
Refreshing native plugins compatible for Editor in 88.18 ms, found 11 plugins.
Preloading 0 native plugins for Editor in 0.00 ms.
Unloading 19 Unused Serialized files (Serialized files now loaded: 0)
Unloading 6747 unused Assets / (5.4 MB). Loaded Objects now: 7479.
Memory consumption went from 144.6 MB to 139.2 MB.
Total: 56.004200 ms (FindLiveObjects: 4.471000 ms CreateObjectMapping: 3.434800 ms MarkObjects: 35.035800 ms  DeleteObjects: 13.060300 ms)

========================================================================
Received Import Request.
  Time since last request: 261207.583413 seconds.
  path: Assets/SciFi Warehouse Kit/Prefabs/Structures/Walls/Wall Door.prefab
  artifactKey: Guid(dafe2f44374925b4692cd6dbc587c068) Importer(2089858483,192608db42251d675da83286b1cce702)
Start importing Assets/SciFi Warehouse Kit/Prefabs/Structures/Walls/Wall Door.prefab using Guid(dafe2f44374925b4692cd6dbc587c068) Importer(2089858483,192608db42251d675da83286b1cce702) (ScriptedImporter) -> (artifact id: '0806c52508e18bd251524add67a184a9') in 1.5230736 seconds
Number of updated asset objects reloaded before import = 0Number of asset objects unloaded after import = 19

========================================================================
Received Import Request.
  Time since last request: 0.000040 seconds.
  path: Assets/SciFi Warehouse Kit/Prefabs/Structures/Corridors/Corridor Deadend.prefab
  artifactKey: Guid(711016e15dc0bf14c91cd472ebddb879) Importer(2089858483,3d70f49cd1c2eb9ae422958d1c652c6b)
Start importing Assets/SciFi Warehouse Kit/Prefabs/Structures/Corridors/Corridor Deadend.prefab using Guid(711016e15dc0bf14c91cd472ebddb879) Importer(2089858483,3d70f49cd1c2eb9ae422958d1c652c6b) (ScriptedImporter) -> (artifact id: '96d557f7a6e3fe30551426a01789f3fc') in 0.1206116 seconds
Number of updated asset objects reloaded before import = 0Number of asset objects unloaded after import = 9

========================================================================
Received Import Request.
  Time since last request: 0.000052 seconds.
  path: Assets/SciFi Warehouse Kit/Prefabs/Structures/Structure Props/Pipes 05.prefab
  artifactKey: Guid(ab69daf48f5bdc74fa067080f34bd815) Importer(2089858483,3d70f49cd1c2eb9ae422958d1c652c6b)
Start importing Assets/SciFi Warehouse Kit/Prefabs/Structures/Structure Props/Pipes 05.prefab using Guid(ab69daf48f5bdc74fa067080f34bd815) Importer(2089858483,3d70f49cd1c2eb9ae422958d1c652c6b) (ScriptedImporter) -> (artifact id: '3aef61bc97e4c41b59894c0008deae3f') in 0.0477701 seconds
Number of updated asset objects reloaded before import = 0Number of asset objects unloaded after import = 8

========================================================================
Received Import Request.
  Time since last request: 0.000034 seconds.
  path: Assets/SciFi Warehouse Kit/Prefabs/Structures/Structure Props/Fusebox 01.prefab
  artifactKey: Guid(3c19fd38539b7f04b90d35983ebc23cc) Importer(2089858483,192608db42251d675da83286b1cce702)
Start importing Assets/SciFi Warehouse Kit/Prefabs/Structures/Structure Props/Fusebox 01.prefab using Guid(3c19fd38539b7f04b90d35983ebc23cc) Importer(2089858483,192608db42251d675da83286b1cce702) (ScriptedImporter) -> (artifact id: 'b821be15351a11c13383b373d448cd93') in 0.2185469 seconds
Number of updated asset objects reloaded before import = 0Number of asset objects unloaded after import = 9

========================================================================
Received Import Request.
  Time since last request: 0.000054 seconds.
  path: Assets/SciFi Warehouse Kit/Art/Textures/ducts_pillars_a.png
  artifactKey: Guid(dd620208d7a733241a70fafa5ae00956) Importer(2089858483,192608db42251d675da83286b1cce702)
Start importing Assets/SciFi Warehouse Kit/Art/Textures/ducts_pillars_a.png using Guid(dd620208d7a733241a70fafa5ae00956) Importer(2089858483,192608db42251d675da83286b1cce702) (ScriptedImporter) -> (artifact id: 'bc2b72f2aff056a0b8f5a3e1042aafeb') in 0.2564685 seconds
Number of updated asset objects reloaded before import = 0Number of asset objects unloaded after import = 1

========================================================================
Received Import Request.
  Time since last request: 0.000037 seconds.
  path: Assets/SciFi Warehouse Kit/Prefabs/Structures/Floor
  artifactKey: Guid(3a46817c220e67141814d59b2cc105c2) Importer(2089858483,192608db42251d675da83286b1cce702)
Start importing Assets/SciFi Warehouse Kit/Prefabs/Structures/Floor using Guid(3a46817c220e67141814d59b2cc105c2) Importer(2089858483,192608db42251d675da83286b1cce702) (ScriptedImporter) -> (artifact id: '4309dd0746cdb56cfd8b98b620a2dfb9') in 0.0309563 seconds
Number of updated asset objects reloaded before import = 0Number of asset objects unloaded after import = 1

========================================================================
Received Import Request.
  Time since last request: 0.000050 seconds.
  path: Assets/SciFi Warehouse Kit/Prefabs/Structures/Corridors/Corridor Incline Half.prefab
  artifactKey: Guid(0ef31cdbe65a2f142beeb86422e34425) Importer(2089858483,3d70f49cd1c2eb9ae422958d1c652c6b)
Start importing Assets/SciFi Warehouse Kit/Prefabs/Structures/Corridors/Corridor Incline Half.prefab using Guid(0ef31cdbe65a2f142beeb86422e34425) Importer(2089858483,3d70f49cd1c2eb9ae422958d1c652c6b) (ScriptedImporter) -> (artifact id: '6b56087d561affeae5492dad01efe69b') in 0.0802691 seconds
Number of updated asset objects reloaded before import = 0Number of asset objects unloaded after import = 47

========================================================================
Received Import Request.
  Time since last request: 0.000042 seconds.
  path: Assets/SciFi Warehouse Kit/Art/Textures/extinguisher_m.png
  artifactKey: Guid(459cb12f1b0019c418f69f9db8467294) Importer(2089858483,192608db42251d675da83286b1cce702)
Start importing Assets/SciFi Warehouse Kit/Art/Textures/extinguisher_m.png using Guid(459cb12f1b0019c418f69f9db8467294) Importer(2089858483,192608db42251d675da83286b1cce702) (ScriptedImporter) -> (artifact id: 'bcdc86c57723ef9221a8c16e69bea2b2') in 0.1177816 seconds
Number of updated asset objects reloaded before import = 0Number of asset objects unloaded after import = 1

========================================================================
Received Import Request.
  Time since last request: 0.000054 seconds.
  path: Assets/SciFi Warehouse Kit/Prefabs/Props/Crates Barrels Pallets/Pallet Variations/Pallet Variation 03.prefab
  artifactKey: Guid(e02a45feff251dc44bcb22375712232e) Importer(2089858483,3d70f49cd1c2eb9ae422958d1c652c6b)
Start importing Assets/SciFi Warehouse Kit/Prefabs/Props/Crates Barrels Pallets/Pallet Variations/Pallet Variation 03.prefab using Guid(e02a45feff251dc44bcb22375712232e) Importer(2089858483,3d70f49cd1c2eb9ae422958d1c652c6b) (ScriptedImporter) -> (artifact id: 'b92c3333fe94a2bb1e9ca9ee79b49d3c') in 0.078283 seconds
Number of updated asset objects reloaded before import = 0Number of asset objects unloaded after import = 41

========================================================================
Received Import Request.
  Time since last request: 0.000047 seconds.
  path: Assets/SciFi Warehouse Kit/Art/Textures/fan_a.png
  artifactKey: Guid(206d9affd43fc0040b238f5d9543f82f) Importer(2089858483,192608db42251d675da83286b1cce702)
Start importing Assets/SciFi Warehouse Kit/Art/Textures/fan_a.png using Guid(206d9affd43fc0040b238f5d9543f82f) Importer(2089858483,192608db42251d675da83286b1cce702) (ScriptedImporter) -> (artifact id: '80488d3919e7c984285bfd83ca3db91f') in 0.1252447 seconds
Number of updated asset objects reloaded before import = 0Number of asset objects unloaded after import = 1

========================================================================
Received Import Request.
  Time since last request: 0.000052 seconds.
  path: Assets/SciFi Warehouse Kit/Art/Textures/stairs_a.png
  artifactKey: Guid(115de000336353d4f822bcb224d8c6a3) Importer(2089858483,192608db42251d675da83286b1cce702)
Start importing Assets/SciFi Warehouse Kit/Art/Textures/stairs_a.png using Guid(115de000336353d4f822bcb224d8c6a3) Importer(2089858483,192608db42251d675da83286b1cce702) (ScriptedImporter) -> (artifact id: '37df30383edb38b299a989ddfda243ab') in 0.1207557 seconds
Number of updated asset objects reloaded before import = 0Number of asset objects unloaded after import = 1

========================================================================
Received Import Request.
  Time since last request: 0.000034 seconds.
  path: Assets/SciFi Warehouse Kit/Art/Textures/walkway_s.png
  artifactKey: Guid(d4a0192731ef5504687e44bbe0837a5f) Importer(2089858483,192608db42251d675da83286b1cce702)
Start importing Assets/SciFi Warehouse Kit/Art/Textures/walkway_s.png using Guid(d4a0192731ef5504687e44bbe0837a5f) Importer(2089858483,192608db42251d675da83286b1cce702) (ScriptedImporter) -> (artifact id: 'd67b1a022b78fca35588e408fc48af14') in 0.0794523 seconds
Number of updated asset objects reloaded before import = 0Number of asset objects unloaded after import = 1

========================================================================
Received Import Request.
  Time since last request: 0.000049 seconds.
  path: Assets/SciFi Warehouse Kit/Prefabs/Structures/Walls/Wall Plain.prefab
  artifactKey: Guid(b2452a5c2cd649a4db9eebcd16f7b155) Importer(2089858483,192608db42251d675da83286b1cce702)
Start importing Assets/SciFi Warehouse Kit/Prefabs/Structures/Walls/Wall Plain.prefab using Guid(b2452a5c2cd649a4db9eebcd16f7b155) Importer(2089858483,192608db42251d675da83286b1cce702) (ScriptedImporter) -> (artifact id: '3ac980fe91f788d3c8d09d77e9e5e460') in 0.0515467 seconds
Number of updated asset objects reloaded before import = 0Number of asset objects unloaded after import = 9

========================================================================
Received Import Request.
  Time since last request: 0.000229 seconds.
  path: Assets/SciFi Warehouse Kit/Art/Materials/Dune Skybox.mat
  artifactKey: Guid(a84eefbbeb2520d429b34ca8ea6b235f) Importer(2089858483,192608db42251d675da83286b1cce702)
Start importing Assets/SciFi Warehouse Kit/Art/Materials/Dune Skybox.mat using Guid(a84eefbbeb2520d429b34ca8ea6b235f) Importer(2089858483,192608db42251d675da83286b1cce702) (ScriptedImporter) -> (artifact id: '1c01fe17c724f6546218c58aa482d314') in 0.2072244 seconds
Number of updated asset objects reloaded before import = 0Number of asset objects unloaded after import = 7

========================================================================
Received Import Request.
  Time since last request: 0.000049 seconds.
  path: Assets/SciFi Warehouse Kit/Art/Meshes/Props/Ducts/Duct Elbow 01.fbx
  artifactKey: Guid(7d8f2af59bc0a8b44846abf7025a3645) Importer(2089858483,192608db42251d675da83286b1cce702)
Start importing Assets/SciFi Warehouse Kit/Art/Meshes/Props/Ducts/Duct Elbow 01.fbx using Guid(7d8f2af59bc0a8b44846abf7025a3645) Importer(2089858483,192608db42251d675da83286b1cce702) (ScriptedImporter) -> (artifact id: '5e361eb5a24d888b057281f3fc5c4ba6') in 0.296038 seconds
Number of updated asset objects reloaded before import = 0Number of asset objects unloaded after import = 8

========================================================================
Received Import Request.
  Time since last request: 0.000044 seconds.
  path: Assets/SciFi Warehouse Kit/Prefabs/Structures/Floor/Floor Tile 02.prefab
  artifactKey: Guid(aae952dc76387e84287a598d901b120d) Importer(2089858483,192608db42251d675da83286b1cce702)
Start importing Assets/SciFi Warehouse Kit/Prefabs/Structures/Floor/Floor Tile 02.prefab using Guid(aae952dc76387e84287a598d901b120d) Importer(2089858483,192608db42251d675da83286b1cce702) (ScriptedImporter) -> (artifact id: '54e3509b435f09d1222919f7894c286a') in 0.0441654 seconds
Number of updated asset objects reloaded before import = 0Number of asset objects unloaded after import = 9

========================================================================
Received Import Request.
  Time since last request: 0.000051 seconds.
  path: Assets/SciFi Warehouse Kit/Demo/Scripts/PlayRandomSound.cs
  artifactKey: Guid(fa804e3faf03f6e4c8bcc4681f3077fc) Importer(2089858483,192608db42251d675da83286b1cce702)
Start importing Assets/SciFi Warehouse Kit/Demo/Scripts/PlayRandomSound.cs using Guid(fa804e3faf03f6e4c8bcc4681f3077fc) Importer(2089858483,192608db42251d675da83286b1cce702) (ScriptedImporter) -> (artifact id: 'aac821835a6e2dea0778f3d8ce2ecfec') in 0.0257355 seconds
Number of updated asset objects reloaded before import = 0Number of asset objects unloaded after import = 0

========================================================================
Received Import Request.
  Time since last request: 0.000037 seconds.
  path: Assets/SciFi Warehouse Kit/Art/Materials/Pallet Mat.mat
  artifactKey: Guid(e2f46f807b3b19a4491e113702211cde) Importer(2089858483,192608db42251d675da83286b1cce702)
Start importing Assets/SciFi Warehouse Kit/Art/Materials/Pallet Mat.mat using Guid(e2f46f807b3b19a4491e113702211cde) Importer(2089858483,192608db42251d675da83286b1cce702) (ScriptedImporter) -> (artifact id: 'cb90ef079111badb0ad59daf0c7c80fd') in 0.1502132 seconds
Number of updated asset objects reloaded before import = 0Number of asset objects unloaded after import = 3

========================================================================
Received Import Request.
  Time since last request: 0.000047 seconds.
  path: Assets/SciFi Warehouse Kit/Prefabs/Props/Crates Barrels Pallets/Pallet Variations/Pallet Variation 09.prefab
  artifactKey: Guid(2f95fc8c5850f244490b2a999cdebf24) Importer(2089858483,3d70f49cd1c2eb9ae422958d1c652c6b)
Start importing Assets/SciFi Warehouse Kit/Prefabs/Props/Crates Barrels Pallets/Pallet Variations/Pallet Variation 09.prefab using Guid(2f95fc8c5850f244490b2a999cdebf24) Importer(2089858483,3d70f49cd1c2eb9ae422958d1c652c6b) (ScriptedImporter) -> (artifact id: 'd71244b44ff2f8385efe6d7a9de99c8b') in 0.0543403 seconds
Number of updated asset objects reloaded before import = 0Number of asset objects unloaded after import = 33

========================================================================
Received Import Request.
  Time since last request: 0.000046 seconds.
  path: Assets/SciFi Warehouse Kit/Art/Meshes/Structures/Corridors/Corridor Tee Lights.fbx
  artifactKey: Guid(f31206e3aa5c5ba4ca098413529f39f7) Importer(2089858483,192608db42251d675da83286b1cce702)
Start importing Assets/SciFi Warehouse Kit/Art/Meshes/Structures/Corridors/Corridor Tee Lights.fbx using Guid(f31206e3aa5c5ba4ca098413529f39f7) Importer(2089858483,192608db42251d675da83286b1cce702) (ScriptedImporter) -> (artifact id: '6ad8d845e7be40a80f7c006923047980') in 0.1310941 seconds
Number of updated asset objects reloaded before import = 0Number of asset objects unloaded after import = 34

========================================================================
Received Import Request.
  Time since last request: 0.000050 seconds.
  path: Assets/SciFi Warehouse Kit/Prefabs/Structures/Pillars and Beams/Wall Support.prefab
  artifactKey: Guid(20d9c287fff82dd49bc0a9b23650f1e1) Importer(2089858483,192608db42251d675da83286b1cce702)
Start importing Assets/SciFi Warehouse Kit/Prefabs/Structures/Pillars and Beams/Wall Support.prefab using Guid(20d9c287fff82dd49bc0a9b23650f1e1) Importer(2089858483,192608db42251d675da83286b1cce702) (ScriptedImporter) -> (artifact id: '8e87d031e5c6495de3848f6107175597') in 0.0838024 seconds
Number of updated asset objects reloaded before import = 0Number of asset objects unloaded after import = 9

========================================================================
Received Import Request.
  Time since last request: 0.000029 seconds.
  path: Assets/SciFi Warehouse Kit/Demo/Audio/SFX/background_rumble.wav
  artifactKey: Guid(e11a3f731847f0448845ec6c60b679ba) Importer(2089858483,192608db42251d675da83286b1cce702)
Start importing Assets/SciFi Warehouse Kit/Demo/Audio/SFX/background_rumble.wav using Guid(e11a3f731847f0448845ec6c60b679ba) Importer(2089858483,192608db42251d675da83286b1cce702) (ScriptedImporter) -> (artifact id: '6f423625e90df99b83c3aa52582fb478') in 0.5882485 seconds
Number of updated asset objects reloaded before import = 0Number of asset objects unloaded after import = 1

========================================================================
Received Import Request.
  Time since last request: 0.000062 seconds.
  path: Assets/SciFi Warehouse Kit/Prefabs/Structures/Structure Props/Pipes 02.prefab
  artifactKey: Guid(b091a5595b5f3e84c8aaa0f3b2bee8c4) Importer(2089858483,192608db42251d675da83286b1cce702)
Start importing Assets/SciFi Warehouse Kit/Prefabs/Structures/Structure Props/Pipes 02.prefab using Guid(b091a5595b5f3e84c8aaa0f3b2bee8c4) Importer(2089858483,192608db42251d675da83286b1cce702) (ScriptedImporter) -> (artifact id: '2ad44ca3467335874cc906e0d3d23fb4') in 0.0806986 seconds
Number of updated asset objects reloaded before import = 0Number of asset objects unloaded after import = 8

========================================================================
Received Import Request.
  Time since last request: 0.000042 seconds.
  path: Assets/SciFi Warehouse Kit/Art/Meshes/Structures/Structure Props/Exit Sign.fbx
  artifactKey: Guid(3fa91f9597108b24f81cd403a9b8070d) Importer(2089858483,192608db42251d675da83286b1cce702)
Start importing Assets/SciFi Warehouse Kit/Art/Meshes/Structures/Structure Props/Exit Sign.fbx using Guid(3fa91f9597108b24f81cd403a9b8070d) Importer(2089858483,192608db42251d675da83286b1cce702) (ScriptedImporter) -> (artifact id: '1ff36e0fac46fb95dc6f8cc000ae76c1') in 0.1401953 seconds
Number of updated asset objects reloaded before import = 0Number of asset objects unloaded after import = 14

========================================================================
Received Import Request.
  Time since last request: 0.000052 seconds.
  path: Assets/SciFi Warehouse Kit/Art/Meshes/Structures/Walls/Wall Fan.fbx
  artifactKey: Guid(3a8384e20c816134c8d4a4d359d33c29) Importer(2089858483,192608db42251d675da83286b1cce702)
Start importing Assets/SciFi Warehouse Kit/Art/Meshes/Structures/Walls/Wall Fan.fbx using Guid(3a8384e20c816134c8d4a4d359d33c29) Importer(2089858483,192608db42251d675da83286b1cce702) (ScriptedImporter) -> (artifact id: '0ce9660278d3bb1f99d1df07ce0ca6ca') in 0.378187 seconds
Number of updated asset objects reloaded before import = 0Number of asset objects unloaded after import = 34

========================================================================
Received Import Request.
  Time since last request: 0.000050 seconds.
  path: Assets/SciFi Warehouse Kit/Art/Materials/Extinguisher Mat.mat
  artifactKey: Guid(5f412f828842049469cab1389415984b) Importer(2089858483,192608db42251d675da83286b1cce702)
Start importing Assets/SciFi Warehouse Kit/Art/Materials/Extinguisher Mat.mat using Guid(5f412f828842049469cab1389415984b) Importer(2089858483,192608db42251d675da83286b1cce702) (ScriptedImporter) -> (artifact id: '24ba1ad623bc0a27595e9319f966f635') in 0.2756232 seconds
Number of updated asset objects reloaded before import = 0Number of asset objects unloaded after import = 3

========================================================================
Received Import Request.
  Time since last request: 0.000059 seconds.
  path: Assets/SciFi Warehouse Kit/Prefabs/Structures/Walls/Wall Window.prefab
  artifactKey: Guid(1b890216c6645c648bfde4c7ba8f0b08) Importer(2089858483,192608db42251d675da83286b1cce702)
Start importing Assets/SciFi Warehouse Kit/Prefabs/Structures/Walls/Wall Window.prefab using Guid(1b890216c6645c648bfde4c7ba8f0b08) Importer(2089858483,192608db42251d675da83286b1cce702) (ScriptedImporter) -> (artifact id: '24813c025e7494dcdcca348d60b28745') in 0.1403883 seconds
Number of updated asset objects reloaded before import = 0Number of asset objects unloaded after import = 20

========================================================================
Received Import Request.
  Time since last request: 0.001413 seconds.
  path: Assets/SciFi Warehouse Kit/Art/Meshes/Structures/Structure Props/Pipes 06.fbx
  artifactKey: Guid(42ac925616a01f646b63719209aa2be9) Importer(2089858483,192608db42251d675da83286b1cce702)
Start importing Assets/SciFi Warehouse Kit/Art/Meshes/Structures/Structure Props/Pipes 06.fbx using Guid(42ac925616a01f646b63719209aa2be9) Importer(2089858483,192608db42251d675da83286b1cce702) (ScriptedImporter) -> (artifact id: 'f592eae3b070aa31729020c2ff4dcf8c') in 0.3394135 seconds
Number of updated asset objects reloaded before import = 0Number of asset objects unloaded after import = 8

========================================================================
Received Import Request.
  Time since last request: 0.000065 seconds.
  path: Assets/SciFi Warehouse Kit/Art/Textures/structure_misc_r.png
  artifactKey: Guid(4c2c9ae5782671e478ab42ef29849ff6) Importer(2089858483,192608db42251d675da83286b1cce702)
Start importing Assets/SciFi Warehouse Kit/Art/Textures/structure_misc_r.png using Guid(4c2c9ae5782671e478ab42ef29849ff6) Importer(2089858483,192608db42251d675da83286b1cce702) (ScriptedImporter) -> (artifact id: '1c41d467c2b9084b32ffecfa1662217e') in 0.7771842 seconds
Number of updated asset objects reloaded before import = 0Number of asset objects unloaded after import = 1

========================================================================
Received Import Request.
  Time since last request: 0.000053 seconds.
  path: Assets/SciFi Warehouse Kit/Art/Meshes/Structures
  artifactKey: Guid(ad433b5767fe8d0408612a85d3b7ba3b) Importer(2089858483,192608db42251d675da83286b1cce702)
Start importing Assets/SciFi Warehouse Kit/Art/Meshes/Structures using Guid(ad433b5767fe8d0408612a85d3b7ba3b) Importer(2089858483,192608db42251d675da83286b1cce702) (ScriptedImporter) -> (artifact id: '55fda3de225b7b1971c391db2e046692') in 0.0347418 seconds
Number of updated asset objects reloaded before import = 0Number of asset objects unloaded after import = 1

========================================================================
Received Import Request.
  Time since last request: 0.000055 seconds.
  path: Assets/SciFi Warehouse Kit/Art/Textures/stairs_s.png
  artifactKey: Guid(136fee9638b763b40a19703de2f8a96f) Importer(2089858483,192608db42251d675da83286b1cce702)
Start importing Assets/SciFi Warehouse Kit/Art/Textures/stairs_s.png using Guid(136fee9638b763b40a19703de2f8a96f) Importer(2089858483,192608db42251d675da83286b1cce702) (ScriptedImporter) -> (artifact id: '9353d5054cbcffb8471e0a66a59ff938') in 0.1476433 seconds
Number of updated asset objects reloaded before import = 0Number of asset objects unloaded after import = 1

========================================================================
Received Import Request.
  Time since last request: 0.000047 seconds.
  path: Assets/SciFi Warehouse Kit/Art/Meshes/Structures/Pillars and Beams/Ceiling Beam.fbx
  artifactKey: Guid(c2a481fb44d768d48a5cb49f20379c15) Importer(2089858483,192608db42251d675da83286b1cce702)
Start importing Assets/SciFi Warehouse Kit/Art/Meshes/Structures/Pillars and Beams/Ceiling Beam.fbx using Guid(c2a481fb44d768d48a5cb49f20379c15) Importer(2089858483,192608db42251d675da83286b1cce702) (ScriptedImporter) -> (artifact id: 'c570ddda1843a27fa92c2ca17b5da206') in 0.2898271 seconds
Number of updated asset objects reloaded before import = 0Number of asset objects unloaded after import = 8

========================================================================
Received Import Request.
  Time since last request: 0.000075 seconds.
  path: Assets/SciFi Warehouse Kit/Art/Textures/shelf_s.png
  artifactKey: Guid(e02f929b02feb5d40a05be10163de3b9) Importer(2089858483,192608db42251d675da83286b1cce702)
Start importing Assets/SciFi Warehouse Kit/Art/Textures/shelf_s.png using Guid(e02f929b02feb5d40a05be10163de3b9) Importer(2089858483,192608db42251d675da83286b1cce702) (ScriptedImporter) -> (artifact id: '33fdb9c68c1e0f72837f3ae80ed0c3a9') in 0.2156857 seconds
Number of updated asset objects reloaded before import = 0Number of asset objects unloaded after import = 1

========================================================================
Received Import Request.
  Time since last request: 0.000045 seconds.
  path: Assets/SciFi Warehouse Kit/Prefabs/Props/Crates Barrels Pallets/Pallet Variations/Pallet Variation 04.prefab
  artifactKey: Guid(b0e81b98347f86e4b8f377f20dcc2a4e) Importer(2089858483,192608db42251d675da83286b1cce702)
Start importing Assets/SciFi Warehouse Kit/Prefabs/Props/Crates Barrels Pallets/Pallet Variations/Pallet Variation 04.prefab using Guid(b0e81b98347f86e4b8f377f20dcc2a4e) Importer(2089858483,192608db42251d675da83286b1cce702) (ScriptedImporter) -> (artifact id: '4e4259598f2528e8c0845c61879517ad') in 0.2474525 seconds
Number of updated asset objects reloaded before import = 0Number of asset objects unloaded after import = 27

========================================================================
Received Import Request.
  Time since last request: 0.000064 seconds.
  path: Assets/SciFi Warehouse Kit/Demo/Audio/SFX/pressure_release_01.wav
  artifactKey: Guid(10dbe0d3efc047c49ade2a16910ba3d5) Importer(2089858483,192608db42251d675da83286b1cce702)
Start importing Assets/SciFi Warehouse Kit/Demo/Audio/SFX/pressure_release_01.wav using Guid(10dbe0d3efc047c49ade2a16910ba3d5) Importer(2089858483,192608db42251d675da83286b1cce702) (ScriptedImporter) -> (artifact id: 'cb9224bdf3cf009e7d3c30ab4c4515d8') in 0.6302703 seconds
Number of updated asset objects reloaded before import = 0Number of asset objects unloaded after import = 1

========================================================================
Received Import Request.
  Time since last request: 0.000046 seconds.
  path: Assets/SciFi Warehouse Kit/Prefabs/Props/Misc Props/Hanging Light.prefab
  artifactKey: Guid(9f50fdb071f54674f8166b46f510ad84) Importer(2089858483,3d70f49cd1c2eb9ae422958d1c652c6b)
Start importing Assets/SciFi Warehouse Kit/Prefabs/Props/Misc Props/Hanging Light.prefab using Guid(9f50fdb071f54674f8166b46f510ad84) Importer(2089858483,3d70f49cd1c2eb9ae422958d1c652c6b) (ScriptedImporter) -> (artifact id: '026947921ba105c48aea11393ee6426d') in 0.1918324 seconds
Number of updated asset objects reloaded before import = 0Number of asset objects unloaded after import = 16

========================================================================
Received Import Request.
  Time since last request: 0.000050 seconds.
  path: Assets/SciFi Warehouse Kit/Prefabs/Structures/Corridors/Corridor Funnel.prefab
  artifactKey: Guid(5fe80adc9613d154d800b6453f8cdd3a) Importer(2089858483,3d70f49cd1c2eb9ae422958d1c652c6b)
Start importing Assets/SciFi Warehouse Kit/Prefabs/Structures/Corridors/Corridor Funnel.prefab using Guid(5fe80adc9613d154d800b6453f8cdd3a) Importer(2089858483,3d70f49cd1c2eb9ae422958d1c652c6b) (ScriptedImporter) -> (artifact id: '293e736878ef1712a0880c6d1c975123') in 0.2169718 seconds
Number of updated asset objects reloaded before import = 0Number of asset objects unloaded after import = 42

========================================================================
Received Import Request.
  Time since last request: 0.000048 seconds.
  path: Assets/SciFi Warehouse Kit/Art/Meshes/Structures/Structure Props/Sprinkler 01.fbx
  artifactKey: Guid(6ff928b531f791948891e792610e4af2) Importer(2089858483,192608db42251d675da83286b1cce702)
Start importing Assets/SciFi Warehouse Kit/Art/Meshes/Structures/Structure Props/Sprinkler 01.fbx using Guid(6ff928b531f791948891e792610e4af2) Importer(2089858483,192608db42251d675da83286b1cce702) (ScriptedImporter) -> (artifact id: 'a63abb3a6a1b8541da542810a1f778ad') in 0.2578521 seconds
Number of updated asset objects reloaded before import = 0Number of asset objects unloaded after import = 8

========================================================================
Received Import Request.
  Time since last request: 0.000059 seconds.
  path: Assets/SciFi Warehouse Kit/Prefabs/Structures/Corridors/Corridor Wide Corner.prefab
  artifactKey: Guid(01c384aacd76e1742a420e899cfbca6a) Importer(2089858483,3d70f49cd1c2eb9ae422958d1c652c6b)
Start importing Assets/SciFi Warehouse Kit/Prefabs/Structures/Corridors/Corridor Wide Corner.prefab using Guid(01c384aacd76e1742a420e899cfbca6a) Importer(2089858483,3d70f49cd1c2eb9ae422958d1c652c6b) (ScriptedImporter) -> (artifact id: '341ea81de35b522d23424b210b7201e5') in 0.2511954 seconds
Number of updated asset objects reloaded before import = 0Number of asset objects unloaded after import = 42

========================================================================
Received Import Request.
  Time since last request: 0.000042 seconds.
  path: Assets/SciFi Warehouse Kit/Prefabs/Structures/Structure Props/Pipes 06.prefab
  artifactKey: Guid(68b56f98a24210a4e82f6c092adcd68e) Importer(2089858483,192608db42251d675da83286b1cce702)
Start importing Assets/SciFi Warehouse Kit/Prefabs/Structures/Structure Props/Pipes 06.prefab using Guid(68b56f98a24210a4e82f6c092adcd68e) Importer(2089858483,192608db42251d675da83286b1cce702) (ScriptedImporter) -> (artifact id: '0a6029c09102f181c7fa57aea213cd9e') in 0.1064324 seconds
Number of updated asset objects reloaded before import = 0Number of asset objects unloaded after import = 8

========================================================================
Received Import Request.
  Time since last request: 0.000056 seconds.
  path: Assets/SciFi Warehouse Kit/Art/Textures/shelf_n.png
  artifactKey: Guid(a5d28b02fb2627442ab04901d5e442a0) Importer(2089858483,192608db42251d675da83286b1cce702)
Start importing Assets/SciFi Warehouse Kit/Art/Textures/shelf_n.png using Guid(a5d28b02fb2627442ab04901d5e442a0) Importer(2089858483,192608db42251d675da83286b1cce702) (ScriptedImporter) -> (artifact id: 'd54ef769a941842f78652c67b8c24467') in 0.1844842 seconds
Number of updated asset objects reloaded before import = 0Number of asset objects unloaded after import = 1

========================================================================
Received Import Request.
  Time since last request: 0.000040 seconds.
  path: Assets/SciFi Warehouse Kit/Art/Meshes/Props/Misc Props/Security Cam.fbx
  artifactKey: Guid(b242581fc7fd82a45b00226894da6bfb) Importer(2089858483,192608db42251d675da83286b1cce702)
Start importing Assets/SciFi Warehouse Kit/Art/Meshes/Props/Misc Props/Security Cam.fbx using Guid(b242581fc7fd82a45b00226894da6bfb) Importer(2089858483,192608db42251d675da83286b1cce702) (ScriptedImporter) -> (artifact id: 'fa9aefc21f64a9157272b09acc7990c9') in 1.2313769 seconds
Number of updated asset objects reloaded before import = 0Number of asset objects unloaded after import = 8

========================================================================
Received Import Request.
  Time since last request: 0.000059 seconds.
  path: Assets/SciFi Warehouse Kit/Prefabs/Structures/Structure Props/Sprinkler 03.prefab
  artifactKey: Guid(68c6dd8e7dfcdad4d9d3341eee9c5601) Importer(2089858483,192608db42251d675da83286b1cce702)
Start importing Assets/SciFi Warehouse Kit/Prefabs/Structures/Structure Props/Sprinkler 03.prefab using Guid(68c6dd8e7dfcdad4d9d3341eee9c5601) Importer(2089858483,192608db42251d675da83286b1cce702) (ScriptedImporter) -> (artifact id: '00ebe12d5921dab407f1a0ca81786716') in 0.436919 seconds
Number of updated asset objects reloaded before import = 0Number of asset objects unloaded after import = 8

========================================================================
Received Import Request.
  Time since last request: 0.000055 seconds.
  path: Assets/SciFi Warehouse Kit/Art/Textures/ceiling_tiles_s.png
  artifactKey: Guid(dda143ee4c6c60e4983056257841759b) Importer(2089858483,192608db42251d675da83286b1cce702)
Start importing Assets/SciFi Warehouse Kit/Art/Textures/ceiling_tiles_s.png using Guid(dda143ee4c6c60e4983056257841759b) Importer(2089858483,192608db42251d675da83286b1cce702) (ScriptedImporter) -> (artifact id: '15ec1c68bdbcfde370fc4d75b34e0452') in 0.4026788 seconds
Number of updated asset objects reloaded before import = 0Number of asset objects unloaded after import = 1

========================================================================
Received Import Request.
  Time since last request: 0.000070 seconds.
  path: Assets/SciFi Warehouse Kit/Art/Textures/ducts_pillars_n.png
  artifactKey: Guid(f6ec68a6be89a9841bf20be75db234d6) Importer(2089858483,192608db42251d675da83286b1cce702)
Start importing Assets/SciFi Warehouse Kit/Art/Textures/ducts_pillars_n.png using Guid(f6ec68a6be89a9841bf20be75db234d6) Importer(2089858483,192608db42251d675da83286b1cce702) (ScriptedImporter) -> (artifact id: '0962b1f592dcd9228bd5b179bd883984') in 0.4110793 seconds
Number of updated asset objects reloaded before import = 0Number of asset objects unloaded after import = 1

========================================================================
Received Import Request.
  Time since last request: 0.000042 seconds.
  path: Assets/SciFi Warehouse Kit/Prefabs/Structures/Corridors/Corridor Funnel.prefab
  artifactKey: Guid(5fe80adc9613d154d800b6453f8cdd3a) Importer(2089858483,192608db42251d675da83286b1cce702)
Start importing Assets/SciFi Warehouse Kit/Prefabs/Structures/Corridors/Corridor Funnel.prefab using Guid(5fe80adc9613d154d800b6453f8cdd3a) Importer(2089858483,192608db42251d675da83286b1cce702) (ScriptedImporter) -> (artifact id: 'e1bbe5c447a3025a3a79faba1e6a07fa') in 0.1596024 seconds
Number of updated asset objects reloaded before import = 0Number of asset objects unloaded after import = 37

========================================================================
Received Import Request.
  Time since last request: 0.000065 seconds.
  path: Assets/SciFi Warehouse Kit/Art/Meshes/Structures/Catwalk/Short Stairs.fbx
  artifactKey: Guid(66efbdba25775854a96fa31f4e19368f) Importer(2089858483,192608db42251d675da83286b1cce702)
Start importing Assets/SciFi Warehouse Kit/Art/Meshes/Structures/Catwalk/Short Stairs.fbx using Guid(66efbdba25775854a96fa31f4e19368f) Importer(2089858483,192608db42251d675da83286b1cce702) (ScriptedImporter) -> (artifact id: 'a12e937b2cd9f710170c07ab6e3ffc10') in 0.1673107 seconds
Number of updated asset objects reloaded before import = 0Number of asset objects unloaded after import = 14

========================================================================
Received Import Request.
  Time since last request: 0.000050 seconds.
  path: Assets/SciFi Warehouse Kit/Art/Materials/Vent Trans Mat.mat
  artifactKey: Guid(a9460b9bd02e92549826c6b8a736db94) Importer(2089858483,192608db42251d675da83286b1cce702)
Start importing Assets/SciFi Warehouse Kit/Art/Materials/Vent Trans Mat.mat using Guid(a9460b9bd02e92549826c6b8a736db94) Importer(2089858483,192608db42251d675da83286b1cce702) (ScriptedImporter) -> (artifact id: 'ed5dad2ce3ee13872c914234d3644c59') in 0.0996204 seconds
Number of updated asset objects reloaded before import = 0Number of asset objects unloaded after import = 3

========================================================================
Received Import Request.
  Time since last request: 0.000058 seconds.
  path: Assets/SciFi Warehouse Kit/Prefabs/Structures/Corridors/Corridor Tee Lights.prefab
  artifactKey: Guid(ad6aae32dd3eb844fa75e2a156bbe34f) Importer(2089858483,192608db42251d675da83286b1cce702)
Start importing Assets/SciFi Warehouse Kit/Prefabs/Structures/Corridors/Corridor Tee Lights.prefab using Guid(ad6aae32dd3eb844fa75e2a156bbe34f) Importer(2089858483,192608db42251d675da83286b1cce702) (ScriptedImporter) -> (artifact id: '56b4c3b728516ac78e7ee5d0ffbbd7aa') in 0.6710978 seconds
Number of updated asset objects reloaded before import = 0Number of asset objects unloaded after import = 37

========================================================================
Received Import Request.
  Time since last request: 0.000047 seconds.
  path: Assets/SciFi Warehouse Kit/Prefabs/Props/Ducts/Duct Elbow 02.prefab
  artifactKey: Guid(3f8fbe2b2e0fcda49bdf4860e8efd375) Importer(2089858483,3d70f49cd1c2eb9ae422958d1c652c6b)
Start importing Assets/SciFi Warehouse Kit/Prefabs/Props/Ducts/Duct Elbow 02.prefab using Guid(3f8fbe2b2e0fcda49bdf4860e8efd375) Importer(2089858483,3d70f49cd1c2eb9ae422958d1c652c6b) (ScriptedImporter) -> (artifact id: '304b569da6e3225a8a0572c7b625bdf0') in 0.1778173 seconds
Number of updated asset objects reloaded before import = 0Number of asset objects unloaded after import = 9

========================================================================
Received Import Request.
  Time since last request: 0.000059 seconds.
  path: Assets/SciFi Warehouse Kit/Art/Materials/Shelf Mat.mat
  artifactKey: Guid(1abdbba98f8ab9e4c99e138c1480ceaa) Importer(2089858483,192608db42251d675da83286b1cce702)
Start importing Assets/SciFi Warehouse Kit/Art/Materials/Shelf Mat.mat using Guid(1abdbba98f8ab9e4c99e138c1480ceaa) Importer(2089858483,192608db42251d675da83286b1cce702) (ScriptedImporter) -> (artifact id: 'afdffcba5c37bd5d5abf66503dab0ee0') in 0.2646002 seconds
Number of updated asset objects reloaded before import = 0Number of asset objects unloaded after import = 3

========================================================================
Received Import Request.
  Time since last request: 0.000049 seconds.
  path: Assets/SciFi Warehouse Kit/Prefabs/Structures/Structure Props/Fusebox 01.prefab
  artifactKey: Guid(3c19fd38539b7f04b90d35983ebc23cc) Importer(2089858483,3d70f49cd1c2eb9ae422958d1c652c6b)
Start importing Assets/SciFi Warehouse Kit/Prefabs/Structures/Structure Props/Fusebox 01.prefab using Guid(3c19fd38539b7f04b90d35983ebc23cc) Importer(2089858483,3d70f49cd1c2eb9ae422958d1c652c6b) (ScriptedImporter) -> (artifact id: 'ca9f597a48b4521f825d19db83c5e16e') in 0.1716669 seconds
Number of updated asset objects reloaded before import = 0Number of asset objects unloaded after import = 9

========================================================================
Received Import Request.
  Time since last request: 0.000043 seconds.
  path: Assets/SciFi Warehouse Kit/Prefabs/Props/Ducts/Duct Vent.prefab
  artifactKey: Guid(573ef1f633878a64f8caef594c1c31d5) Importer(2089858483,192608db42251d675da83286b1cce702)
Start importing Assets/SciFi Warehouse Kit/Prefabs/Props/Ducts/Duct Vent.prefab using Guid(573ef1f633878a64f8caef594c1c31d5) Importer(2089858483,192608db42251d675da83286b1cce702) (ScriptedImporter) -> (artifact id: '6e2684dfb8d84cb7fbe3c7c9224d767f') in 0.2793306 seconds
Number of updated asset objects reloaded before import = 0Number of asset objects unloaded after import = 9

========================================================================
Received Import Request.
  Time since last request: 0.000043 seconds.
  path: Assets/SciFi Warehouse Kit/Art/Meshes/Structures/Corridors/Corridor Wide.fbx
  artifactKey: Guid(0c7a4f4b9bbf44841812ab47fae3b382) Importer(2089858483,192608db42251d675da83286b1cce702)
Start importing Assets/SciFi Warehouse Kit/Art/Meshes/Structures/Corridors/Corridor Wide.fbx using Guid(0c7a4f4b9bbf44841812ab47fae3b382) Importer(2089858483,192608db42251d675da83286b1cce702) (ScriptedImporter) -> (artifact id: '74ba811706c05985510bc3546bfc3e89') in 0.3565517 seconds
Number of updated asset objects reloaded before import = 0Number of asset objects unloaded after import = 34

========================================================================
Received Import Request.
  Time since last request: 0.000055 seconds.
  path: Assets/SciFi Warehouse Kit/Demo/Audio
  artifactKey: Guid(a48864b1aa616c246988c7434e7eecf9) Importer(2089858483,192608db42251d675da83286b1cce702)
Start importing Assets/SciFi Warehouse Kit/Demo/Audio using Guid(a48864b1aa616c246988c7434e7eecf9) Importer(2089858483,192608db42251d675da83286b1cce702) (ScriptedImporter) -> (artifact id: 'a5a2aadf6775a9fd68d7838580b6b3e4') in 1.4285344 seconds
Number of updated asset objects reloaded before import = 0Number of asset objects unloaded after import = 1

========================================================================
Received Import Request.
  Time since last request: 0.000044 seconds.
  path: Assets/SciFi Warehouse Kit/Art/Textures/structure_props_s.png
  artifactKey: Guid(aa60ea3c5d53e5940a26d7f5b87c2055) Importer(2089858483,192608db42251d675da83286b1cce702)
Start importing Assets/SciFi Warehouse Kit/Art/Textures/structure_props_s.png using Guid(aa60ea3c5d53e5940a26d7f5b87c2055) Importer(2089858483,192608db42251d675da83286b1cce702) (ScriptedImporter) -> (artifact id: '36d458733cf042251e2a41fd78c7ea2f') in 0.1512454 seconds
Number of updated asset objects reloaded before import = 0Number of asset objects unloaded after import = 1

========================================================================
Received Import Request.
  Time since last request: 0.000056 seconds.
  path: Assets/SciFi Warehouse Kit/Art/Textures/extinguisher_s.png
  artifactKey: Guid(f946a027abe17c04c993b2385163fd73) Importer(2089858483,192608db42251d675da83286b1cce702)
Start importing Assets/SciFi Warehouse Kit/Art/Textures/extinguisher_s.png using Guid(f946a027abe17c04c993b2385163fd73) Importer(2089858483,192608db42251d675da83286b1cce702) (ScriptedImporter) -> (artifact id: '4a234e2169a02b485796bfb916a1af99') in 0.1686481 seconds
Number of updated asset objects reloaded before import = 0Number of asset objects unloaded after import = 1

========================================================================
Received Import Request.
  Time since last request: 0.000046 seconds.
  path: Assets/SciFi Warehouse Kit/Demo/Audio/Music/synthtrack.wav
  artifactKey: Guid(1d8ffbb70dc716646abe11dba492a567) Importer(2089858483,192608db42251d675da83286b1cce702)
Start importing Assets/SciFi Warehouse Kit/Demo/Audio/Music/synthtrack.wav using Guid(1d8ffbb70dc716646abe11dba492a567) Importer(2089858483,192608db42251d675da83286b1cce702) (ScriptedImporter) -> (artifact id: '44364304466b1be1db0328b96e28b217') in 1.564455 seconds
Number of updated asset objects reloaded before import = 0Number of asset objects unloaded after import = 1

========================================================================
Received Import Request.
  Time since last request: 0.000055 seconds.
  path: Assets/SciFi Warehouse Kit/Art/Meshes/Props/Crates Barrels Pallets/Barrel.fbx
  artifactKey: Guid(7b44d744f6c37d441952d043e70b584c) Importer(2089858483,192608db42251d675da83286b1cce702)
Start importing Assets/SciFi Warehouse Kit/Art/Meshes/Props/Crates Barrels Pallets/Barrel.fbx using Guid(7b44d744f6c37d441952d043e70b584c) Importer(2089858483,192608db42251d675da83286b1cce702) (ScriptedImporter) -> (artifact id: '6878796337f5018d0eebf02c08ebf292') in 0.346328 seconds
Number of updated asset objects reloaded before import = 0Number of asset objects unloaded after import = 8

========================================================================
Received Import Request.
  Time since last request: 0.000218 seconds.
  path: Assets/SciFi Warehouse Kit/Art/Meshes/Props
  artifactKey: Guid(852756fd6b4a6b94baee661ab8d6abd3) Importer(2089858483,192608db42251d675da83286b1cce702)
Start importing Assets/SciFi Warehouse Kit/Art/Meshes/Props using Guid(852756fd6b4a6b94baee661ab8d6abd3) Importer(2089858483,192608db42251d675da83286b1cce702) (ScriptedImporter) -> (artifact id: 'ba1fd1e0e67de22f2dc70e9745609fe8') in 0.0987093 seconds
Number of updated asset objects reloaded before import = 0Number of asset objects unloaded after import = 1

========================================================================
Received Import Request.
  Time since last request: 0.000047 seconds.
  path: Assets/SciFi Warehouse Kit/Prefabs/Structures/Corridors/Corridor Passthrough Lights.prefab
  artifactKey: Guid(eb2cfde91ad31bf4bad84b2c70e9816e) Importer(2089858483,192608db42251d675da83286b1cce702)
Start importing Assets/SciFi Warehouse Kit/Prefabs/Structures/Corridors/Corridor Passthrough Lights.prefab using Guid(eb2cfde91ad31bf4bad84b2c70e9816e) Importer(2089858483,192608db42251d675da83286b1cce702) (ScriptedImporter) -> (artifact id: '0c8e1567209b9a2458b559bd9be4df09') in 0.3371546 seconds
Number of updated asset objects reloaded before import = 0Number of asset objects unloaded after import = 38

========================================================================
Received Import Request.
  Time since last request: 0.000048 seconds.
  path: Assets/SciFi Warehouse Kit/Prefabs/Structures/Catwalk/Catwalk Rails Short.prefab
  artifactKey: Guid(e2065e8f29774454889634d57ec0a96f) Importer(2089858483,192608db42251d675da83286b1cce702)
Start importing Assets/SciFi Warehouse Kit/Prefabs/Structures/Catwalk/Catwalk Rails Short.prefab using Guid(e2065e8f29774454889634d57ec0a96f) Importer(2089858483,192608db42251d675da83286b1cce702) (ScriptedImporter) -> (artifact id: '91078c72792e9ffad68b7a152c5c5eec') in 0.175113 seconds
Number of updated asset objects reloaded before import = 0Number of asset objects unloaded after import = 9

========================================================================
Received Import Request.
  Time since last request: 0.000057 seconds.
  path: Assets/SciFi Warehouse Kit/Art/Materials/Ducts Pillars Mat.mat
  artifactKey: Guid(7a1ba1f8a9db2764ca5dab2fefd28478) Importer(2089858483,192608db42251d675da83286b1cce702)
Start importing Assets/SciFi Warehouse Kit/Art/Materials/Ducts Pillars Mat.mat using Guid(7a1ba1f8a9db2764ca5dab2fefd28478) Importer(2089858483,192608db42251d675da83286b1cce702) (ScriptedImporter) -> (artifact id: 'b32815b88eaa45603bec002761a54f78') in 0.3515422 seconds
Number of updated asset objects reloaded before import = 0Number of asset objects unloaded after import = 3

========================================================================
Received Import Request.
  Time since last request: 0.000044 seconds.
  path: Assets/SciFi Warehouse Kit/Art/Textures/barrel_n.png
  artifactKey: Guid(5541caacf9b1603498d5df299b5b9254) Importer(2089858483,192608db42251d675da83286b1cce702)
Start importing Assets/SciFi Warehouse Kit/Art/Textures/barrel_n.png using Guid(5541caacf9b1603498d5df299b5b9254) Importer(2089858483,192608db42251d675da83286b1cce702) (ScriptedImporter) -> (artifact id: '48294ea148e17525124611c8b3a6ce0a') in 0.3400578 seconds
Number of updated asset objects reloaded before import = 0Number of asset objects unloaded after import = 1

========================================================================
Received Import Request.
  Time since last request: 0.000053 seconds.
  path: Assets/SciFi Warehouse Kit/Art/Textures/bay_door_a.png
  artifactKey: Guid(0803de6fb69eb4640bf630942f58b5fc) Importer(2089858483,192608db42251d675da83286b1cce702)
Start importing Assets/SciFi Warehouse Kit/Art/Textures/bay_door_a.png using Guid(0803de6fb69eb4640bf630942f58b5fc) Importer(2089858483,192608db42251d675da83286b1cce702) (ScriptedImporter) -> (artifact id: '41d7f28e36789207817a3e28e06dad74') in 0.1074807 seconds
Number of updated asset objects reloaded before import = 0Number of asset objects unloaded after import = 1

========================================================================
Received Import Request.
  Time since last request: 0.000037 seconds.
  path: Assets/SciFi Warehouse Kit/Art/Meshes/Structures/Corridors/Corridor Incline Full.fbx
  artifactKey: Guid(e76df27ac8248984b956e0afc508c53d) Importer(2089858483,192608db42251d675da83286b1cce702)
Start importing Assets/SciFi Warehouse Kit/Art/Meshes/Structures/Corridors/Corridor Incline Full.fbx using Guid(e76df27ac8248984b956e0afc508c53d) Importer(2089858483,192608db42251d675da83286b1cce702) (ScriptedImporter) -> (artifact id: '17e1540c1fcdaf15d607d441daa97d88') in 0.3417618 seconds
Number of updated asset objects reloaded before import = 0Number of asset objects unloaded after import = 39

========================================================================
Received Import Request.
  Time since last request: 0.004141 seconds.
  path: Assets/SciFi Warehouse Kit/Art/Textures/security_cam_r.png
  artifactKey: Guid(5a9abbaa4d9e6844ebc282cd137b179e) Importer(2089858483,192608db42251d675da83286b1cce702)
Start importing Assets/SciFi Warehouse Kit/Art/Textures/security_cam_r.png using Guid(5a9abbaa4d9e6844ebc282cd137b179e) Importer(2089858483,192608db42251d675da83286b1cce702) (ScriptedImporter) -> (artifact id: '658aec4fad4a4edd8f356bfb3b97542d') in 0.2430243 seconds
Number of updated asset objects reloaded before import = 0Number of asset objects unloaded after import = 1

========================================================================
Received Import Request.
  Time since last request: 0.000042 seconds.
  path: Assets/SciFi Warehouse Kit/Art/Textures/cart_s.png
  artifactKey: Guid(db041cc12cae8df4e9eb1513da95a00e) Importer(2089858483,192608db42251d675da83286b1cce702)
Start importing Assets/SciFi Warehouse Kit/Art/Textures/cart_s.png using Guid(db041cc12cae8df4e9eb1513da95a00e) Importer(2089858483,192608db42251d675da83286b1cce702) (ScriptedImporter) -> (artifact id: '16c52f5fc8ff1e2a5cf54c3fd031781a') in 0.1995255 seconds
Number of updated asset objects reloaded before import = 0Number of asset objects unloaded after import = 1

========================================================================
Received Import Request.
  Time since last request: 0.000057 seconds.
  path: Assets/SciFi Warehouse Kit/Prefabs/Structures/Corridors/Corridor Deadend.prefab
  artifactKey: Guid(711016e15dc0bf14c91cd472ebddb879) Importer(2089858483,192608db42251d675da83286b1cce702)
Start importing Assets/SciFi Warehouse Kit/Prefabs/Structures/Corridors/Corridor Deadend.prefab using Guid(711016e15dc0bf14c91cd472ebddb879) Importer(2089858483,192608db42251d675da83286b1cce702) (ScriptedImporter) -> (artifact id: 'eda334311fe493872bcece00d3cd24e0') in 0.181928 seconds
Number of updated asset objects reloaded before import = 0Number of asset objects unloaded after import = 9

========================================================================
Received Import Request.
  Time since last request: 0.000042 seconds.
  path: Assets/SciFi Warehouse Kit/Art/Materials/Structure Props Mat.mat
  artifactKey: Guid(29be84a8421dddd4481c7c1a37d5dc90) Importer(2089858483,192608db42251d675da83286b1cce702)
Start importing Assets/SciFi Warehouse Kit/Art/Materials/Structure Props Mat.mat using Guid(29be84a8421dddd4481c7c1a37d5dc90) Importer(2089858483,192608db42251d675da83286b1cce702) (ScriptedImporter) -> (artifact id: '1bba979d09dfd9aad156a1fa78a5db21') in 0.1483388 seconds
Number of updated asset objects reloaded before import = 0Number of asset objects unloaded after import = 3

========================================================================
Received Import Request.
  Time since last request: 0.000061 seconds.
  path: Assets/SciFi Warehouse Kit/Prefabs/Props/Crates Barrels Pallets/Pallet Variations/Pallet Variation 06.prefab
  artifactKey: Guid(1b2e0c15a34b5e24ea266246ee7534f8) Importer(2089858483,192608db42251d675da83286b1cce702)
Start importing Assets/SciFi Warehouse Kit/Prefabs/Props/Crates Barrels Pallets/Pallet Variations/Pallet Variation 06.prefab using Guid(1b2e0c15a34b5e24ea266246ee7534f8) Importer(2089858483,192608db42251d675da83286b1cce702) (ScriptedImporter) -> (artifact id: 'a4f3af648c31d7ebeb65d5554787aec9') in 0.1612939 seconds
Number of updated asset objects reloaded before import = 0Number of asset objects unloaded after import = 30

========================================================================
Received Import Request.
  Time since last request: 0.000047 seconds.
  path: Assets/SciFi Warehouse Kit/Prefabs/Props/Shelves/Shelf Variation 02.prefab
  artifactKey: Guid(5c1b535d3782bee49819656f221e56de) Importer(2089858483,192608db42251d675da83286b1cce702)
Start importing Assets/SciFi Warehouse Kit/Prefabs/Props/Shelves/Shelf Variation 02.prefab using Guid(5c1b535d3782bee49819656f221e56de) Importer(2089858483,192608db42251d675da83286b1cce702) (ScriptedImporter) -> (artifact id: 'adeaec2919b445c26a9f30ab85f33ebf') in 0.2582374 seconds
Number of updated asset objects reloaded before import = 0Number of asset objects unloaded after import = 211

========================================================================
Received Import Request.
  Time since last request: 0.000065 seconds.
  path: Assets/SciFi Warehouse Kit/Art/Textures/Skybox/Front.png
  artifactKey: Guid(e4b329141c218da4e85a06e04de20385) Importer(2089858483,192608db42251d675da83286b1cce702)
Start importing Assets/SciFi Warehouse Kit/Art/Textures/Skybox/Front.png using Guid(e4b329141c218da4e85a06e04de20385) Importer(2089858483,192608db42251d675da83286b1cce702) (ScriptedImporter) -> (artifact id: 'bc08697c91da06d044de9069eb2b0393') in 0.3009298 seconds
Number of updated asset objects reloaded before import = 0Number of asset objects unloaded after import = 1

========================================================================
Received Import Request.
  Time since last request: 0.000049 seconds.
  path: Assets/SciFi Warehouse Kit/Art/Textures/walls_r.png
  artifactKey: Guid(74784f858e1a70842a44ed79e28364fe) Importer(2089858483,192608db42251d675da83286b1cce702)
Start importing Assets/SciFi Warehouse Kit/Art/Textures/walls_r.png using Guid(74784f858e1a70842a44ed79e28364fe) Importer(2089858483,192608db42251d675da83286b1cce702) (ScriptedImporter) -> (artifact id: '7e67433f76c792a88a52a8e56b5abffb') in 0.3152508 seconds
Number of updated asset objects reloaded before import = 0Number of asset objects unloaded after import = 1

========================================================================
Received Import Request.
  Time since last request: 0.000068 seconds.
  path: Assets/SciFi Warehouse Kit/Art/Meshes/Structures/Catwalk
  artifactKey: Guid(b4254dcdedf24bd40bffd7aa74756267) Importer(2089858483,192608db42251d675da83286b1cce702)
Start importing Assets/SciFi Warehouse Kit/Art/Meshes/Structures/Catwalk using Guid(b4254dcdedf24bd40bffd7aa74756267) Importer(2089858483,192608db42251d675da83286b1cce702) (ScriptedImporter) -> (artifact id: '27a91dabe48a38d6949db27505d378b7') in 0.034414 seconds
Number of updated asset objects reloaded before import = 0Number of asset objects unloaded after import = 1

========================================================================
Received Import Request.
  Time since last request: 0.000046 seconds.
  path: Assets/SciFi Warehouse Kit/Prefabs/Structures/Pillars and Beams/Pillar.prefab
  artifactKey: Guid(811bf22db94faad418fb6fdfffe14569) Importer(2089858483,192608db42251d675da83286b1cce702)
Start importing Assets/SciFi Warehouse Kit/Prefabs/Structures/Pillars and Beams/Pillar.prefab using Guid(811bf22db94faad418fb6fdfffe14569) Importer(2089858483,192608db42251d675da83286b1cce702) (ScriptedImporter) -> (artifact id: 'c5223fd6a1768df7cf3fb37efe511339') in 0.1171539 seconds
Number of updated asset objects reloaded before import = 0Number of asset objects unloaded after import = 9

========================================================================
Received Import Request.
  Time since last request: 0.000058 seconds.
  path: Assets/SciFi Warehouse Kit/Art/Textures/ceiling_window_a.png
  artifactKey: Guid(123b65855d59bb945af2a546b44a7e27) Importer(2089858483,192608db42251d675da83286b1cce702)
Start importing Assets/SciFi Warehouse Kit/Art/Textures/ceiling_window_a.png using Guid(123b65855d59bb945af2a546b44a7e27) Importer(2089858483,192608db42251d675da83286b1cce702) (ScriptedImporter) -> (artifact id: 'c45a9b22f53907f39be00e6840e2018d') in 0.3548214 seconds
Number of updated asset objects reloaded before import = 0Number of asset objects unloaded after import = 1

========================================================================
Received Import Request.
  Time since last request: 0.000037 seconds.
  path: Assets/SciFi Warehouse Kit/Art/Textures/light_bulb_a.png
  artifactKey: Guid(07d028a3c7eb59a4096db36b25b60ab4) Importer(2089858483,192608db42251d675da83286b1cce702)
Start importing Assets/SciFi Warehouse Kit/Art/Textures/light_bulb_a.png using Guid(07d028a3c7eb59a4096db36b25b60ab4) Importer(2089858483,192608db42251d675da83286b1cce702) (ScriptedImporter) -> (artifact id: 'd07fde26f57b1767eec570bed656494f') in 0.2210272 seconds
Number of updated asset objects reloaded before import = 0Number of asset objects unloaded after import = 1

========================================================================
Received Import Request.
  Time since last request: 0.000061 seconds.
  path: Assets/SciFi Warehouse Kit/Prefabs/Props/Crates Barrels Pallets/Pallet Variations/Pallet Variation 09.prefab
  artifactKey: Guid(2f95fc8c5850f244490b2a999cdebf24) Importer(2089858483,192608db42251d675da83286b1cce702)
Start importing Assets/SciFi Warehouse Kit/Prefabs/Props/Crates Barrels Pallets/Pallet Variations/Pallet Variation 09.prefab using Guid(2f95fc8c5850f244490b2a999cdebf24) Importer(2089858483,192608db42251d675da83286b1cce702) (ScriptedImporter) -> (artifact id: 'ed6b4a575dfbad82755d453d9cefa2fa') in 0.208986 seconds
Number of updated asset objects reloaded before import = 0Number of asset objects unloaded after import = 24

========================================================================
Received Import Request.
  Time since last request: 0.000055 seconds.
  path: Assets/SciFi Warehouse Kit/Art/Materials/barrel_s.mat
  artifactKey: Guid(61618e2271b3bdb47b5b4c628d9b092c) Importer(2089858483,192608db42251d675da83286b1cce702)
Start importing Assets/SciFi Warehouse Kit/Art/Materials/barrel_s.mat using Guid(61618e2271b3bdb47b5b4c628d9b092c) Importer(2089858483,192608db42251d675da83286b1cce702) (ScriptedImporter) -> (artifact id: '8da711b4f3c54fc4bf676a9a4e18cd49') in 0.1094306 seconds
Number of updated asset objects reloaded before import = 0Number of asset objects unloaded after import = 2

========================================================================
Received Import Request.
  Time since last request: 0.000053 seconds.
  path: Assets/SciFi Warehouse Kit/Prefabs/Props/Crates Barrels Pallets/Pallet Variations/Pallet Variation 03.prefab
  artifactKey: Guid(e02a45feff251dc44bcb22375712232e) Importer(2089858483,192608db42251d675da83286b1cce702)
Start importing Assets/SciFi Warehouse Kit/Prefabs/Props/Crates Barrels Pallets/Pallet Variations/Pallet Variation 03.prefab using Guid(e02a45feff251dc44bcb22375712232e) Importer(2089858483,192608db42251d675da83286b1cce702) (ScriptedImporter) -> (artifact id: '49d17a34c382c7fc672b4891251fd1bf') in 0.1855476 seconds
Number of updated asset objects reloaded before import = 0Number of asset objects unloaded after import = 26

========================================================================
Received Import Request.
  Time since last request: 0.000057 seconds.
  path: Assets/SciFi Warehouse Kit/Art/Meshes/Structures/Catwalk/Catwalk Pillar 02.fbx
  artifactKey: Guid(5b5b79d7bf468d14999a15ed364a36e8) Importer(2089858483,192608db42251d675da83286b1cce702)
Start importing Assets/SciFi Warehouse Kit/Art/Meshes/Structures/Catwalk/Catwalk Pillar 02.fbx using Guid(5b5b79d7bf468d14999a15ed364a36e8) Importer(2089858483,192608db42251d675da83286b1cce702) (ScriptedImporter) -> (artifact id: '83f16f9f1c0870828dcdab7eb968651e') in 0.1744405 seconds
Number of updated asset objects reloaded before import = 0Number of asset objects unloaded after import = 8

========================================================================
Received Import Request.
  Time since last request: 0.000051 seconds.
  path: Assets/SciFi Warehouse Kit/Art/Meshes/Structures/Corridors/Corridor Corner Lights.fbx
  artifactKey: Guid(4ce6b0c7f72eca64281331f29fa951bf) Importer(2089858483,192608db42251d675da83286b1cce702)
Start importing Assets/SciFi Warehouse Kit/Art/Meshes/Structures/Corridors/Corridor Corner Lights.fbx using Guid(4ce6b0c7f72eca64281331f29fa951bf) Importer(2089858483,192608db42251d675da83286b1cce702) (ScriptedImporter) -> (artifact id: '1d68cea7605c2c85bd327f80a692cd18') in 0.271341 seconds
Number of updated asset objects reloaded before import = 0Number of asset objects unloaded after import = 34

========================================================================
Received Import Request.
  Time since last request: 0.000036 seconds.
  path: Assets/SciFi Warehouse Kit/Prefabs/Structures/Structure Props/Fusebox 02.prefab
  artifactKey: Guid(a1c3fdb86a0adcd46ab019295d74504c) Importer(2089858483,192608db42251d675da83286b1cce702)
Start importing Assets/SciFi Warehouse Kit/Prefabs/Structures/Structure Props/Fusebox 02.prefab using Guid(a1c3fdb86a0adcd46ab019295d74504c) Importer(2089858483,192608db42251d675da83286b1cce702) (ScriptedImporter) -> (artifact id: 'dc35b34921f17aebfe2993eeb0d23153') in 0.0566434 seconds
Number of updated asset objects reloaded before import = 0Number of asset objects unloaded after import = 9

========================================================================
Received Import Request.
  Time since last request: 0.000048 seconds.
  path: Assets/SciFi Warehouse Kit/Art/Meshes/Props/Ducts/Duct Straight.fbx
  artifactKey: Guid(43901d630c7174040b7ca11548b6d61b) Importer(2089858483,192608db42251d675da83286b1cce702)
Start importing Assets/SciFi Warehouse Kit/Art/Meshes/Props/Ducts/Duct Straight.fbx using Guid(43901d630c7174040b7ca11548b6d61b) Importer(2089858483,192608db42251d675da83286b1cce702) (ScriptedImporter) -> (artifact id: '6d27928e3f546c00933df4c7de7c4f11') in 0.0735568 seconds
Number of updated asset objects reloaded before import = 0Number of asset objects unloaded after import = 8

========================================================================
Received Import Request.
  Time since last request: 0.000041 seconds.
  path: Assets/SciFi Warehouse Kit/Art/Meshes/Structures/Corridors/Corridor Incline Half.fbx
  artifactKey: Guid(478aba8303f167c47b6953d46c488da0) Importer(2089858483,192608db42251d675da83286b1cce702)
Start importing Assets/SciFi Warehouse Kit/Art/Meshes/Structures/Corridors/Corridor Incline Half.fbx using Guid(478aba8303f167c47b6953d46c488da0) Importer(2089858483,192608db42251d675da83286b1cce702) (ScriptedImporter) -> (artifact id: '15b084c97950dc2bf75d67757d8e342f') in 0.2323997 seconds
Number of updated asset objects reloaded before import = 0Number of asset objects unloaded after import = 39

========================================================================
Received Import Request.
  Time since last request: 0.000061 seconds.
  path: Assets/SciFi Warehouse Kit/Prefabs
  artifactKey: Guid(4f2c79c5874c642489b8485f052249f7) Importer(2089858483,192608db42251d675da83286b1cce702)
Start importing Assets/SciFi Warehouse Kit/Prefabs using Guid(4f2c79c5874c642489b8485f052249f7) Importer(2089858483,192608db42251d675da83286b1cce702) (ScriptedImporter) -> (artifact id: '7a9d366ed5c1a2a8083626b5165b728e') in 0.0591818 seconds
Number of updated asset objects reloaded before import = 0Number of asset objects unloaded after import = 1

========================================================================
Received Import Request.
  Time since last request: 0.000031 seconds.
  path: Assets/SciFi Warehouse Kit/Art/Meshes/Structures/Corridors/Corridor Passthrough Lights.fbx
  artifactKey: Guid(a595069cbc2793340bd5a19a73b90c5c) Importer(2089858483,192608db42251d675da83286b1cce702)
Start importing Assets/SciFi Warehouse Kit/Art/Meshes/Structures/Corridors/Corridor Passthrough Lights.fbx using Guid(a595069cbc2793340bd5a19a73b90c5c) Importer(2089858483,192608db42251d675da83286b1cce702) (ScriptedImporter) -> (artifact id: 'dbe785c2498a2d15e64b28d3cba37400') in 0.1984042 seconds
Number of updated asset objects reloaded before import = 0Number of asset objects unloaded after import = 34

========================================================================
Received Import Request.
  Time since last request: 0.000158 seconds.
  path: Assets/SciFi Warehouse Kit/Prefabs/Structures/Walls/Wall Fan.prefab
  artifactKey: Guid(0a65198f3cbcab345bc0b33f23a45e76) Importer(2089858483,192608db42251d675da83286b1cce702)
Start importing Assets/SciFi Warehouse Kit/Prefabs/Structures/Walls/Wall Fan.prefab using Guid(0a65198f3cbcab345bc0b33f23a45e76) Importer(2089858483,192608db42251d675da83286b1cce702) (ScriptedImporter) -> (artifact id: 'eb5572e33366197b709c56717c2e7de1') in 0.3995675 seconds
Number of updated asset objects reloaded before import = 0Number of asset objects unloaded after import = 36

========================================================================
Received Import Request.
  Time since last request: 0.000036 seconds.
  path: Assets/SciFi Warehouse Kit/Art/Meshes/Structures/Catwalk/Catwalk Long Rails.fbx
  artifactKey: Guid(456faba3775baea40800d023c374e1be) Importer(2089858483,192608db42251d675da83286b1cce702)
Start importing Assets/SciFi Warehouse Kit/Art/Meshes/Structures/Catwalk/Catwalk Long Rails.fbx using Guid(456faba3775baea40800d023c374e1be) Importer(2089858483,192608db42251d675da83286b1cce702) (ScriptedImporter) -> (artifact id: '3ff088753e01c4d8935212c09533366c') in 0.1278275 seconds
Number of updated asset objects reloaded before import = 0Number of asset objects unloaded after import = 8

========================================================================
Received Import Request.
  Time since last request: 0.000052 seconds.
  path: Assets/SciFi Warehouse Kit/Prefabs/Props/Misc Props
  artifactKey: Guid(52fa2bd420e3dee4b90edcf40dd7264d) Importer(2089858483,192608db42251d675da83286b1cce702)
Start importing Assets/SciFi Warehouse Kit/Prefabs/Props/Misc Props using Guid(52fa2bd420e3dee4b90edcf40dd7264d) Importer(2089858483,192608db42251d675da83286b1cce702) (ScriptedImporter) -> (artifact id: '8731ddb6bad81d157744c7c368adfa50') in 0.0500413 seconds
Number of updated asset objects reloaded before import = 0Number of asset objects unloaded after import = 1

========================================================================
Received Import Request.
  Time since last request: 0.000041 seconds.
  path: Assets/SciFi Warehouse Kit/Prefabs/Props/Crates Barrels Pallets/Barrel.prefab
  artifactKey: Guid(1e3974e3db8c48c41b2604d2478e7e9e) Importer(2089858483,3d70f49cd1c2eb9ae422958d1c652c6b)
Start importing Assets/SciFi Warehouse Kit/Prefabs/Props/Crates Barrels Pallets/Barrel.prefab using Guid(1e3974e3db8c48c41b2604d2478e7e9e) Importer(2089858483,3d70f49cd1c2eb9ae422958d1c652c6b) (ScriptedImporter) -> (artifact id: '2f1e769dc63f4dcd282faf4e0f872e7e') in 0.0352116 seconds
Number of updated asset objects reloaded before import = 0Number of asset objects unloaded after import = 9

========================================================================
Received Import Request.
  Time since last request: 0.000034 seconds.
  path: Assets/SciFi Warehouse Kit/Prefabs/Structures/Corridors/Corridor Passthrough Windows.prefab
  artifactKey: Guid(91b8fa9065e2bc041ba30dded191b2a6) Importer(2089858483,3d70f49cd1c2eb9ae422958d1c652c6b)
Start importing Assets/SciFi Warehouse Kit/Prefabs/Structures/Corridors/Corridor Passthrough Windows.prefab using Guid(91b8fa9065e2bc041ba30dded191b2a6) Importer(2089858483,3d70f49cd1c2eb9ae422958d1c652c6b) (ScriptedImporter) -> (artifact id: '3749c2af248fd224b0b89aa840276784') in 0.0384265 seconds
Number of updated asset objects reloaded before import = 0Number of asset objects unloaded after import = 47

========================================================================
Received Import Request.
  Time since last request: 0.000018 seconds.
  path: Assets/SciFi Warehouse Kit/Demo/Scripts/PushPhysics.cs
  artifactKey: Guid(d0b3d149154e23543992bf2ff78e15ad) Importer(2089858483,192608db42251d675da83286b1cce702)
Start importing Assets/SciFi Warehouse Kit/Demo/Scripts/PushPhysics.cs using Guid(d0b3d149154e23543992bf2ff78e15ad) Importer(2089858483,192608db42251d675da83286b1cce702) (ScriptedImporter) -> (artifact id: '180ad832dd7a3761ab8f17d221d6d974') in 0.0278466 seconds
Number of updated asset objects reloaded before import = 0Number of asset objects unloaded after import = 0

========================================================================
Received Import Request.
  Time since last request: 0.000018 seconds.
  path: Assets/SciFi Warehouse Kit/Art/Meshes/Structures/Catwalk/Catwalk Pillar Rails.fbx
  artifactKey: Guid(5a4645c9d2fbfc64a8e636733c22e176) Importer(2089858483,192608db42251d675da83286b1cce702)
Start importing Assets/SciFi Warehouse Kit/Art/Meshes/Structures/Catwalk/Catwalk Pillar Rails.fbx using Guid(5a4645c9d2fbfc64a8e636733c22e176) Importer(2089858483,192608db42251d675da83286b1cce702) (ScriptedImporter) -> (artifact id: 'a479cd166dcd0b6759e05c7afc63ca72') in 0.0310999 seconds
Number of updated asset objects reloaded before import = 0Number of asset objects unloaded after import = 8

========================================================================
Received Import Request.
  Time since last request: 0.000022 seconds.
  path: Assets/Settings/Very Low_PipelineAsset_ForwardRenderer.asset
  artifactKey: Guid(2e127e0ce86e3f14c9eba1642619ae41) Importer(2089858483,3d70f49cd1c2eb9ae422958d1c652c6b)
Start importing Assets/Settings/Very Low_PipelineAsset_ForwardRenderer.asset using Guid(2e127e0ce86e3f14c9eba1642619ae41) Importer(2089858483,3d70f49cd1c2eb9ae422958d1c652c6b) (ScriptedImporter) -> (artifact id: '212c9a40fa1a345aff1264b1de8986fe') in 0.0200887 seconds
Number of updated asset objects reloaded before import = 0Number of asset objects unloaded after import = 0

========================================================================
Received Import Request.
  Time since last request: 0.000031 seconds.
  path: Assets/SciFi Warehouse Kit/Prefabs/Props/Crates Barrels Pallets/Pallet Variations/Pallet Variation 01.prefab
  artifactKey: Guid(350af83ef7fbacf4c81d93aaca7de956) Importer(2089858483,192608db42251d675da83286b1cce702)
Start importing Assets/SciFi Warehouse Kit/Prefabs/Props/Crates Barrels Pallets/Pallet Variations/Pallet Variation 01.prefab using Guid(350af83ef7fbacf4c81d93aaca7de956) Importer(2089858483,192608db42251d675da83286b1cce702) (ScriptedImporter) -> (artifact id: '597ac717fe145a487ddd5dce8fe27191') in 0.0352341 seconds
Number of updated asset objects reloaded before import = 0Number of asset objects unloaded after import = 22

========================================================================
Received Import Request.
  Time since last request: 0.000030 seconds.
  path: Assets/SciFi Warehouse Kit/Prefabs/Props/Misc Props/Fire Extinguisher.prefab
  artifactKey: Guid(300abc4d244c9784cb330753dcf797e4) Importer(2089858483,3d70f49cd1c2eb9ae422958d1c652c6b)
Start importing Assets/SciFi Warehouse Kit/Prefabs/Props/Misc Props/Fire Extinguisher.prefab using Guid(300abc4d244c9784cb330753dcf797e4) Importer(2089858483,3d70f49cd1c2eb9ae422958d1c652c6b) (ScriptedImporter) -> (artifact id: '62900a9699ad3e5f4df88b7da2cb8dc8') in 0.022684 seconds
Number of updated asset objects reloaded before import = 0Number of asset objects unloaded after import = 9

========================================================================
Received Import Request.
  Time since last request: 0.000023 seconds.
  path: Assets/SciFi Warehouse Kit/Art/Textures/garbage_bin_a.png
  artifactKey: Guid(d9ae4d3b69f59704c9887f5ceb6ff8b6) Importer(2089858483,192608db42251d675da83286b1cce702)
Start importing Assets/SciFi Warehouse Kit/Art/Textures/garbage_bin_a.png using Guid(d9ae4d3b69f59704c9887f5ceb6ff8b6) Importer(2089858483,192608db42251d675da83286b1cce702) (ScriptedImporter) -> (artifact id: '71709f58508efd3047dc7f31e4c8641c') in 0.0349152 seconds
Number of updated asset objects reloaded before import = 0Number of asset objects unloaded after import = 1

========================================================================
Received Import Request.
  Time since last request: 0.000020 seconds.
  path: Assets/SciFi Warehouse Kit/Prefabs/Props/Ducts/Duct Elbow 01.prefab
  artifactKey: Guid(ead50481603138344b8c40cf80a27232) Importer(2089858483,3d70f49cd1c2eb9ae422958d1c652c6b)
Start importing Assets/SciFi Warehouse Kit/Prefabs/Props/Ducts/Duct Elbow 01.prefab using Guid(ead50481603138344b8c40cf80a27232) Importer(2089858483,3d70f49cd1c2eb9ae422958d1c652c6b) (ScriptedImporter) -> (artifact id: '7471189de76aebe662614f642c6e46b2') in 0.0258573 seconds
Number of updated asset objects reloaded before import = 0Number of asset objects unloaded after import = 9

========================================================================
Received Import Request.
  Time since last request: 0.000034 seconds.
  path: Assets/SciFi Warehouse Kit/Art/Textures/crate_long_s.png
  artifactKey: Guid(1bc505be19f19b74d87604d3159f4656) Importer(2089858483,192608db42251d675da83286b1cce702)
Start importing Assets/SciFi Warehouse Kit/Art/Textures/crate_long_s.png using Guid(1bc505be19f19b74d87604d3159f4656) Importer(2089858483,192608db42251d675da83286b1cce702) (ScriptedImporter) -> (artifact id: '4f44415021624336cb4f459bfa2ae2f7') in 0.0422212 seconds
Number of updated asset objects reloaded before import = 0Number of asset objects unloaded after import = 1

========================================================================
Received Import Request.
  Time since last request: 0.000020 seconds.
  path: Assets/SciFi Warehouse Kit/Art/Meshes/Structures/Corridors/Corridor Doors Lights.fbx
  artifactKey: Guid(04c4d664893776444ac42f486e433938) Importer(2089858483,192608db42251d675da83286b1cce702)
Start importing Assets/SciFi Warehouse Kit/Art/Meshes/Structures/Corridors/Corridor Doors Lights.fbx using Guid(04c4d664893776444ac42f486e433938) Importer(2089858483,192608db42251d675da83286b1cce702) (ScriptedImporter) -> (artifact id: '0516fc590853e746ae2e284b0831d1dc') in 0.0339377 seconds
Number of updated asset objects reloaded before import = 0Number of asset objects unloaded after import = 34

========================================================================
Received Import Request.
  Time since last request: 0.000019 seconds.
  path: Assets/SciFi Warehouse Kit/Art/Meshes/Props/Crates Barrels Pallets
  artifactKey: Guid(f9e081bc60335bd47a040ed7d3a3eb63) Importer(2089858483,192608db42251d675da83286b1cce702)
Start importing Assets/SciFi Warehouse Kit/Art/Meshes/Props/Crates Barrels Pallets using Guid(f9e081bc60335bd47a040ed7d3a3eb63) Importer(2089858483,192608db42251d675da83286b1cce702) (ScriptedImporter) -> (artifact id: 'e42d71984733c8fe44ae9002966d93e1') in 0.0259545 seconds
Number of updated asset objects reloaded before import = 0Number of asset objects unloaded after import = 1

========================================================================
Received Import Request.
  Time since last request: 0.000025 seconds.
  path: Assets/SciFi Warehouse Kit/Art/Textures/garbage_bin_s.png
  artifactKey: Guid(1c344f19e6c529140a451565969e3e2a) Importer(2089858483,192608db42251d675da83286b1cce702)
Start importing Assets/SciFi Warehouse Kit/Art/Textures/garbage_bin_s.png using Guid(1c344f19e6c529140a451565969e3e2a) Importer(2089858483,192608db42251d675da83286b1cce702) (ScriptedImporter) -> (artifact id: '7909d804dcca74802a91018ce78458ee') in 0.0671364 seconds
Number of updated asset objects reloaded before import = 0Number of asset objects unloaded after import = 1

========================================================================
Received Import Request.
  Time since last request: 0.000032 seconds.
  path: Assets/SciFi Warehouse Kit/Prefabs/Props/Crates Barrels Pallets/Crate Long.prefab
  artifactKey: Guid(e2fdcaac11701fe438724a8a8b3a76c5) Importer(2089858483,3d70f49cd1c2eb9ae422958d1c652c6b)
Start importing Assets/SciFi Warehouse Kit/Prefabs/Props/Crates Barrels Pallets/Crate Long.prefab using Guid(e2fdcaac11701fe438724a8a8b3a76c5) Importer(2089858483,3d70f49cd1c2eb9ae422958d1c652c6b) (ScriptedImporter) -> (artifact id: '2d9b1dee0f6ee19b44e0fdc6ae5cac8b') in 0.0321811 seconds
Number of updated asset objects reloaded before import = 0Number of asset objects unloaded after import = 9

========================================================================
Received Import Request.
  Time since last request: 0.000022 seconds.
  path: Assets/SciFi Warehouse Kit/Prefabs/Structures/Catwalk/Short Stairs.prefab
  artifactKey: Guid(251977d85f345b94c805b990d722732f) Importer(2089858483,192608db42251d675da83286b1cce702)
Start importing Assets/SciFi Warehouse Kit/Prefabs/Structures/Catwalk/Short Stairs.prefab using Guid(251977d85f345b94c805b990d722732f) Importer(2089858483,192608db42251d675da83286b1cce702) (ScriptedImporter) -> (artifact id: '9823be98fffe397b39f16cf4cbef380e') in 0.0432581 seconds
Number of updated asset objects reloaded before import = 0Number of asset objects unloaded after import = 15

========================================================================
Received Import Request.
  Time since last request: 0.000017 seconds.
  path: Assets/SciFi Warehouse Kit/Prefabs/Props/Shelves/Shelf Variation 05.prefab
  artifactKey: Guid(ce7e4bd04c6404147b4b1dc694ac9a00) Importer(2089858483,192608db42251d675da83286b1cce702)
Start importing Assets/SciFi Warehouse Kit/Prefabs/Props/Shelves/Shelf Variation 05.prefab using Guid(ce7e4bd04c6404147b4b1dc694ac9a00) Importer(2089858483,192608db42251d675da83286b1cce702) (ScriptedImporter) -> (artifact id: '839519c0827689baeab5ba862bb45451') in 0.0437692 seconds
Number of updated asset objects reloaded before import = 0Number of asset objects unloaded after import = 182

========================================================================
Received Import Request.
  Time since last request: 0.000020 seconds.
  path: Assets/SciFi Warehouse Kit/Prefabs/Structures/Pillars and Beams/Pillar.prefab
  artifactKey: Guid(811bf22db94faad418fb6fdfffe14569) Importer(2089858483,3d70f49cd1c2eb9ae422958d1c652c6b)
Start importing Assets/SciFi Warehouse Kit/Prefabs/Structures/Pillars and Beams/Pillar.prefab using Guid(811bf22db94faad418fb6fdfffe14569) Importer(2089858483,3d70f49cd1c2eb9ae422958d1c652c6b) (ScriptedImporter) -> (artifact id: '4a81139d13bd29407f5736bd7bc9d577') in 0.0225855 seconds
Number of updated asset objects reloaded before import = 0Number of asset objects unloaded after import = 9

========================================================================
Received Import Request.
  Time since last request: 0.000037 seconds.
  path: Assets/SciFi Warehouse Kit/Art/Materials/Ceiling Mat.mat
  artifactKey: Guid(03f6be1764ac1eb4782330625ff6e188) Importer(2089858483,192608db42251d675da83286b1cce702)
Start importing Assets/SciFi Warehouse Kit/Art/Materials/Ceiling Mat.mat using Guid(03f6be1764ac1eb4782330625ff6e188) Importer(2089858483,192608db42251d675da83286b1cce702) (ScriptedImporter) -> (artifact id: 'b9f16925144e37e0cb987213aaf687a5') in 0.0734795 seconds
Number of updated asset objects reloaded before import = 0Number of asset objects unloaded after import = 3

========================================================================
Received Import Request.
  Time since last request: 0.000018 seconds.
  path: Assets/SciFi Warehouse Kit/Art/Materials/Floor Tile Mat.mat
  artifactKey: Guid(aa382976d563168409ce37158855f22a) Importer(2089858483,192608db42251d675da83286b1cce702)
Start importing Assets/SciFi Warehouse Kit/Art/Materials/Floor Tile Mat.mat using Guid(aa382976d563168409ce37158855f22a) Importer(2089858483,192608db42251d675da83286b1cce702) (ScriptedImporter) -> (artifact id: '2a1ee1c5aca6d77d5d55659c2593e74b') in 0.0324254 seconds
Number of updated asset objects reloaded before import = 0Number of asset objects unloaded after import = 3

========================================================================
Received Import Request.
  Time since last request: 0.000019 seconds.
  path: Assets/SciFi Warehouse Kit/Prefabs/Structures
  artifactKey: Guid(c6443e01b898d8e49a5aa452c0788b23) Importer(2089858483,192608db42251d675da83286b1cce702)
Start importing Assets/SciFi Warehouse Kit/Prefabs/Structures using Guid(c6443e01b898d8e49a5aa452c0788b23) Importer(2089858483,192608db42251d675da83286b1cce702) (ScriptedImporter) -> (artifact id: 'b803ed64b3b895e2147078e67c3b10c0') in 0.0246736 seconds
Number of updated asset objects reloaded before import = 0Number of asset objects unloaded after import = 1

========================================================================
Received Import Request.
  Time since last request: 290.291221 seconds.
  path: Assets/SciFi Warehouse Kit/Art/Meshes/Props/Misc Props/Garbage Bin.fbx
  artifactKey: Guid(86f94647b91659e4d941245a0d85ba93) Importer(2089858483,192608db42251d675da83286b1cce702)
Start importing Assets/SciFi Warehouse Kit/Art/Meshes/Props/Misc Props/Garbage Bin.fbx using Guid(86f94647b91659e4d941245a0d85ba93) Importer(2089858483,192608db42251d675da83286b1cce702) (ScriptedImporter) -> (artifact id: '543f275ec7fe9f0f93e8229eaf72c3da') in 0.0452075 seconds
Number of updated asset objects reloaded before import = 0Number of asset objects unloaded after import = 8

========================================================================
Received Import Request.
  Time since last request: 0.000035 seconds.
  path: Assets/SciFi Warehouse Kit/Art/Textures/crate_long_a.png
  artifactKey: Guid(37d6717342066d34a83e0da1917b57e1) Importer(2089858483,192608db42251d675da83286b1cce702)
Start importing Assets/SciFi Warehouse Kit/Art/Textures/crate_long_a.png using Guid(37d6717342066d34a83e0da1917b57e1) Importer(2089858483,192608db42251d675da83286b1cce702) (ScriptedImporter) -> (artifact id: 'e87074e9dd19f62cd21cf6bdb6f8783d') in 0.0726276 seconds
Number of updated asset objects reloaded before import = 0Number of asset objects unloaded after import = 1

========================================================================
Received Import Request.
  Time since last request: 0.000057 seconds.
  path: Assets/SciFi Warehouse Kit/Prefabs/Structures/Catwalk/Catwalk Corner.prefab
  artifactKey: Guid(f3666c4739f55c24eb42ed8d7b508700) Importer(815301076,1909f56bfc062723c751e8b465ee728b)
Start importing Assets/SciFi Warehouse Kit/Prefabs/Structures/Catwalk/Catwalk Corner.prefab using Guid(f3666c4739f55c24eb42ed8d7b508700) Importer(815301076,1909f56bfc062723c751e8b465ee728b) (PreviewImporter) -> (artifact id: '0311f6d763dee38b73913736f82bcb1b') in 23.1059152 seconds
Number of updated asset objects reloaded before import = 0Number of asset objects unloaded after import = 11

========================================================================
Received Import Request.
  Time since last request: 0.000072 seconds.
  path: Assets/SciFi Warehouse Kit/Prefabs/Structures/Catwalk/Short Stairs Wide.prefab
  artifactKey: Guid(7e3f523375a441341abd337ac986d569) Importer(815301076,1909f56bfc062723c751e8b465ee728b)
Start importing Assets/SciFi Warehouse Kit/Prefabs/Structures/Catwalk/Short Stairs Wide.prefab using Guid(7e3f523375a441341abd337ac986d569) Importer(815301076,1909f56bfc062723c751e8b465ee728b) (PreviewImporter) -> (artifact id: '8b30ce3e16dc7dea0adb52a39eecbf47') in 0.3317079 seconds
Number of updated asset objects reloaded before import = 0Number of asset objects unloaded after import = 19

========================================================================
Received Import Request.
  Time since last request: 0.000055 seconds.
  path: Assets/SciFi Warehouse Kit/Prefabs/Structures/Catwalk/Catwalk Rails Short.prefab
  artifactKey: Guid(e2065e8f29774454889634d57ec0a96f) Importer(815301076,1909f56bfc062723c751e8b465ee728b)
Start importing Assets/SciFi Warehouse Kit/Prefabs/Structures/Catwalk/Catwalk Rails Short.prefab using Guid(e2065e8f29774454889634d57ec0a96f) Importer(815301076,1909f56bfc062723c751e8b465ee728b) (PreviewImporter) -> (artifact id: '3f64f62dd2d4b6763d9579fa1d8cae84') in 0.041571 seconds
Number of updated asset objects reloaded before import = 0Number of asset objects unloaded after import = 11

========================================================================
Received Import Request.
  Time since last request: 0.000026 seconds.
  path: Assets/SciFi Warehouse Kit/Art/Materials/Walls Alpha.mat
  artifactKey: Guid(9105cf4bbc4fb31479e2afe3138479a0) Importer(2089858483,192608db42251d675da83286b1cce702)
Start importing Assets/SciFi Warehouse Kit/Art/Materials/Walls Alpha.mat using Guid(9105cf4bbc4fb31479e2afe3138479a0) Importer(2089858483,192608db42251d675da83286b1cce702) (ScriptedImporter) -> (artifact id: 'ae31634e302a92f4942dcc2931643440') in 0.0381826 seconds
Number of updated asset objects reloaded before import = 0Number of asset objects unloaded after import = 3

========================================================================
Received Import Request.
  Time since last request: 0.000022 seconds.
  path: Assets/SciFi Warehouse Kit/Art/Materials/Walls.mat
  artifactKey: Guid(d893f707bc253a84aa1e7d87361c830a) Importer(2089858483,192608db42251d675da83286b1cce702)
Start importing Assets/SciFi Warehouse Kit/Art/Materials/Walls.mat using Guid(d893f707bc253a84aa1e7d87361c830a) Importer(2089858483,192608db42251d675da83286b1cce702) (ScriptedImporter) -> (artifact id: '1baa8a53a972f20648618b4cfc7dd5f3') in 0.0348282 seconds
Number of updated asset objects reloaded before import = 0Number of asset objects unloaded after import = 3

========================================================================
Received Import Request.
  Time since last request: 0.000032 seconds.
  path: Assets/SciFi Warehouse Kit/Art/Materials/Crate Short Mat.mat
  artifactKey: Guid(c133acdb4b757304cac42731a69f5d7a) Importer(2089858483,192608db42251d675da83286b1cce702)
Start importing Assets/SciFi Warehouse Kit/Art/Materials/Crate Short Mat.mat using Guid(c133acdb4b757304cac42731a69f5d7a) Importer(2089858483,192608db42251d675da83286b1cce702) (ScriptedImporter) -> (artifact id: '7861d9f25d4f1d4090585bc8260818b1') in 0.0390947 seconds
Number of updated asset objects reloaded before import = 0Number of asset objects unloaded after import = 3

========================================================================
Received Import Request.
  Time since last request: 0.000037 seconds.
  path: Assets/SciFi Warehouse Kit/Art/Materials/Vent Trans Mat.mat
  artifactKey: Guid(a9460b9bd02e92549826c6b8a736db94) Importer(2089858483,192608db42251d675da83286b1cce702)
Start importing Assets/SciFi Warehouse Kit/Art/Materials/Vent Trans Mat.mat using Guid(a9460b9bd02e92549826c6b8a736db94) Importer(2089858483,192608db42251d675da83286b1cce702) (ScriptedImporter) -> (artifact id: '90a9ed1c3e1dd9ebdb0bd88695fe4155') in 0.0325246 seconds
Number of updated asset objects reloaded before import = 0Number of asset objects unloaded after import = 3

========================================================================
Received Import Request.
  Time since last request: 0.000028 seconds.
  path: Assets/SciFi Warehouse Kit/Art/Materials/Windows.mat
  artifactKey: Guid(eb79ec0657b7d6c48942befc5d7b2c37) Importer(2089858483,192608db42251d675da83286b1cce702)
Start importing Assets/SciFi Warehouse Kit/Art/Materials/Windows.mat using Guid(eb79ec0657b7d6c48942befc5d7b2c37) Importer(2089858483,192608db42251d675da83286b1cce702) (ScriptedImporter) -> (artifact id: '63eb9936d3d46c683abacae20e6e2b90') in 0.0379931 seconds
Number of updated asset objects reloaded before import = 0Number of asset objects unloaded after import = 3

========================================================================
Received Import Request.
  Time since last request: 0.000024 seconds.
  path: Assets/SciFi Warehouse Kit/Prefabs/Structures/Catwalk/Catwalk Pillar 02.prefab
  artifactKey: Guid(a157851e6c66e1545ae48d5a470cdc64) Importer(815301076,1909f56bfc062723c751e8b465ee728b)
Start importing Assets/SciFi Warehouse Kit/Prefabs/Structures/Catwalk/Catwalk Pillar 02.prefab using Guid(a157851e6c66e1545ae48d5a470cdc64) Importer(815301076,1909f56bfc062723c751e8b465ee728b) (PreviewImporter) -> (artifact id: '55573ce0e2d4989fa00d2d9d43a97f33') in 0.0438258 seconds
Number of updated asset objects reloaded before import = 0Number of asset objects unloaded after import = 11

========================================================================
Received Import Request.
  Time since last request: 0.000029 seconds.
  path: Assets/SciFi Warehouse Kit/Art/Materials/Structure Mat.mat
  artifactKey: Guid(8ff1df6862ae9684eb34810df64bc115) Importer(2089858483,192608db42251d675da83286b1cce702)
Start importing Assets/SciFi Warehouse Kit/Art/Materials/Structure Mat.mat using Guid(8ff1df6862ae9684eb34810df64bc115) Importer(2089858483,192608db42251d675da83286b1cce702) (ScriptedImporter) -> (artifact id: '1b09ada46e6724e47162010766d3b528') in 0.0357785 seconds
Number of updated asset objects reloaded before import = 0Number of asset objects unloaded after import = 3

========================================================================
Received Import Request.
  Time since last request: 0.000037 seconds.
  path: Assets/SciFi Warehouse Kit/Art/Materials/Cart Mat.mat
  artifactKey: Guid(baab5468dbdb114448b307048c9006a8) Importer(2089858483,192608db42251d675da83286b1cce702)
Start importing Assets/SciFi Warehouse Kit/Art/Materials/Cart Mat.mat using Guid(baab5468dbdb114448b307048c9006a8) Importer(2089858483,192608db42251d675da83286b1cce702) (ScriptedImporter) -> (artifact id: '098459897630e80ee3b91931543e3547') in 0.0372343 seconds
Number of updated asset objects reloaded before import = 0Number of asset objects unloaded after import = 3

========================================================================
Received Import Request.
  Time since last request: 0.000025 seconds.
  path: Assets/SciFi Warehouse Kit/Art/Materials/Shelf Trans Mat.mat
  artifactKey: Guid(b95048f5a5f84304d96d6f5e61414ed2) Importer(2089858483,192608db42251d675da83286b1cce702)
Start importing Assets/SciFi Warehouse Kit/Art/Materials/Shelf Trans Mat.mat using Guid(b95048f5a5f84304d96d6f5e61414ed2) Importer(2089858483,192608db42251d675da83286b1cce702) (ScriptedImporter) -> (artifact id: '359338cb29073ebcc70a98ac24b47bd8') in 0.0449154 seconds
Number of updated asset objects reloaded before import = 0Number of asset objects unloaded after import = 3

========================================================================
Received Import Request.
  Time since last request: 0.000025 seconds.
  path: Assets/SciFi Warehouse Kit/Art/Materials/Stairs Trans Mat.mat
  artifactKey: Guid(1df9dc61ea6b6c849b9e221d26f156bd) Importer(2089858483,192608db42251d675da83286b1cce702)
Start importing Assets/SciFi Warehouse Kit/Art/Materials/Stairs Trans Mat.mat using Guid(1df9dc61ea6b6c849b9e221d26f156bd) Importer(2089858483,192608db42251d675da83286b1cce702) (ScriptedImporter) -> (artifact id: '5077c89ede38a8771ddc0d79f9ba9836') in 0.0316493 seconds
Number of updated asset objects reloaded before import = 0Number of asset objects unloaded after import = 3

========================================================================
Received Import Request.
  Time since last request: 0.000026 seconds.
  path: Assets/SciFi Warehouse Kit/Prefabs/Structures/Catwalk/Catwalk Long Rails.prefab
  artifactKey: Guid(207f61281715ab24f9899fdfa960ca48) Importer(815301076,1909f56bfc062723c751e8b465ee728b)
Start importing Assets/SciFi Warehouse Kit/Prefabs/Structures/Catwalk/Catwalk Long Rails.prefab using Guid(207f61281715ab24f9899fdfa960ca48) Importer(815301076,1909f56bfc062723c751e8b465ee728b) (PreviewImporter) -> (artifact id: '8f9a5f634f80441e08533284f040f190') in 0.0287388 seconds
Number of updated asset objects reloaded before import = 0Number of asset objects unloaded after import = 13

========================================================================
Received Import Request.
  Time since last request: 0.000040 seconds.
  path: Assets/SciFi Warehouse Kit/Art/Materials/Structure Props Mat.mat
  artifactKey: Guid(29be84a8421dddd4481c7c1a37d5dc90) Importer(2089858483,192608db42251d675da83286b1cce702)
Start importing Assets/SciFi Warehouse Kit/Art/Materials/Structure Props Mat.mat using Guid(29be84a8421dddd4481c7c1a37d5dc90) Importer(2089858483,192608db42251d675da83286b1cce702) (ScriptedImporter) -> (artifact id: 'e9bd9e21940a72a161f6886fe6dd7819') in 0.0350843 seconds
Number of updated asset objects reloaded before import = 0Number of asset objects unloaded after import = 3

========================================================================
Received Import Request.
  Time since last request: 0.000025 seconds.
  path: Assets/SciFi Warehouse Kit/Art/Materials/Ducts Pillars Mat.mat
  artifactKey: Guid(7a1ba1f8a9db2764ca5dab2fefd28478) Importer(2089858483,192608db42251d675da83286b1cce702)
Start importing Assets/SciFi Warehouse Kit/Art/Materials/Ducts Pillars Mat.mat using Guid(7a1ba1f8a9db2764ca5dab2fefd28478) Importer(2089858483,192608db42251d675da83286b1cce702) (ScriptedImporter) -> (artifact id: '02d4fecd00fe1ca6ecea2ca3523fa21e') in 0.0440819 seconds
Number of updated asset objects reloaded before import = 0Number of asset objects unloaded after import = 3

========================================================================
Received Import Request.
  Time since last request: 0.000032 seconds.
  path: Assets/SciFi Warehouse Kit/Art/Materials/Garbage Bin Mat.mat
  artifactKey: Guid(2bada83e0fc35ed4ebab359f1ef10417) Importer(2089858483,192608db42251d675da83286b1cce702)
Start importing Assets/SciFi Warehouse Kit/Art/Materials/Garbage Bin Mat.mat using Guid(2bada83e0fc35ed4ebab359f1ef10417) Importer(2089858483,192608db42251d675da83286b1cce702) (ScriptedImporter) -> (artifact id: '7da69823c65ffeef346d1dbdac7a2e01') in 0.051425 seconds
Number of updated asset objects reloaded before import = 0Number of asset objects unloaded after import = 3

========================================================================
Received Import Request.
  Time since last request: 0.000028 seconds.
  path: Assets/SciFi Warehouse Kit/Art/Materials/Sign Red.mat
  artifactKey: Guid(104dfe4e9eaf15e42b9645fc2a6f54eb) Importer(2089858483,192608db42251d675da83286b1cce702)
Start importing Assets/SciFi Warehouse Kit/Art/Materials/Sign Red.mat using Guid(104dfe4e9eaf15e42b9645fc2a6f54eb) Importer(2089858483,192608db42251d675da83286b1cce702) (ScriptedImporter) -> (artifact id: 'c44e408226ed10a139c36a3b6f779fea') in 0.0303535 seconds
Number of updated asset objects reloaded before import = 0Number of asset objects unloaded after import = 2

========================================================================
Received Import Request.
  Time since last request: 0.000036 seconds.
  path: Assets/Scenes/SampleScene.unity
  artifactKey: Guid(55daccc09a3b69647bbab145b54a3ab3) Importer(2089858483,192608db42251d675da83286b1cce702)
Start importing Assets/Scenes/SampleScene.unity using Guid(55daccc09a3b69647bbab145b54a3ab3) Importer(2089858483,192608db42251d675da83286b1cce702) (ScriptedImporter) -> (artifact id: 'b0d961c9b5d519a0115d91de2e1ded23') in 0.0442206 seconds
Number of updated asset objects reloaded before import = 0Number of asset objects unloaded after import = 1

========================================================================
Received Import Request.
  Time since last request: 0.000023 seconds.
  path: Assets/SciFi Warehouse Kit/Art/Materials/Security Cam Mat.mat
  artifactKey: Guid(73af2581c8439614db43aad4500fa480) Importer(2089858483,192608db42251d675da83286b1cce702)
Start importing Assets/SciFi Warehouse Kit/Art/Materials/Security Cam Mat.mat using Guid(73af2581c8439614db43aad4500fa480) Importer(2089858483,192608db42251d675da83286b1cce702) (ScriptedImporter) -> (artifact id: '33eac342edde35f0c5e00ccd42e22f4f') in 0.035161 seconds
Number of updated asset objects reloaded before import = 0Number of asset objects unloaded after import = 3

========================================================================
Received Import Request.
  Time since last request: 0.000026 seconds.
  path: Assets/SciFi Warehouse Kit/Prefabs/Structures/Catwalk/Catwalk Rails Long.prefab
  artifactKey: Guid(4e661a4b9cf2fac4dbc610ceb59e77b8) Importer(815301076,1909f56bfc062723c751e8b465ee728b)
Start importing Assets/SciFi Warehouse Kit/Prefabs/Structures/Catwalk/Catwalk Rails Long.prefab using Guid(4e661a4b9cf2fac4dbc610ceb59e77b8) Importer(815301076,1909f56bfc062723c751e8b465ee728b) (PreviewImporter) -> (artifact id: '82778ec52af3c2df4b7ec76bf6a7fa17') in 0.032959 seconds
Number of updated asset objects reloaded before import = 0Number of asset objects unloaded after import = 11

========================================================================
Received Import Request.
  Time since last request: 0.000038 seconds.
  path: Assets/SciFi Warehouse Kit/Art/Materials/Ceiling Mat.mat
  artifactKey: Guid(03f6be1764ac1eb4782330625ff6e188) Importer(2089858483,192608db42251d675da83286b1cce702)
Start importing Assets/SciFi Warehouse Kit/Art/Materials/Ceiling Mat.mat using Guid(03f6be1764ac1eb4782330625ff6e188) Importer(2089858483,192608db42251d675da83286b1cce702) (ScriptedImporter) -> (artifact id: '87efb5ee661e42ba2366e2adf0e2925b') in 0.047166 seconds
Number of updated asset objects reloaded before import = 0Number of asset objects unloaded after import = 3

========================================================================
Received Import Request.
  Time since last request: 30.388720 seconds.
  path: Assets/SciFi Warehouse Kit/Prefabs/Structures/Ceiling/Ceiling Skylight.prefab
  artifactKey: Guid(407e4e65456601c4ba66e0697b1c325c) Importer(815301076,1909f56bfc062723c751e8b465ee728b)
Start importing Assets/SciFi Warehouse Kit/Prefabs/Structures/Ceiling/Ceiling Skylight.prefab using Guid(407e4e65456601c4ba66e0697b1c325c) Importer(815301076,1909f56bfc062723c751e8b465ee728b) (PreviewImporter) -> (artifact id: 'bbebd3ed8caa71bb6bdf3c36c32aa93e') in 0.2308278 seconds
Number of updated asset objects reloaded before import = 0Number of asset objects unloaded after import = 21

========================================================================
Received Import Request.
  Time since last request: 9.019213 seconds.
  path: Assets/SciFi Warehouse Kit/Prefabs/Structures/Corridors/Corridor 4-Way Lights.prefab
  artifactKey: Guid(dcbf59da08760fb4b9531995a6691a6f) Importer(815301076,1909f56bfc062723c751e8b465ee728b)
Start importing Assets/SciFi Warehouse Kit/Prefabs/Structures/Corridors/Corridor 4-Way Lights.prefab using Guid(dcbf59da08760fb4b9531995a6691a6f) Importer(815301076,1909f56bfc062723c751e8b465ee728b) (PreviewImporter) -> (artifact id: 'f3938e960088bc7d0c45f36c0c8f6cca') in 0.1172013 seconds
Number of updated asset objects reloaded before import = 0Number of asset objects unloaded after import = 50

========================================================================
Received Import Request.
  Time since last request: 0.000035 seconds.
  path: Assets/SciFi Warehouse Kit/Prefabs/Structures/Corridors/Corridor Wide Corner Windows.prefab
  artifactKey: Guid(5ceb30273fce6374fadb842df014e681) Importer(815301076,1909f56bfc062723c751e8b465ee728b)
Start importing Assets/SciFi Warehouse Kit/Prefabs/Structures/Corridors/Corridor Wide Corner Windows.prefab using Guid(5ceb30273fce6374fadb842df014e681) Importer(815301076,1909f56bfc062723c751e8b465ee728b) (PreviewImporter) -> (artifact id: '2dc7f09f217bf3e4f97d4645f5f4c631') in 0.0898945 seconds
Number of updated asset objects reloaded before import = 0Number of asset objects unloaded after import = 63

========================================================================
Received Import Request.
  Time since last request: 0.000068 seconds.
  path: Assets/SciFi Warehouse Kit/Prefabs/Structures/Corridors/Corridor Doors Lights.prefab
  artifactKey: Guid(7f9e5333019d1044480ff97c9b142100) Importer(815301076,1909f56bfc062723c751e8b465ee728b)
Start importing Assets/SciFi Warehouse Kit/Prefabs/Structures/Corridors/Corridor Doors Lights.prefab using Guid(7f9e5333019d1044480ff97c9b142100) Importer(815301076,1909f56bfc062723c751e8b465ee728b) (PreviewImporter) -> (artifact id: '88f42bcc1f885f9f16a566c984425696') in 0.0580924 seconds
Number of updated asset objects reloaded before import = 0Number of asset objects unloaded after import = 53

========================================================================
Received Import Request.
  Time since last request: 0.000034 seconds.
  path: Assets/SciFi Warehouse Kit/Prefabs/Structures/Corridors/Corridor Deadend Window.prefab
  artifactKey: Guid(4f1819ea97fb2c147a2281df45df2ea7) Importer(815301076,1909f56bfc062723c751e8b465ee728b)
Start importing Assets/SciFi Warehouse Kit/Prefabs/Structures/Corridors/Corridor Deadend Window.prefab using Guid(4f1819ea97fb2c147a2281df45df2ea7) Importer(815301076,1909f56bfc062723c751e8b465ee728b) (PreviewImporter) -> (artifact id: '6cdbe1cf7493007aab152640059c8352') in 0.0713073 seconds
Number of updated asset objects reloaded before import = 0Number of asset objects unloaded after import = 29

========================================================================
Received Import Request.
  Time since last request: 0.000031 seconds.
  path: Assets/SciFi Warehouse Kit/Prefabs/Structures/Corridors/Corridor Deadend.prefab
  artifactKey: Guid(711016e15dc0bf14c91cd472ebddb879) Importer(815301076,1909f56bfc062723c751e8b465ee728b)
Start importing Assets/SciFi Warehouse Kit/Prefabs/Structures/Corridors/Corridor Deadend.prefab using Guid(711016e15dc0bf14c91cd472ebddb879) Importer(815301076,1909f56bfc062723c751e8b465ee728b) (PreviewImporter) -> (artifact id: '57f895f70e427c880183cfc8bc11e9dd') in 0.0301932 seconds
Number of updated asset objects reloaded before import = 0Number of asset objects unloaded after import = 11

========================================================================
Received Import Request.
  Time since last request: 0.000034 seconds.
  path: Assets/SciFi Warehouse Kit/Prefabs/Structures/Corridors/Corridor Passthrough Windows.prefab
  artifactKey: Guid(91b8fa9065e2bc041ba30dded191b2a6) Importer(815301076,1909f56bfc062723c751e8b465ee728b)
Start importing Assets/SciFi Warehouse Kit/Prefabs/Structures/Corridors/Corridor Passthrough Windows.prefab using Guid(91b8fa9065e2bc041ba30dded191b2a6) Importer(815301076,1909f56bfc062723c751e8b465ee728b) (PreviewImporter) -> (artifact id: '64bf62ac0b6ba391207e5c9ba2731c15') in 0.0456711 seconds
Number of updated asset objects reloaded before import = 0Number of asset objects unloaded after import = 55

========================================================================
Received Import Request.
  Time since last request: 0.000039 seconds.
  path: Assets/SciFi Warehouse Kit/Prefabs/Structures/Corridors/Corridor Tee.prefab
  artifactKey: Guid(29aa5a78b96148c42bd3f92e5e037e89) Importer(815301076,1909f56bfc062723c751e8b465ee728b)
Start importing Assets/SciFi Warehouse Kit/Prefabs/Structures/Corridors/Corridor Tee.prefab using Guid(29aa5a78b96148c42bd3f92e5e037e89) Importer(815301076,1909f56bfc062723c751e8b465ee728b) (PreviewImporter) -> (artifact id: '9511f4dea1fef34b061a10fa38bcafaa') in 0.0414244 seconds
Number of updated asset objects reloaded before import = 0Number of asset objects unloaded after import = 59

========================================================================
Received Import Request.
  Time since last request: 3.040900 seconds.
  path: Assets/SciFi Warehouse Kit/Prefabs/Structures/Corridors/Corridor 4-Way Lights.prefab
  artifactKey: Guid(dcbf59da08760fb4b9531995a6691a6f) Importer(815301076,1909f56bfc062723c751e8b465ee728b)
Start importing Assets/SciFi Warehouse Kit/Prefabs/Structures/Corridors/Corridor 4-Way Lights.prefab using Guid(dcbf59da08760fb4b9531995a6691a6f) Importer(815301076,1909f56bfc062723c751e8b465ee728b) (PreviewImporter) -> (artifact id: '2be7cab350d732ceb950d8cfa99b99dc') in 0.1142374 seconds
Number of updated asset objects reloaded before import = 0Number of asset objects unloaded after import = 50

========================================================================
Received Import Request.
  Time since last request: 0.000033 seconds.
  path: Assets/SciFi Warehouse Kit/Prefabs/Structures/Corridors/Corridor Wide Corner.prefab
  artifactKey: Guid(01c384aacd76e1742a420e899cfbca6a) Importer(815301076,1909f56bfc062723c751e8b465ee728b)
Start importing Assets/SciFi Warehouse Kit/Prefabs/Structures/Corridors/Corridor Wide Corner.prefab using Guid(01c384aacd76e1742a420e899cfbca6a) Importer(815301076,1909f56bfc062723c751e8b465ee728b) (PreviewImporter) -> (artifact id: 'f5d4fcfeb627b271a2ec36504af27c08') in 0.077476 seconds
Number of updated asset objects reloaded before import = 0Number of asset objects unloaded after import = 50

========================================================================
Received Import Request.
  Time since last request: 0.000037 seconds.
  path: Assets/SciFi Warehouse Kit/Prefabs/Structures/Corridors/Corridor Doors Lights.prefab
  artifactKey: Guid(7f9e5333019d1044480ff97c9b142100) Importer(815301076,1909f56bfc062723c751e8b465ee728b)
Start importing Assets/SciFi Warehouse Kit/Prefabs/Structures/Corridors/Corridor Doors Lights.prefab using Guid(7f9e5333019d1044480ff97c9b142100) Importer(815301076,1909f56bfc062723c751e8b465ee728b) (PreviewImporter) -> (artifact id: '17b4b4a7bf0fa1a3a79cbb7a60c0528c') in 0.0585612 seconds
Number of updated asset objects reloaded before import = 0Number of asset objects unloaded after import = 53

========================================================================
Received Import Request.
  Time since last request: 0.000033 seconds.
  path: Assets/SciFi Warehouse Kit/Prefabs/Structures/Corridors/Corridor Passthrough Windows.prefab
  artifactKey: Guid(91b8fa9065e2bc041ba30dded191b2a6) Importer(815301076,1909f56bfc062723c751e8b465ee728b)
Start importing Assets/SciFi Warehouse Kit/Prefabs/Structures/Corridors/Corridor Passthrough Windows.prefab using Guid(91b8fa9065e2bc041ba30dded191b2a6) Importer(815301076,1909f56bfc062723c751e8b465ee728b) (PreviewImporter) -> (artifact id: '905ed90230bcee4aa1739f78a080510c') in 0.0498641 seconds
Number of updated asset objects reloaded before import = 0Number of asset objects unloaded after import = 55

========================================================================
Received Import Request.
  Time since last request: 0.000031 seconds.
  path: Assets/SciFi Warehouse Kit/Prefabs/Structures/Corridors/Corridor Tee.prefab
  artifactKey: Guid(29aa5a78b96148c42bd3f92e5e037e89) Importer(815301076,1909f56bfc062723c751e8b465ee728b)
Start importing Assets/SciFi Warehouse Kit/Prefabs/Structures/Corridors/Corridor Tee.prefab using Guid(29aa5a78b96148c42bd3f92e5e037e89) Importer(815301076,1909f56bfc062723c751e8b465ee728b) (PreviewImporter) -> (artifact id: 'bbbc04a08000e652dd854895073e59dd') in 0.0474112 seconds
Number of updated asset objects reloaded before import = 0Number of asset objects unloaded after import = 59

========================================================================
Received Import Request.
  Time since last request: 0.230810 seconds.
  path: Assets/SciFi Warehouse Kit/Art/Materials/Ceiling Mat.mat
  artifactKey: Guid(03f6be1764ac1eb4782330625ff6e188) Importer(2089858483,192608db42251d675da83286b1cce702)
Start importing Assets/SciFi Warehouse Kit/Art/Materials/Ceiling Mat.mat using Guid(03f6be1764ac1eb4782330625ff6e188) Importer(2089858483,192608db42251d675da83286b1cce702) (ScriptedImporter) -> (artifact id: 'a54a469d53334c4c81717df6d7b18a85') in 0.0451674 seconds
Number of updated asset objects reloaded before import = 0Number of asset objects unloaded after import = 3

