Using pre-set license
Built from '6000.0/respin/6000.0.59f1-063c55f2fd0f' branch; Version is '6000.0.59f2 (ef281c76c3c1) revision 15673372'; Using compiler version '193933523'; Build Type 'Release'
OS: 'Windows 11  (10.0.26200) 64bit Core' Language: 'ko' Physical Memory: 16077 MB
BatchMode: 1, IsHumanControllingUs: 0, StartBugReporterOnCrash: 0, Is64bit: 1
Date: 2026-05-26T13:10:31Z

COMMAND LINE ARGUMENTS:
C:\Program Files\Unity\Hub\Editor\6000.0.59f2\Editor\Unity.exe
-adb2
-batchMode
-noUpm
-name
AssetImportWorker31
-projectPath
C:/Users/ghqkr/OneDrive/Desktop/SW 웹사이트/VR-SangHaCha
-logFile
Logs/AssetImportWorker31.log
-srvPort
56803
-job-worker-count
7
-background-job-worker-count
8
-gc-helper-count
1
-name
AssetImport
Successfully changed project path to: C:/Users/ghqkr/OneDrive/Desktop/SW 웹사이트/VR-SangHaCha
C:/Users/ghqkr/OneDrive/Desktop/SW 웹사이트/VR-SangHaCha
[UnityMemory] Configuration Parameters - Can be set up in boot.config
    "memorysetup-bucket-allocator-granularity=16"
    "memorysetup-bucket-allocator-bucket-count=8"
    "memorysetup-bucket-allocator-block-size=33554432"
    "memorysetup-bucket-allocator-block-count=8"
    "memorysetup-main-allocator-block-size=16777216"
    "memorysetup-thread-allocator-block-size=16777216"
    "memorysetup-gfx-main-allocator-block-size=16777216"
    "memorysetup-gfx-thread-allocator-block-size=16777216"
    "memorysetup-cache-allocator-block-size=4194304"
    "memorysetup-typetree-allocator-block-size=2097152"
    "memorysetup-profiler-bucket-allocator-granularity=16"
    "memorysetup-profiler-bucket-allocator-bucket-count=8"
    "memorysetup-profiler-bucket-allocator-block-size=33554432"
    "memorysetup-profiler-bucket-allocator-block-count=8"
    "memorysetup-profiler-allocator-block-size=16777216"
    "memorysetup-profiler-editor-allocator-block-size=1048576"
    "memorysetup-temp-allocator-size-main=16777216"
    "memorysetup-job-temp-allocator-block-size=2097152"
    "memorysetup-job-temp-allocator-block-size-background=1048576"
    "memorysetup-job-temp-allocator-reduction-small-platforms=262144"
    "memorysetup-allocator-temp-initial-block-size-main=262144"
    "memorysetup-allocator-temp-initial-block-size-worker=262144"
    "memorysetup-temp-allocator-size-background-worker=32768"
    "memorysetup-temp-allocator-size-job-worker=262144"
    "memorysetup-temp-allocator-size-preload-manager=33554432"
    "memorysetup-temp-allocator-size-nav-mesh-worker=65536"
    "memorysetup-temp-allocator-size-audio-worker=65536"
    "memorysetup-temp-allocator-size-cloud-worker=32768"
    "memorysetup-temp-allocator-size-gi-baking-worker=262144"
    "memorysetup-temp-allocator-size-gi-baking-worker=262144"
    "memorysetup-temp-allocator-size-gi-baking-worker=262144"
    "memorysetup-temp-allocator-size-gi-baking-worker=262144"
    "memorysetup-temp-allocator-size-gi-baking-worker=262144"
    "memorysetup-temp-allocator-size-gfx=262144"
Player connection [32440]  Target information:

Player connection [32440]  * "[IP] 192.168.0.124 [Port] 0 [Flags] 2 [Guid] 123172459 [EditorId] 123172459 [Version] 1048832 [Id] WindowsEditor(7,retser) [Debug] 1 [PackageName] WindowsEditor [ProjectName] Editor" 

Player connection [32440] Host joined multi-casting on [225.0.0.222:54997]...
Player connection [32440] Host joined alternative multi-casting on [225.0.0.222:34997]...
JobSystem: Creating JobQueue using job-worker-count value 7
Input System module state changed to: Initialized.
[Physics::Module] Initialized fallback backend.
[Physics::Module] Id: 0xdecafbad
Library Redirect Path: Library/
[Physics::Module] Selected backend.
[Physics::Module] Name: PhysX
[Physics::Module] Id: 0xf2b8ea05
[Physics::Module] SDK Version: 4.1.2
[Physics::Module] Integration Version: 1.0.0
[Physics::Module] Threading Mode: Multi-Threaded
Refreshing native plugins compatible for Editor in 29.33 ms, found 11 plugins.
Preloading 0 native plugins for Editor in 0.00 ms.
Initialize engine version: 6000.0.59f2 (ef281c76c3c1)
[Subsystems] Discovering subsystems at path C:/Program Files/Unity/Hub/Editor/6000.0.59f2/Editor/Data/Resources/UnitySubsystems
[Subsystems] Discovering subsystems at path C:/Users/ghqkr/OneDrive/Desktop/SW 웹사이트/VR-SangHaCha/Assets
GfxDevice: creating device client; kGfxThreadingModeNonThreaded
Direct3D:
    Version:  Direct3D 11.0 [level 11.1]
    Renderer: NVIDIA GeForce RTX 4060 Laptop GPU (ID=0x28a0)
    Vendor:   NVIDIA
    VRAM:     7957 MB
    Driver:   32.0.15.8183
Initialize mono
Mono path[0] = 'C:/Program Files/Unity/Hub/Editor/6000.0.59f2/Editor/Data/Managed'
Mono path[1] = 'C:/Program Files/Unity/Hub/Editor/6000.0.59f2/Editor/Data/MonoBleedingEdge/lib/mono/unityjit-win32'
Mono config path = 'C:/Program Files/Unity/Hub/Editor/6000.0.59f2/Editor/Data/MonoBleedingEdge/etc'
Using monoOptions --debugger-agent=transport=dt_socket,embedding=1,server=y,suspend=n,address=127.0.0.1:56332
Begin MonoManager ReloadAssembly
Registering precompiled unity dll's ...
Register platform support module: C:/Program Files/Unity/Hub/Editor/6000.0.59f2/Editor/Data/PlaybackEngines/WindowsStandaloneSupport/UnityEditor.WindowsStandalone.Extensions.dll
Register platform support module: C:/Program Files/Unity/Hub/Editor/6000.0.59f2/Editor/Data/PlaybackEngines/AndroidPlayer/UnityEditor.Android.Extensions.dll
Registered in 0.016288 seconds.
- Loaded All Assemblies, in  0.884 seconds
Native extension for Android target not found
Android Extension - Scanning For ADB Devices 1977 ms
Native extension for WindowsStandalone target not found
Mono: successfully reloaded assembly
- Finished resetting the current domain, in  8.183 seconds
Domain Reload Profiling: 9064ms
	BeginReloadAssembly (269ms)
		ExecutionOrderSort (0ms)
		DisableScriptedObjects (0ms)
		BackupInstance (0ms)
		ReleaseScriptingObjects (0ms)
		CreateAndSetChildDomain (1ms)
	RebuildCommonClasses (78ms)
	RebuildNativeTypeToScriptingClass (22ms)
	initialDomainReloadingComplete (99ms)
	LoadAllAssembliesAndSetupDomain (410ms)
		LoadAssemblies (267ms)
		RebuildTransferFunctionScriptingTraits (0ms)
		AnalyzeDomain (401ms)
			TypeCache.Refresh (399ms)
				TypeCache.ScanAssembly (379ms)
			BuildScriptInfoCaches (0ms)
			ResolveRequiredComponents (1ms)
	FinalizeReload (8185ms)
		ReleaseScriptCaches (0ms)
		RebuildScriptCaches (0ms)
		SetupLoadedEditorAssemblies (7860ms)
			LogAssemblyErrors (0ms)
			InitializePlatformSupportModulesInManaged (2243ms)
			SetLoadedEditorAssemblies (123ms)
			BeforeProcessingInitializeOnLoad (1772ms)
			ProcessInitializeOnLoadAttributes (2515ms)
			ProcessInitializeOnLoadMethodAttributes (1207ms)
			AfterProcessingInitializeOnLoad (0ms)
			EditorAssembliesLoaded (0ms)
		ExecutionOrderSort2 (0ms)
		AwakeInstancesAfterBackupRestoration (0ms)
========================================================================
Worker process is ready to serve import requests
Import Worker Mode flag is 0x00
Begin MonoManager ReloadAssembly
- Loaded All Assemblies, in 14.807 seconds
Refreshing native plugins compatible for Editor in 317.23 ms, found 11 plugins.
Native extension for Android target not found
Native extension for WindowsStandalone target not found
Refreshing native plugins compatible for Editor in 379.62 ms, found 11 plugins.
Package Manager log level set to [2]
[Package Manager] Failed to launch server process. Reason: Unity was launched with the -noUpm command-line argument
[Package Manager] Unable to send message (not connected to server process).
[Package Manager] Cannot connect to Unity Package Manager local server
Mono: successfully reloaded assembly
[Package Manager] Failed to launch server process. Reason: Unity was launched with the -noUpm command-line argument
[Package Manager] Unable to send message (not connected to server process).
[Package Manager] Cannot connect to Unity Package Manager local server
[Package Manager] Failed to launch server process. Reason: Unity was launched with the -noUpm command-line argument
[Package Manager] Unable to send message (not connected to server process).
[Package Manager] Cannot connect to Unity Package Manager local server
- Finished resetting the current domain, in 18.370 seconds
Domain Reload Profiling: 33124ms
	BeginReloadAssembly (2445ms)
		ExecutionOrderSort (0ms)
		DisableScriptedObjects (72ms)
		BackupInstance (0ms)
		ReleaseScriptingObjects (0ms)
		CreateAndSetChildDomain (291ms)
	RebuildCommonClasses (372ms)
	RebuildNativeTypeToScriptingClass (72ms)
	initialDomainReloadingComplete (308ms)
	LoadAllAssembliesAndSetupDomain (11554ms)
		LoadAssemblies (8113ms)
		RebuildTransferFunctionScriptingTraits (0ms)
		AnalyzeDomain (4988ms)
			TypeCache.Refresh (3973ms)
				TypeCache.ScanAssembly (3713ms)
			BuildScriptInfoCaches (865ms)
			ResolveRequiredComponents (113ms)
	FinalizeReload (18372ms)
		ReleaseScriptCaches (0ms)
		RebuildScriptCaches (0ms)
		SetupLoadedEditorAssemblies (14705ms)
			LogAssemblyErrors (0ms)
			InitializePlatformSupportModulesInManaged (478ms)
			SetLoadedEditorAssemblies (152ms)
			BeforeProcessingInitializeOnLoad (3227ms)
			ProcessInitializeOnLoadAttributes (8537ms)
			ProcessInitializeOnLoadMethodAttributes (2209ms)
			AfterProcessingInitializeOnLoad (101ms)
			EditorAssembliesLoaded (1ms)
		ExecutionOrderSort2 (0ms)
		AwakeInstancesAfterBackupRestoration (99ms)
WARNING: Shader Unsupported: 'Hidden/Simulation/URP/Synthetic' - All subshaders removed
WARNING: Shader Did you use #pragma only_renderers and omit this platform?
WARNING: Shader If subshaders removal was intentional, you may have forgotten turning Fallback off?
WARNING: Shader Unsupported: 'Hidden/Simulation/URP/Synthetic' - All subshaders removed
WARNING: Shader Did you use #pragma only_renderers and omit this platform?
WARNING: Shader If subshaders removal was intentional, you may have forgotten turning Fallback off?
WARNING: Shader Unsupported: 'Hidden/Simulation/Synthetic Lit' - All subshaders removed
WARNING: Shader Did you use #pragma only_renderers and omit this platform?
WARNING: Shader If subshaders removal was intentional, you may have forgotten turning Fallback off?
WARNING: Shader Unsupported: 'Hidden/Simulation/Synthetic Lit' - All subshaders removed
WARNING: Shader Did you use #pragma only_renderers and omit this platform?
WARNING: Shader If subshaders removal was intentional, you may have forgotten turning Fallback off?
WARNING: Shader Unsupported: 'Simulation/Standard Lit' - All subshaders removed
WARNING: Shader Did you use #pragma only_renderers and omit this platform?
WARNING: Shader If subshaders removal was intentional, you may have forgotten turning Fallback off?
WARNING: Shader Unsupported: 'Simulation/Standard Lit' - All subshaders removed
WARNING: Shader Did you use #pragma only_renderers and omit this platform?
WARNING: Shader If subshaders removal was intentional, you may have forgotten turning Fallback off?
WARNING: Shader Unsupported: 'Simulation/URP/Room X-Ray' - All subshaders removed
WARNING: Shader Did you use #pragma only_renderers and omit this platform?
WARNING: Shader If subshaders removal was intentional, you may have forgotten turning Fallback off?
WARNING: Shader Unsupported: 'Simulation/URP/Room X-Ray' - All subshaders removed
WARNING: Shader Did you use #pragma only_renderers and omit this platform?
WARNING: Shader If subshaders removal was intentional, you may have forgotten turning Fallback off?
WARNING: Shader Unsupported: 'Simulation/Room X-Ray' - All subshaders removed
WARNING: Shader Did you use #pragma only_renderers and omit this platform?
WARNING: Shader If subshaders removal was intentional, you may have forgotten turning Fallback off?
WARNING: Shader Unsupported: 'Simulation/Room X-Ray' - All subshaders removed
WARNING: Shader Did you use #pragma only_renderers and omit this platform?
WARNING: Shader If subshaders removal was intentional, you may have forgotten turning Fallback off?
WARNING: Shader Unsupported: 'Simulation/URP/Lit' - All subshaders removed
WARNING: Shader Did you use #pragma only_renderers and omit this platform?
WARNING: Shader If subshaders removal was intentional, you may have forgotten turning Fallback off?
WARNING: Shader Unsupported: 'Simulation/URP/Lit' - All subshaders removed
WARNING: Shader Did you use #pragma only_renderers and omit this platform?
WARNING: Shader If subshaders removal was intentional, you may have forgotten turning Fallback off?
Launched and connected shader compiler UnityShaderCompiler.exe after 0.07 seconds
Refreshing native plugins compatible for Editor in 903.94 ms, found 11 plugins.
Preloading 0 native plugins for Editor in 0.00 ms.
Unloading 19 Unused Serialized files (Serialized files now loaded: 0)
Unloading 6747 unused Assets / (4.3 MB). Loaded Objects now: 7479.
Memory consumption went from 142.5 MB to 138.2 MB.
Total: 301.652800 ms (FindLiveObjects: 33.423800 ms CreateObjectMapping: 17.582700 ms MarkObjects: 220.134900 ms  DeleteObjects: 30.508900 ms)

========================================================================
Received Import Request.
  Time since last request: 261199.448474 seconds.
  path: Assets/SciFi Warehouse Kit/Art/Meshes/Structures/Structure Props/Sprinkler 04.fbx
  artifactKey: Guid(db9a43d893114524999d9c3b00b34665) Importer(2089858483,192608db42251d675da83286b1cce702)
Start importing Assets/SciFi Warehouse Kit/Art/Meshes/Structures/Structure Props/Sprinkler 04.fbx using Guid(db9a43d893114524999d9c3b00b34665) Importer(2089858483,192608db42251d675da83286b1cce702) (ScriptedImporter) -> (artifact id: '113ea6a9859197c7b042b7b2615af349') in 2.9624399 seconds
Number of updated asset objects reloaded before import = 0Number of asset objects unloaded after import = 8

========================================================================
Received Import Request.
  Time since last request: 0.000039 seconds.
  path: Assets/SciFi Warehouse Kit/Art/Materials/Barrel Mat.mat
  artifactKey: Guid(f3a4fc37985dd274bb359bdfade8159f) Importer(2089858483,192608db42251d675da83286b1cce702)
Start importing Assets/SciFi Warehouse Kit/Art/Materials/Barrel Mat.mat using Guid(f3a4fc37985dd274bb359bdfade8159f) Importer(2089858483,192608db42251d675da83286b1cce702) (ScriptedImporter) -> (artifact id: 'ecb0d4167bfe18284f231b656ee6cf45') in 0.160766 seconds
Number of updated asset objects reloaded before import = 0Number of asset objects unloaded after import = 3

========================================================================
Received Import Request.
  Time since last request: 0.000049 seconds.
  path: Assets/SciFi Warehouse Kit/Prefabs/Structures/Corridors/Corridor Corner.prefab
  artifactKey: Guid(0caa079a07bb6bb4d8189cbe94d69429) Importer(2089858483,3d70f49cd1c2eb9ae422958d1c652c6b)
Start importing Assets/SciFi Warehouse Kit/Prefabs/Structures/Corridors/Corridor Corner.prefab using Guid(0caa079a07bb6bb4d8189cbe94d69429) Importer(2089858483,3d70f49cd1c2eb9ae422958d1c652c6b) (ScriptedImporter) -> (artifact id: '066763d9f2f6a54f11623b5300d681eb') in 0.0893001 seconds
Number of updated asset objects reloaded before import = 0Number of asset objects unloaded after import = 49

========================================================================
Received Import Request.
  Time since last request: 0.000036 seconds.
  path: Assets/SciFi Warehouse Kit/Prefabs/Structures/Catwalk/CatWalk Stairs Wide.prefab
  artifactKey: Guid(63d248e67db58c04aa37512e19848568) Importer(2089858483,3d70f49cd1c2eb9ae422958d1c652c6b)
Start importing Assets/SciFi Warehouse Kit/Prefabs/Structures/Catwalk/CatWalk Stairs Wide.prefab using Guid(63d248e67db58c04aa37512e19848568) Importer(2089858483,3d70f49cd1c2eb9ae422958d1c652c6b) (ScriptedImporter) -> (artifact id: 'f137a6c81de30552a38c0d611dd53a12') in 0.0591762 seconds
Number of updated asset objects reloaded before import = 0Number of asset objects unloaded after import = 25

========================================================================
Received Import Request.
  Time since last request: 0.000049 seconds.
  path: Assets/SciFi Warehouse Kit/Art/Meshes/Structures/Walls/Wall Plain.fbx
  artifactKey: Guid(c0b2264371dda4d46b1b0a11ea4d5f03) Importer(2089858483,192608db42251d675da83286b1cce702)
Start importing Assets/SciFi Warehouse Kit/Art/Meshes/Structures/Walls/Wall Plain.fbx using Guid(c0b2264371dda4d46b1b0a11ea4d5f03) Importer(2089858483,192608db42251d675da83286b1cce702) (ScriptedImporter) -> (artifact id: 'dfdf703d88fc85224cfde04b482b3078') in 0.1743787 seconds
Number of updated asset objects reloaded before import = 0Number of asset objects unloaded after import = 8

========================================================================
Received Import Request.
  Time since last request: 0.000037 seconds.
  path: Assets/SciFi Warehouse Kit/Prefabs/Props/Ducts/Duct Straight.prefab
  artifactKey: Guid(047cc399d5f561b48902e8632947324a) Importer(2089858483,3d70f49cd1c2eb9ae422958d1c652c6b)
Start importing Assets/SciFi Warehouse Kit/Prefabs/Props/Ducts/Duct Straight.prefab using Guid(047cc399d5f561b48902e8632947324a) Importer(2089858483,3d70f49cd1c2eb9ae422958d1c652c6b) (ScriptedImporter) -> (artifact id: '62584a9be87eb724b755c797edac9183') in 0.0926888 seconds
Number of updated asset objects reloaded before import = 0Number of asset objects unloaded after import = 9

========================================================================
Received Import Request.
  Time since last request: 0.000046 seconds.
  path: Assets/SciFi Warehouse Kit/Prefabs/Props/Shelves/Shelves Empty.prefab
  artifactKey: Guid(f27fcf47b279da042ae6ff22c72d9949) Importer(2089858483,3d70f49cd1c2eb9ae422958d1c652c6b)
Start importing Assets/SciFi Warehouse Kit/Prefabs/Props/Shelves/Shelves Empty.prefab using Guid(f27fcf47b279da042ae6ff22c72d9949) Importer(2089858483,3d70f49cd1c2eb9ae422958d1c652c6b) (ScriptedImporter) -> (artifact id: 'bf224a0bb2c07b5f3d3f4b86ae020732') in 0.070122 seconds
Number of updated asset objects reloaded before import = 0Number of asset objects unloaded after import = 20

========================================================================
Received Import Request.
  Time since last request: 0.000036 seconds.
  path: Assets/SciFi Warehouse Kit/Art/Textures/extinguisher_r.png
  artifactKey: Guid(3aab480764a043c49bc432fa9a874b9b) Importer(2089858483,192608db42251d675da83286b1cce702)
Start importing Assets/SciFi Warehouse Kit/Art/Textures/extinguisher_r.png using Guid(3aab480764a043c49bc432fa9a874b9b) Importer(2089858483,192608db42251d675da83286b1cce702) (ScriptedImporter) -> (artifact id: '047d008946dba849d8ee84461243c693') in 0.3026018 seconds
Number of updated asset objects reloaded before import = 0Number of asset objects unloaded after import = 1

========================================================================
Received Import Request.
  Time since last request: 0.000080 seconds.
  path: Assets/SciFi Warehouse Kit/Prefabs/Props
  artifactKey: Guid(ab7c12e406c781a47889386561de3a0d) Importer(2089858483,192608db42251d675da83286b1cce702)
Start importing Assets/SciFi Warehouse Kit/Prefabs/Props using Guid(ab7c12e406c781a47889386561de3a0d) Importer(2089858483,192608db42251d675da83286b1cce702) (ScriptedImporter) -> (artifact id: '40bd6f072cee78e2e20a0a2048ef5a75') in 0.0470875 seconds
Number of updated asset objects reloaded before import = 0Number of asset objects unloaded after import = 1

========================================================================
Received Import Request.
  Time since last request: 0.000034 seconds.
  path: Assets/SciFi Warehouse Kit/Art/Textures/structure_misc_a.png
  artifactKey: Guid(2cd89b625b97b4e4289e0db0e2846857) Importer(2089858483,192608db42251d675da83286b1cce702)
Start importing Assets/SciFi Warehouse Kit/Art/Textures/structure_misc_a.png using Guid(2cd89b625b97b4e4289e0db0e2846857) Importer(2089858483,192608db42251d675da83286b1cce702) (ScriptedImporter) -> (artifact id: '69f409781779c0ccca92d2a8e5cf24af') in 0.13678 seconds
Number of updated asset objects reloaded before import = 0Number of asset objects unloaded after import = 1

========================================================================
Received Import Request.
  Time since last request: 0.000047 seconds.
  path: Assets/SciFi Warehouse Kit/Demo/Scene/Lighting Data/LightingData.asset
  artifactKey: Guid(d0be4b2b0e43ef14fa086ef8d382537c) Importer(2089858483,3d70f49cd1c2eb9ae422958d1c652c6b)
Start importing Assets/SciFi Warehouse Kit/Demo/Scene/Lighting Data/LightingData.asset using Guid(d0be4b2b0e43ef14fa086ef8d382537c) Importer(2089858483,3d70f49cd1c2eb9ae422958d1c652c6b) (ScriptedImporter)Lighting data asset ‘LightingData’ is incompatible with the current Unity version because the scene it was baked for was not serialized. Please use Generate Lighting to rebuild the lighting data, or assign the target scene to the Lighting Data Asset in the inspector.
UnityEngine.Debug:ExtractStackTraceNoAlloc (byte*,int,string)
UnityEngine.StackTraceUtility:ExtractStackTrace ()
UnityEditor.AssetDatabase:LoadMainAssetAtPath (string)
UnityEditor.Search.AssetIndexer:IndexProperties (int&,string&,bool&)
UnityEditor.Search.AssetIndexer:IndexDocument (string,bool)
UnityEditor.Search.SearchIndexEntryImporter:OnImportAsset (UnityEditor.AssetImporters.AssetImportContext)
UnityEditor.AssetImporters.ScriptedImporter:GenerateAssetData (UnityEditor.AssetImporters.AssetImportContext)

[C:\build\output\unity\unity\Editor\Src\GI\Enlighten\LightingDataAsset.cpp line 458]

 -> (artifact id: 'c23dd70b69386cd783d975e3ff7e289b') in 0.0690012 seconds
Number of updated asset objects reloaded before import = 0Number of asset objects unloaded after import = 0

========================================================================
Received Import Request.
  Time since last request: 0.000032 seconds.
  path: Assets/SciFi Warehouse Kit/Prefabs/Structures/Structure Props/Pipes 06.prefab
  artifactKey: Guid(68b56f98a24210a4e82f6c092adcd68e) Importer(2089858483,3d70f49cd1c2eb9ae422958d1c652c6b)
Start importing Assets/SciFi Warehouse Kit/Prefabs/Structures/Structure Props/Pipes 06.prefab using Guid(68b56f98a24210a4e82f6c092adcd68e) Importer(2089858483,3d70f49cd1c2eb9ae422958d1c652c6b) (ScriptedImporter) -> (artifact id: '525e2132bc746380c23e39906ad8b263') in 0.0433038 seconds
Number of updated asset objects reloaded before import = 0Number of asset objects unloaded after import = 8

========================================================================
Received Import Request.
  Time since last request: 0.000055 seconds.
  path: Assets/Scenes/BasicScene.unity
  artifactKey: Guid(4e9fef26e6adb88479ad1b9834a32d94) Importer(2089858483,3d70f49cd1c2eb9ae422958d1c652c6b)
Start importing Assets/Scenes/BasicScene.unity using Guid(4e9fef26e6adb88479ad1b9834a32d94) Importer(2089858483,3d70f49cd1c2eb9ae422958d1c652c6b) (ScriptedImporter)Opening scene 'Assets/Scenes/BasicScene.unity additively'
Loaded scene 'Assets/Scenes/BasicScene.unity'
	Deserialize:            52.854 ms
	Integration:            745.075 ms
	Integration of assets:  0.059 ms
	Thread Wait Time:       3.913 ms
	Total Operation Time:   801.901 ms
 -> (artifact id: 'd1e9bf0d3354764c5aeea87da7adaecc') in 1.3129709 seconds
Number of updated asset objects reloaded before import = 0Number of asset objects unloaded after import = 525

========================================================================
Received Import Request.
  Time since last request: 0.000048 seconds.
  path: Assets/SciFi Warehouse Kit/Art/Meshes/Structures/Structure Props/Sprinkler 05.fbx
  artifactKey: Guid(f537f7f255aee0346a45786b7b5b6c91) Importer(2089858483,192608db42251d675da83286b1cce702)
Start importing Assets/SciFi Warehouse Kit/Art/Meshes/Structures/Structure Props/Sprinkler 05.fbx using Guid(f537f7f255aee0346a45786b7b5b6c91) Importer(2089858483,192608db42251d675da83286b1cce702) (ScriptedImporter) -> (artifact id: '857d94aac18cfbc367d2f78e72a1e35d') in 0.1009815 seconds
Number of updated asset objects reloaded before import = 0Number of asset objects unloaded after import = 8

========================================================================
Received Import Request.
  Time since last request: 0.000046 seconds.
  path: Assets/SciFi Warehouse Kit/Prefabs/Props/Crates Barrels Pallets/Crate Long.prefab
  artifactKey: Guid(e2fdcaac11701fe438724a8a8b3a76c5) Importer(2089858483,192608db42251d675da83286b1cce702)
Start importing Assets/SciFi Warehouse Kit/Prefabs/Props/Crates Barrels Pallets/Crate Long.prefab using Guid(e2fdcaac11701fe438724a8a8b3a76c5) Importer(2089858483,192608db42251d675da83286b1cce702) (ScriptedImporter) -> (artifact id: '8e7a9aac655195dd4a09f9b97d3e3ddd') in 0.0978501 seconds
Number of updated asset objects reloaded before import = 0Number of asset objects unloaded after import = 9

========================================================================
Received Import Request.
  Time since last request: 0.000044 seconds.
  path: Assets/SciFi Warehouse Kit/Prefabs/Structures/Pillars and Beams/Wall Support.prefab
  artifactKey: Guid(20d9c287fff82dd49bc0a9b23650f1e1) Importer(2089858483,3d70f49cd1c2eb9ae422958d1c652c6b)
Start importing Assets/SciFi Warehouse Kit/Prefabs/Structures/Pillars and Beams/Wall Support.prefab using Guid(20d9c287fff82dd49bc0a9b23650f1e1) Importer(2089858483,3d70f49cd1c2eb9ae422958d1c652c6b) (ScriptedImporter) -> (artifact id: '28c1431232877321584062ca5edf7c78') in 0.054216 seconds
Number of updated asset objects reloaded before import = 0Number of asset objects unloaded after import = 9

========================================================================
Received Import Request.
  Time since last request: 0.000048 seconds.
  path: Assets/SciFi Warehouse Kit/Prefabs/Structures/Catwalk/Short Stairs.prefab
  artifactKey: Guid(251977d85f345b94c805b990d722732f) Importer(2089858483,3d70f49cd1c2eb9ae422958d1c652c6b)
Start importing Assets/SciFi Warehouse Kit/Prefabs/Structures/Catwalk/Short Stairs.prefab using Guid(251977d85f345b94c805b990d722732f) Importer(2089858483,3d70f49cd1c2eb9ae422958d1c652c6b) (ScriptedImporter) -> (artifact id: 'b2170137292d04df468c1b6c146ab8df') in 0.0608947 seconds
Number of updated asset objects reloaded before import = 0Number of asset objects unloaded after import = 17

========================================================================
Received Import Request.
  Time since last request: 0.000049 seconds.
  path: Assets/SciFi Warehouse Kit/Prefabs/Structures/Catwalk/Short Stairs Wide.prefab
  artifactKey: Guid(7e3f523375a441341abd337ac986d569) Importer(2089858483,3d70f49cd1c2eb9ae422958d1c652c6b)
Start importing Assets/SciFi Warehouse Kit/Prefabs/Structures/Catwalk/Short Stairs Wide.prefab using Guid(7e3f523375a441341abd337ac986d569) Importer(2089858483,3d70f49cd1c2eb9ae422958d1c652c6b) (ScriptedImporter) -> (artifact id: 'b52d7b00932531c3effd65063152af2e') in 0.0779469 seconds
Number of updated asset objects reloaded before import = 0Number of asset objects unloaded after import = 17

========================================================================
Received Import Request.
  Time since last request: 0.000048 seconds.
  path: Assets/SciFi Warehouse Kit/Prefabs/Props/Ducts/Duct Vent.prefab
  artifactKey: Guid(573ef1f633878a64f8caef594c1c31d5) Importer(2089858483,3d70f49cd1c2eb9ae422958d1c652c6b)
Start importing Assets/SciFi Warehouse Kit/Prefabs/Props/Ducts/Duct Vent.prefab using Guid(573ef1f633878a64f8caef594c1c31d5) Importer(2089858483,3d70f49cd1c2eb9ae422958d1c652c6b) (ScriptedImporter) -> (artifact id: '5caa2a79344d13911e8118af86f3fbfd') in 0.0362518 seconds
Number of updated asset objects reloaded before import = 0Number of asset objects unloaded after import = 9

========================================================================
Received Import Request.
  Time since last request: 0.000859 seconds.
  path: Assets/SciFi Warehouse Kit/Art/Textures/wall_light_s.png
  artifactKey: Guid(c76e064a7fdfb92428d5f9d348823e30) Importer(2089858483,192608db42251d675da83286b1cce702)
Start importing Assets/SciFi Warehouse Kit/Art/Textures/wall_light_s.png using Guid(c76e064a7fdfb92428d5f9d348823e30) Importer(2089858483,192608db42251d675da83286b1cce702) (ScriptedImporter) -> (artifact id: '00bcf6fed0c4fd9cb4dcfd4a18d11d6b') in 0.0639163 seconds
Number of updated asset objects reloaded before import = 0Number of asset objects unloaded after import = 1

========================================================================
Received Import Request.
  Time since last request: 0.000056 seconds.
  path: Assets/SciFi Warehouse Kit/Art/Textures/walkway_a.png
  artifactKey: Guid(b1d10b3c41983df4088e3f1500765ae6) Importer(2089858483,192608db42251d675da83286b1cce702)
Start importing Assets/SciFi Warehouse Kit/Art/Textures/walkway_a.png using Guid(b1d10b3c41983df4088e3f1500765ae6) Importer(2089858483,192608db42251d675da83286b1cce702) (ScriptedImporter) -> (artifact id: '34fe310c6913e698c5bb89d9f1f60d35') in 0.1554657 seconds
Number of updated asset objects reloaded before import = 0Number of asset objects unloaded after import = 1

========================================================================
Received Import Request.
  Time since last request: 0.000041 seconds.
  path: Assets/SciFi Warehouse Kit/Art
  artifactKey: Guid(19c6023cbbdf2644d9e2fb183f3b63ca) Importer(2089858483,192608db42251d675da83286b1cce702)
Start importing Assets/SciFi Warehouse Kit/Art using Guid(19c6023cbbdf2644d9e2fb183f3b63ca) Importer(2089858483,192608db42251d675da83286b1cce702) (ScriptedImporter) -> (artifact id: '2070163dd50f04ccf09535d0441486e6') in 0.0332427 seconds
Number of updated asset objects reloaded before import = 0Number of asset objects unloaded after import = 1

========================================================================
Received Import Request.
  Time since last request: 0.000050 seconds.
  path: Assets/SciFi Warehouse Kit/Art/Textures/barrel_r.png
  artifactKey: Guid(ed70348aa380c30458cfd87984245d23) Importer(2089858483,192608db42251d675da83286b1cce702)
Start importing Assets/SciFi Warehouse Kit/Art/Textures/barrel_r.png using Guid(ed70348aa380c30458cfd87984245d23) Importer(2089858483,192608db42251d675da83286b1cce702) (ScriptedImporter) -> (artifact id: 'e3d4e6b34fa82ef4ee8ff59035588224') in 0.095483 seconds
Number of updated asset objects reloaded before import = 0Number of asset objects unloaded after import = 1

========================================================================
Received Import Request.
  Time since last request: 0.000033 seconds.
  path: Assets/SciFi Warehouse Kit/Prefabs/Structures/Catwalk/CatWalk Stairs Wide.prefab
  artifactKey: Guid(63d248e67db58c04aa37512e19848568) Importer(2089858483,192608db42251d675da83286b1cce702)
Start importing Assets/SciFi Warehouse Kit/Prefabs/Structures/Catwalk/CatWalk Stairs Wide.prefab using Guid(63d248e67db58c04aa37512e19848568) Importer(2089858483,192608db42251d675da83286b1cce702) (ScriptedImporter) -> (artifact id: 'c1c07d7119f7835e0d421c8c3361671a') in 0.0333505 seconds
Number of updated asset objects reloaded before import = 0Number of asset objects unloaded after import = 22

========================================================================
Received Import Request.
  Time since last request: 0.000061 seconds.
  path: Assets/SciFi Warehouse Kit/Prefabs/Structures/Corridors/Corridor Doors Lights.prefab
  artifactKey: Guid(7f9e5333019d1044480ff97c9b142100) Importer(2089858483,192608db42251d675da83286b1cce702)
Start importing Assets/SciFi Warehouse Kit/Prefabs/Structures/Corridors/Corridor Doors Lights.prefab using Guid(7f9e5333019d1044480ff97c9b142100) Importer(2089858483,192608db42251d675da83286b1cce702) (ScriptedImporter) -> (artifact id: '7e8e1bf1def2a4a11a0a2e71ccfb64ff') in 0.0473592 seconds
Number of updated asset objects reloaded before import = 0Number of asset objects unloaded after import = 37

========================================================================
Received Import Request.
  Time since last request: 0.000033 seconds.
  path: Assets/SciFi Warehouse Kit/Art/Materials/Fan Mat.mat
  artifactKey: Guid(f2506252823082947ac9c5bd934e0ba4) Importer(2089858483,192608db42251d675da83286b1cce702)
Start importing Assets/SciFi Warehouse Kit/Art/Materials/Fan Mat.mat using Guid(f2506252823082947ac9c5bd934e0ba4) Importer(2089858483,192608db42251d675da83286b1cce702) (ScriptedImporter) -> (artifact id: '4efab9d586e4da66bb7f637eb86d3346') in 0.0994083 seconds
Number of updated asset objects reloaded before import = 0Number of asset objects unloaded after import = 3

========================================================================
Received Import Request.
  Time since last request: 0.000055 seconds.
  path: Assets/SciFi Warehouse Kit/Prefabs/Structures/Structure Props/Exit Sign.prefab
  artifactKey: Guid(4da7cd4243bfe9f44b3bc9ac63b3cd1d) Importer(2089858483,3d70f49cd1c2eb9ae422958d1c652c6b)
Start importing Assets/SciFi Warehouse Kit/Prefabs/Structures/Structure Props/Exit Sign.prefab using Guid(4da7cd4243bfe9f44b3bc9ac63b3cd1d) Importer(2089858483,3d70f49cd1c2eb9ae422958d1c652c6b) (ScriptedImporter) -> (artifact id: '8b23a102f96cf913d5da5d01ef603e97') in 0.0528613 seconds
Number of updated asset objects reloaded before import = 0Number of asset objects unloaded after import = 16

========================================================================
Received Import Request.
  Time since last request: 0.000038 seconds.
  path: Assets/SciFi Warehouse Kit/Art/Meshes/Structures/Catwalk/Catwalk Long.fbx
  artifactKey: Guid(61065208e46478a47815444ce1dbd689) Importer(2089858483,192608db42251d675da83286b1cce702)
Start importing Assets/SciFi Warehouse Kit/Art/Meshes/Structures/Catwalk/Catwalk Long.fbx using Guid(61065208e46478a47815444ce1dbd689) Importer(2089858483,192608db42251d675da83286b1cce702) (ScriptedImporter) -> (artifact id: 'bb134ff13abd1b741a52ce966ac1e273') in 0.0580124 seconds
Number of updated asset objects reloaded before import = 0Number of asset objects unloaded after import = 8

========================================================================
Received Import Request.
  Time since last request: 0.000059 seconds.
  path: Assets/SciFi Warehouse Kit/Prefabs/Props/Misc Props/Garbage Bin.prefab
  artifactKey: Guid(703b0b9baff312645a73bd13e1f10a5e) Importer(2089858483,3d70f49cd1c2eb9ae422958d1c652c6b)
Start importing Assets/SciFi Warehouse Kit/Prefabs/Props/Misc Props/Garbage Bin.prefab using Guid(703b0b9baff312645a73bd13e1f10a5e) Importer(2089858483,3d70f49cd1c2eb9ae422958d1c652c6b) (ScriptedImporter) -> (artifact id: 'ade4e19aecc75475214b6b2f412a7cd4') in 0.030628 seconds
Number of updated asset objects reloaded before import = 0Number of asset objects unloaded after import = 9

========================================================================
Received Import Request.
  Time since last request: 0.000031 seconds.
  path: Assets/SciFi Warehouse Kit/Art/Textures/security_cam_a.png
  artifactKey: Guid(5aa42ca73b98db941ad37f3f7501d32d) Importer(2089858483,192608db42251d675da83286b1cce702)
Start importing Assets/SciFi Warehouse Kit/Art/Textures/security_cam_a.png using Guid(5aa42ca73b98db941ad37f3f7501d32d) Importer(2089858483,192608db42251d675da83286b1cce702) (ScriptedImporter) -> (artifact id: '47899e91f67529658b3d18a208c78a41') in 0.0617444 seconds
Number of updated asset objects reloaded before import = 0Number of asset objects unloaded after import = 1

========================================================================
Received Import Request.
  Time since last request: 0.000045 seconds.
  path: Assets/SciFi Warehouse Kit/Demo/Audio/SFX/pressure_release_02.wav
  artifactKey: Guid(6429ef6fc932abf48bd557105f587cfb) Importer(2089858483,192608db42251d675da83286b1cce702)
Start importing Assets/SciFi Warehouse Kit/Demo/Audio/SFX/pressure_release_02.wav using Guid(6429ef6fc932abf48bd557105f587cfb) Importer(2089858483,192608db42251d675da83286b1cce702) (ScriptedImporter) -> (artifact id: '84c72ee9980ceed3302ce43dbbbe9096') in 0.2509616 seconds
Number of updated asset objects reloaded before import = 0Number of asset objects unloaded after import = 1

========================================================================
Received Import Request.
  Time since last request: 0.000040 seconds.
  path: Assets/SciFi Warehouse Kit/Prefabs/Structures/Catwalk/Catwalk Pillar 01.prefab
  artifactKey: Guid(725564bae3f68e847ad41c0da4390174) Importer(2089858483,3d70f49cd1c2eb9ae422958d1c652c6b)
Start importing Assets/SciFi Warehouse Kit/Prefabs/Structures/Catwalk/Catwalk Pillar 01.prefab using Guid(725564bae3f68e847ad41c0da4390174) Importer(2089858483,3d70f49cd1c2eb9ae422958d1c652c6b) (ScriptedImporter) -> (artifact id: 'cee8626879448ff9520ff10de3f64ad0') in 0.047952 seconds
Number of updated asset objects reloaded before import = 0Number of asset objects unloaded after import = 9

========================================================================
Received Import Request.
  Time since last request: 0.000056 seconds.
  path: Assets/SciFi Warehouse Kit/Prefabs/Structures/Walls/Wall DoorClosed.prefab
  artifactKey: Guid(af0f215540b1a80498f1cc5db63afe57) Importer(2089858483,192608db42251d675da83286b1cce702)
Start importing Assets/SciFi Warehouse Kit/Prefabs/Structures/Walls/Wall DoorClosed.prefab using Guid(af0f215540b1a80498f1cc5db63afe57) Importer(2089858483,192608db42251d675da83286b1cce702) (ScriptedImporter) -> (artifact id: 'fb75a13ae2d2b3302e29806a3c1c096f') in 0.0776108 seconds
Number of updated asset objects reloaded before import = 0Number of asset objects unloaded after import = 20

========================================================================
Received Import Request.
  Time since last request: 0.000043 seconds.
  path: Assets/SciFi Warehouse Kit/Art/Materials/Cart.physicMaterial
  artifactKey: Guid(78d04382307048b4681eae7b8232736a) Importer(2089858483,192608db42251d675da83286b1cce702)
Start importing Assets/SciFi Warehouse Kit/Art/Materials/Cart.physicMaterial using Guid(78d04382307048b4681eae7b8232736a) Importer(2089858483,192608db42251d675da83286b1cce702) (ScriptedImporter) -> (artifact id: 'c03113c91caded209003f05010032710') in 0.0619181 seconds
Number of updated asset objects reloaded before import = 0Number of asset objects unloaded after import = 1

========================================================================
Received Import Request.
  Time since last request: 0.000057 seconds.
  path: Assets/SciFi Warehouse Kit/Prefabs/Structures/Walls/Wall Fan.prefab
  artifactKey: Guid(0a65198f3cbcab345bc0b33f23a45e76) Importer(2089858483,3d70f49cd1c2eb9ae422958d1c652c6b)
Start importing Assets/SciFi Warehouse Kit/Prefabs/Structures/Walls/Wall Fan.prefab using Guid(0a65198f3cbcab345bc0b33f23a45e76) Importer(2089858483,3d70f49cd1c2eb9ae422958d1c652c6b) (ScriptedImporter) -> (artifact id: '9c6439e064e585e7f723ff62b0d5496f') in 0.1034598 seconds
Number of updated asset objects reloaded before import = 0Number of asset objects unloaded after import = 38

========================================================================
Received Import Request.
  Time since last request: 0.000038 seconds.
  path: Assets/SciFi Warehouse Kit/Art/Meshes/Structures/Ceiling
  artifactKey: Guid(7db3df7df004212488a9ddbe567e0a06) Importer(2089858483,192608db42251d675da83286b1cce702)
Start importing Assets/SciFi Warehouse Kit/Art/Meshes/Structures/Ceiling using Guid(7db3df7df004212488a9ddbe567e0a06) Importer(2089858483,192608db42251d675da83286b1cce702) (ScriptedImporter) -> (artifact id: 'a0a09416c9260ae8cb5454a8dada2091') in 0.045946 seconds
Number of updated asset objects reloaded before import = 0Number of asset objects unloaded after import = 1

========================================================================
Received Import Request.
  Time since last request: 0.000050 seconds.
  path: Assets/SciFi Warehouse Kit/Art/Meshes/Structures/Structure Props/Pipes 03.fbx
  artifactKey: Guid(93b8f057a6dc5444292ff9a248b10a51) Importer(2089858483,192608db42251d675da83286b1cce702)
Start importing Assets/SciFi Warehouse Kit/Art/Meshes/Structures/Structure Props/Pipes 03.fbx using Guid(93b8f057a6dc5444292ff9a248b10a51) Importer(2089858483,192608db42251d675da83286b1cce702) (ScriptedImporter) -> (artifact id: 'ca0ec0bb21c17b3d32e66c0e6b7c219e') in 0.1433388 seconds
Number of updated asset objects reloaded before import = 0Number of asset objects unloaded after import = 8

========================================================================
Received Import Request.
  Time since last request: 0.000041 seconds.
  path: Assets/SciFi Warehouse Kit/Art/Materials/Cart Mat.mat
  artifactKey: Guid(baab5468dbdb114448b307048c9006a8) Importer(2089858483,192608db42251d675da83286b1cce702)
Start importing Assets/SciFi Warehouse Kit/Art/Materials/Cart Mat.mat using Guid(baab5468dbdb114448b307048c9006a8) Importer(2089858483,192608db42251d675da83286b1cce702) (ScriptedImporter) -> (artifact id: 'eb1e2c33816820ebd0618444301a0dd6') in 0.0944254 seconds
Number of updated asset objects reloaded before import = 0Number of asset objects unloaded after import = 3

========================================================================
Received Import Request.
  Time since last request: 0.000046 seconds.
  path: Assets/SciFi Warehouse Kit/Prefabs/Structures/Corridors/Corridor Wide Corner.prefab
  artifactKey: Guid(01c384aacd76e1742a420e899cfbca6a) Importer(2089858483,192608db42251d675da83286b1cce702)
Start importing Assets/SciFi Warehouse Kit/Prefabs/Structures/Corridors/Corridor Wide Corner.prefab using Guid(01c384aacd76e1742a420e899cfbca6a) Importer(2089858483,192608db42251d675da83286b1cce702) (ScriptedImporter) -> (artifact id: 'ae6dedb67c3f3438a209015a6367af9d') in 0.0799998 seconds
Number of updated asset objects reloaded before import = 0Number of asset objects unloaded after import = 37

========================================================================
Received Import Request.
  Time since last request: 0.000032 seconds.
  path: Assets/SciFi Warehouse Kit/Art/Textures/stairs_n.png
  artifactKey: Guid(3255e8d68bec69245a29429b6b4ef78f) Importer(2089858483,192608db42251d675da83286b1cce702)
Start importing Assets/SciFi Warehouse Kit/Art/Textures/stairs_n.png using Guid(3255e8d68bec69245a29429b6b4ef78f) Importer(2089858483,192608db42251d675da83286b1cce702) (ScriptedImporter) -> (artifact id: 'b1fa32db4e760d2f71c6e589ce91be21') in 0.4240702 seconds
Number of updated asset objects reloaded before import = 0Number of asset objects unloaded after import = 1

========================================================================
Received Import Request.
  Time since last request: 0.000056 seconds.
  path: Assets/SciFi Warehouse Kit/Demo/Scripts/PlayerMovement.cs
  artifactKey: Guid(9ab0fc542e6aa6e48bf61987d199042b) Importer(2089858483,192608db42251d675da83286b1cce702)
Start importing Assets/SciFi Warehouse Kit/Demo/Scripts/PlayerMovement.cs using Guid(9ab0fc542e6aa6e48bf61987d199042b) Importer(2089858483,192608db42251d675da83286b1cce702) (ScriptedImporter) -> (artifact id: 'a6b32b4f8e02fc50b5a13c86562e452c') in 0.1356028 seconds
Number of updated asset objects reloaded before import = 0Number of asset objects unloaded after import = 0

========================================================================
Received Import Request.
  Time since last request: 0.000054 seconds.
  path: Assets/SciFi Warehouse Kit/Art/Meshes/Structures/Structure Props/Pipes 01.fbx
  artifactKey: Guid(bc85683a6fc9dcc4eab2eb1651f60ff6) Importer(2089858483,192608db42251d675da83286b1cce702)
Start importing Assets/SciFi Warehouse Kit/Art/Meshes/Structures/Structure Props/Pipes 01.fbx using Guid(bc85683a6fc9dcc4eab2eb1651f60ff6) Importer(2089858483,192608db42251d675da83286b1cce702) (ScriptedImporter) -> (artifact id: '0594deee933e4798743de765a9ced7ca') in 0.232207 seconds
Number of updated asset objects reloaded before import = 0Number of asset objects unloaded after import = 8

========================================================================
Received Import Request.
  Time since last request: 0.000057 seconds.
  path: Assets/SciFi Warehouse Kit/Prefabs/Structures/Catwalk/Catwalk Long.prefab
  artifactKey: Guid(b76f846b3379607468a593969b575654) Importer(2089858483,3d70f49cd1c2eb9ae422958d1c652c6b)
Start importing Assets/SciFi Warehouse Kit/Prefabs/Structures/Catwalk/Catwalk Long.prefab using Guid(b76f846b3379607468a593969b575654) Importer(2089858483,3d70f49cd1c2eb9ae422958d1c652c6b) (ScriptedImporter) -> (artifact id: 'b0e93f7e307e467ced58c2cab37f79a7') in 0.1156272 seconds
Number of updated asset objects reloaded before import = 0Number of asset objects unloaded after import = 9

========================================================================
Received Import Request.
  Time since last request: 0.000038 seconds.
  path: Assets/SciFi Warehouse Kit/Demo/Scene/Lighting Data
  artifactKey: Guid(cd66ea861ab218e418eba62af64e64db) Importer(2089858483,192608db42251d675da83286b1cce702)
Start importing Assets/SciFi Warehouse Kit/Demo/Scene/Lighting Data using Guid(cd66ea861ab218e418eba62af64e64db) Importer(2089858483,192608db42251d675da83286b1cce702) (ScriptedImporter) -> (artifact id: 'd92b474af59f63b0823232357809623a') in 0.1408712 seconds
Number of updated asset objects reloaded before import = 0Number of asset objects unloaded after import = 1

========================================================================
Received Import Request.
  Time since last request: 0.000066 seconds.
  path: Assets/SciFi Warehouse Kit/Art/Meshes/Structures/Corridors/Corridor Wide Corner.fbx
  artifactKey: Guid(6824b60acb70ef24fa40f9f9537a81cb) Importer(2089858483,192608db42251d675da83286b1cce702)
Start importing Assets/SciFi Warehouse Kit/Art/Meshes/Structures/Corridors/Corridor Wide Corner.fbx using Guid(6824b60acb70ef24fa40f9f9537a81cb) Importer(2089858483,192608db42251d675da83286b1cce702) (ScriptedImporter) -> (artifact id: 'cd3a426617ebd56ac678b7cc80d907d6') in 0.0874065 seconds
Number of updated asset objects reloaded before import = 0Number of asset objects unloaded after import = 34

========================================================================
Received Import Request.
  Time since last request: 0.000040 seconds.
  path: Assets/SciFi Warehouse Kit/Prefabs/Structures/Ceiling
  artifactKey: Guid(34ecbc8cfa471d14f8710fc13da2a283) Importer(2089858483,192608db42251d675da83286b1cce702)
Start importing Assets/SciFi Warehouse Kit/Prefabs/Structures/Ceiling using Guid(34ecbc8cfa471d14f8710fc13da2a283) Importer(2089858483,192608db42251d675da83286b1cce702) (ScriptedImporter) -> (artifact id: '0f2b4ecc87e21a7c81840d9b9a9ebf77') in 0.0438473 seconds
Number of updated asset objects reloaded before import = 0Number of asset objects unloaded after import = 1

========================================================================
Received Import Request.
  Time since last request: 0.000058 seconds.
  path: Assets/SciFi Warehouse Kit/Art/Materials/Bay Door Mat.mat
  artifactKey: Guid(539deafe5793ec347a4a6f6754e3393c) Importer(2089858483,192608db42251d675da83286b1cce702)
Start importing Assets/SciFi Warehouse Kit/Art/Materials/Bay Door Mat.mat using Guid(539deafe5793ec347a4a6f6754e3393c) Importer(2089858483,192608db42251d675da83286b1cce702) (ScriptedImporter) -> (artifact id: '41ce8353a33280addd4c8f16132f13de') in 0.2873667 seconds
Number of updated asset objects reloaded before import = 0Number of asset objects unloaded after import = 3

========================================================================
Received Import Request.
  Time since last request: 0.000037 seconds.
  path: Assets/SciFi Warehouse Kit/Prefabs/Structures/Catwalk
  artifactKey: Guid(3c8377d7229e41f459774e1d7898b0e8) Importer(2089858483,192608db42251d675da83286b1cce702)
Start importing Assets/SciFi Warehouse Kit/Prefabs/Structures/Catwalk using Guid(3c8377d7229e41f459774e1d7898b0e8) Importer(2089858483,192608db42251d675da83286b1cce702) (ScriptedImporter) -> (artifact id: '74786603c70e17f0661299d721259f95') in 0.2615823 seconds
Number of updated asset objects reloaded before import = 0Number of asset objects unloaded after import = 1

========================================================================
Received Import Request.
  Time since last request: 0.000056 seconds.
  path: Assets/SciFi Warehouse Kit/Art/Meshes/Props/Crates Barrels Pallets/Crate Long.fbx
  artifactKey: Guid(e53378bffa67fba40888797a9016d1c4) Importer(2089858483,192608db42251d675da83286b1cce702)
Start importing Assets/SciFi Warehouse Kit/Art/Meshes/Props/Crates Barrels Pallets/Crate Long.fbx using Guid(e53378bffa67fba40888797a9016d1c4) Importer(2089858483,192608db42251d675da83286b1cce702) (ScriptedImporter) -> (artifact id: 'fccb147af90fede3a0a69a8bfaee928a') in 0.293964 seconds
Number of updated asset objects reloaded before import = 0Number of asset objects unloaded after import = 8

========================================================================
Received Import Request.
  Time since last request: 0.000216 seconds.
  path: Assets/SciFi Warehouse Kit/Demo/Scene/Lighting Data/LightingData.asset
  artifactKey: Guid(d0be4b2b0e43ef14fa086ef8d382537c) Importer(2089858483,192608db42251d675da83286b1cce702)
Start importing Assets/SciFi Warehouse Kit/Demo/Scene/Lighting Data/LightingData.asset using Guid(d0be4b2b0e43ef14fa086ef8d382537c) Importer(2089858483,192608db42251d675da83286b1cce702) (ScriptedImporter)Lighting data asset ‘LightingData’ is incompatible with the current Unity version because the scene it was baked for was not serialized. Please use Generate Lighting to rebuild the lighting data, or assign the target scene to the Lighting Data Asset in the inspector.
UnityEngine.Debug:ExtractStackTraceNoAlloc (byte*,int,string)
UnityEngine.StackTraceUtility:ExtractStackTrace ()
UnityEditor.AssetDatabase:LoadMainAssetAtPath (string)
UnityEditor.Search.AssetIndexer:IndexProperties (int&,string&,bool&)
UnityEditor.Search.AssetIndexer:IndexDocument (string,bool)
UnityEditor.Search.SearchIndexEntryImporter:OnImportAsset (UnityEditor.AssetImporters.AssetImportContext)
UnityEditor.AssetImporters.ScriptedImporter:GenerateAssetData (UnityEditor.AssetImporters.AssetImportContext)

[C:\build\output\unity\unity\Editor\Src\GI\Enlighten\LightingDataAsset.cpp line 458]

 -> (artifact id: '2a44a852167914e72d80cb3dd4ebd7f6') in 0.1306173 seconds
Number of updated asset objects reloaded before import = 0Number of asset objects unloaded after import = 1

========================================================================
Received Import Request.
  Time since last request: 0.000054 seconds.
  path: Assets/SciFi Warehouse Kit/Art/Textures/structure_misc_s.png
  artifactKey: Guid(d3c6ad91f086afa458657799954de551) Importer(2089858483,192608db42251d675da83286b1cce702)
Start importing Assets/SciFi Warehouse Kit/Art/Textures/structure_misc_s.png using Guid(d3c6ad91f086afa458657799954de551) Importer(2089858483,192608db42251d675da83286b1cce702) (ScriptedImporter) -> (artifact id: 'ea4b7021a5ed3083708fa35b041f283a') in 0.1662211 seconds
Number of updated asset objects reloaded before import = 0Number of asset objects unloaded after import = 1

========================================================================
Received Import Request.
  Time since last request: 0.000043 seconds.
  path: Assets/SciFi Warehouse Kit/Prefabs/Structures/Walls/Wall Corner.prefab
  artifactKey: Guid(32467b8dc355cd04da356b17dbac4f29) Importer(2089858483,192608db42251d675da83286b1cce702)
Start importing Assets/SciFi Warehouse Kit/Prefabs/Structures/Walls/Wall Corner.prefab using Guid(32467b8dc355cd04da356b17dbac4f29) Importer(2089858483,192608db42251d675da83286b1cce702) (ScriptedImporter) -> (artifact id: '04954e3579ab7abf095da622fbd0d8a6') in 0.2572981 seconds
Number of updated asset objects reloaded before import = 0Number of asset objects unloaded after import = 10

========================================================================
Received Import Request.
  Time since last request: 0.000247 seconds.
  path: Assets/SciFi Warehouse Kit/Prefabs/Structures/Catwalk/Catwalk Pillar 02.prefab
  artifactKey: Guid(a157851e6c66e1545ae48d5a470cdc64) Importer(2089858483,192608db42251d675da83286b1cce702)
Start importing Assets/SciFi Warehouse Kit/Prefabs/Structures/Catwalk/Catwalk Pillar 02.prefab using Guid(a157851e6c66e1545ae48d5a470cdc64) Importer(2089858483,192608db42251d675da83286b1cce702) (ScriptedImporter) -> (artifact id: '4e5bc46fa27667023a2db26630279686') in 0.25143 seconds
Number of updated asset objects reloaded before import = 0Number of asset objects unloaded after import = 9

========================================================================
Received Import Request.
  Time since last request: 0.000043 seconds.
  path: Assets/SciFi Warehouse Kit/Prefabs/Structures/Catwalk/Catwalk Corner.prefab
  artifactKey: Guid(f3666c4739f55c24eb42ed8d7b508700) Importer(2089858483,192608db42251d675da83286b1cce702)
Start importing Assets/SciFi Warehouse Kit/Prefabs/Structures/Catwalk/Catwalk Corner.prefab using Guid(f3666c4739f55c24eb42ed8d7b508700) Importer(2089858483,192608db42251d675da83286b1cce702) (ScriptedImporter) -> (artifact id: '22f20575e4569ac0f04fc26d9edbd6f3') in 0.2925187 seconds
Number of updated asset objects reloaded before import = 0Number of asset objects unloaded after import = 9

========================================================================
Received Import Request.
  Time since last request: 0.000219 seconds.
  path: Assets/SciFi Warehouse Kit/Prefabs/Structures/Structure Props/Pipes 03.prefab
  artifactKey: Guid(007da77ee19ebc4459a5d9eb2fc1348a) Importer(2089858483,3d70f49cd1c2eb9ae422958d1c652c6b)
Start importing Assets/SciFi Warehouse Kit/Prefabs/Structures/Structure Props/Pipes 03.prefab using Guid(007da77ee19ebc4459a5d9eb2fc1348a) Importer(2089858483,3d70f49cd1c2eb9ae422958d1c652c6b) (ScriptedImporter) -> (artifact id: 'c92bceee07b2225bdec1ab7bcbc27ff2') in 0.1717386 seconds
Number of updated asset objects reloaded before import = 0Number of asset objects unloaded after import = 8

========================================================================
Received Import Request.
  Time since last request: 0.000044 seconds.
  path: Assets/SciFi Warehouse Kit/Art/Materials/Crate Long Mat.mat
  artifactKey: Guid(56398f210688660468158fcbde7b8bfd) Importer(2089858483,192608db42251d675da83286b1cce702)
Start importing Assets/SciFi Warehouse Kit/Art/Materials/Crate Long Mat.mat using Guid(56398f210688660468158fcbde7b8bfd) Importer(2089858483,192608db42251d675da83286b1cce702) (ScriptedImporter) -> (artifact id: 'd4a6685c2782d33c54d80294d89b7d76') in 0.0676167 seconds
Number of updated asset objects reloaded before import = 0Number of asset objects unloaded after import = 3

========================================================================
Received Import Request.
  Time since last request: 0.000058 seconds.
  path: Assets/SciFi Warehouse Kit/Art/Materials/Stairs Mat.mat
  artifactKey: Guid(8c4847c8d50a57747abfb7f8b3da7863) Importer(2089858483,192608db42251d675da83286b1cce702)
Start importing Assets/SciFi Warehouse Kit/Art/Materials/Stairs Mat.mat using Guid(8c4847c8d50a57747abfb7f8b3da7863) Importer(2089858483,192608db42251d675da83286b1cce702) (ScriptedImporter) -> (artifact id: '8f65fbb133460b58de7bc2a52cf0a5fa') in 0.0984488 seconds
Number of updated asset objects reloaded before import = 0Number of asset objects unloaded after import = 3

========================================================================
Received Import Request.
  Time since last request: 0.000046 seconds.
  path: Assets/SciFi Warehouse Kit/Art/Textures/cart_a.png
  artifactKey: Guid(383fa6f8d555fc94e948a2d49cc5b624) Importer(2089858483,192608db42251d675da83286b1cce702)
Start importing Assets/SciFi Warehouse Kit/Art/Textures/cart_a.png using Guid(383fa6f8d555fc94e948a2d49cc5b624) Importer(2089858483,192608db42251d675da83286b1cce702) (ScriptedImporter) -> (artifact id: '6f0fddb4ba5b334f43ce898da8f687f7') in 0.2948744 seconds
Number of updated asset objects reloaded before import = 0Number of asset objects unloaded after import = 1

========================================================================
Received Import Request.
  Time since last request: 0.000203 seconds.
  path: Assets/SciFi Warehouse Kit/Art/Meshes/Structures/Floor/Floor Tile 03.fbx
  artifactKey: Guid(5cbddee6fa556ed4dbf67a4f02f826fb) Importer(2089858483,192608db42251d675da83286b1cce702)
Start importing Assets/SciFi Warehouse Kit/Art/Meshes/Structures/Floor/Floor Tile 03.fbx using Guid(5cbddee6fa556ed4dbf67a4f02f826fb) Importer(2089858483,192608db42251d675da83286b1cce702) (ScriptedImporter) -> (artifact id: '37f84a67d359f38eeaca7973a724e7f7') in 0.8687017 seconds
Number of updated asset objects reloaded before import = 0Number of asset objects unloaded after import = 8

========================================================================
Received Import Request.
  Time since last request: 0.000045 seconds.
  path: Assets/SciFi Warehouse Kit/Prefabs/Structures/Corridors
  artifactKey: Guid(763e69c2509fe904facb82745ef7751c) Importer(2089858483,192608db42251d675da83286b1cce702)
Start importing Assets/SciFi Warehouse Kit/Prefabs/Structures/Corridors using Guid(763e69c2509fe904facb82745ef7751c) Importer(2089858483,192608db42251d675da83286b1cce702) (ScriptedImporter) -> (artifact id: 'c6f06a0260801582d9ba55864252689b') in 0.1227269 seconds
Number of updated asset objects reloaded before import = 0Number of asset objects unloaded after import = 1

========================================================================
Received Import Request.
  Time since last request: 0.000058 seconds.
  path: Assets/SciFi Warehouse Kit/Art/Meshes/Structures/Structure Props/Pipes 04.fbx
  artifactKey: Guid(20c996ef2120d4f46878fd50f9f45703) Importer(2089858483,192608db42251d675da83286b1cce702)
Start importing Assets/SciFi Warehouse Kit/Art/Meshes/Structures/Structure Props/Pipes 04.fbx using Guid(20c996ef2120d4f46878fd50f9f45703) Importer(2089858483,192608db42251d675da83286b1cce702) (ScriptedImporter) -> (artifact id: 'dd8c4698cae1fead76beefbcb62aa6e4') in 0.456244 seconds
Number of updated asset objects reloaded before import = 0Number of asset objects unloaded after import = 8

========================================================================
Received Import Request.
  Time since last request: 0.000050 seconds.
  path: Assets/SciFi Warehouse Kit/Prefabs/Structures/Walls/Wall Window.prefab
  artifactKey: Guid(1b890216c6645c648bfde4c7ba8f0b08) Importer(2089858483,3d70f49cd1c2eb9ae422958d1c652c6b)
Start importing Assets/SciFi Warehouse Kit/Prefabs/Structures/Walls/Wall Window.prefab using Guid(1b890216c6645c648bfde4c7ba8f0b08) Importer(2089858483,3d70f49cd1c2eb9ae422958d1c652c6b) (ScriptedImporter) -> (artifact id: 'aee6cfa2be9a654a9e72c578d31c5795') in 0.2842444 seconds
Number of updated asset objects reloaded before import = 0Number of asset objects unloaded after import = 22

========================================================================
Received Import Request.
  Time since last request: 0.000056 seconds.
  path: Assets/SciFi Warehouse Kit/Prefabs/Props/Crates Barrels Pallets
  artifactKey: Guid(b0cbbcf7554a69441a731afd8fc2a7f6) Importer(2089858483,192608db42251d675da83286b1cce702)
Start importing Assets/SciFi Warehouse Kit/Prefabs/Props/Crates Barrels Pallets using Guid(b0cbbcf7554a69441a731afd8fc2a7f6) Importer(2089858483,192608db42251d675da83286b1cce702) (ScriptedImporter) -> (artifact id: '693a67db89bd69e387b9a02e5668fac8') in 0.0387269 seconds
Number of updated asset objects reloaded before import = 0Number of asset objects unloaded after import = 1

========================================================================
Received Import Request.
  Time since last request: 0.000035 seconds.
  path: Assets/SciFi Warehouse Kit/Art/Textures
  artifactKey: Guid(d6b0d1af86e112647ad27125592e5326) Importer(2089858483,192608db42251d675da83286b1cce702)
Start importing Assets/SciFi Warehouse Kit/Art/Textures using Guid(d6b0d1af86e112647ad27125592e5326) Importer(2089858483,192608db42251d675da83286b1cce702) (ScriptedImporter) -> (artifact id: '6452c57894ee1c48e57733cc3dc51ad2') in 0.0428664 seconds
Number of updated asset objects reloaded before import = 0Number of asset objects unloaded after import = 1

========================================================================
Received Import Request.
  Time since last request: 0.000136 seconds.
  path: Assets/SciFi Warehouse Kit/Art/Meshes/Structures/Corridors/Corridor Deadend.fbx
  artifactKey: Guid(36a9c6b5bbc21cf46bfd3d95a186d00b) Importer(2089858483,192608db42251d675da83286b1cce702)
Start importing Assets/SciFi Warehouse Kit/Art/Meshes/Structures/Corridors/Corridor Deadend.fbx using Guid(36a9c6b5bbc21cf46bfd3d95a186d00b) Importer(2089858483,192608db42251d675da83286b1cce702) (ScriptedImporter) -> (artifact id: 'e1ac6dfa5f867b3e950452287b8d4018') in 0.2372653 seconds
Number of updated asset objects reloaded before import = 0Number of asset objects unloaded after import = 8

========================================================================
Received Import Request.
  Time since last request: 0.000040 seconds.
  path: Assets/SciFi Warehouse Kit/Art/Materials/Walls.mat
  artifactKey: Guid(d893f707bc253a84aa1e7d87361c830a) Importer(2089858483,192608db42251d675da83286b1cce702)
Start importing Assets/SciFi Warehouse Kit/Art/Materials/Walls.mat using Guid(d893f707bc253a84aa1e7d87361c830a) Importer(2089858483,192608db42251d675da83286b1cce702) (ScriptedImporter) -> (artifact id: '62112ef4896c1a5d11eef1b101ef0762') in 0.2734981 seconds
Number of updated asset objects reloaded before import = 0Number of asset objects unloaded after import = 3

========================================================================
Received Import Request.
  Time since last request: 0.000125 seconds.
  path: Assets/SciFi Warehouse Kit/Prefabs/Props/Ducts/Duct Elbow 01.prefab
  artifactKey: Guid(ead50481603138344b8c40cf80a27232) Importer(2089858483,192608db42251d675da83286b1cce702)
Start importing Assets/SciFi Warehouse Kit/Prefabs/Props/Ducts/Duct Elbow 01.prefab using Guid(ead50481603138344b8c40cf80a27232) Importer(2089858483,192608db42251d675da83286b1cce702) (ScriptedImporter) -> (artifact id: 'c87b4837382aa370e1fab9cd6d24ade6') in 0.2900558 seconds
Number of updated asset objects reloaded before import = 0Number of asset objects unloaded after import = 9

========================================================================
Received Import Request.
  Time since last request: 0.000050 seconds.
  path: Assets/SciFi Warehouse Kit/Art/Meshes/Structures/Corridors/Corridor Tee.fbx
  artifactKey: Guid(2da2bfe86131738449f1d97919e04a0c) Importer(2089858483,192608db42251d675da83286b1cce702)
Start importing Assets/SciFi Warehouse Kit/Art/Meshes/Structures/Corridors/Corridor Tee.fbx using Guid(2da2bfe86131738449f1d97919e04a0c) Importer(2089858483,192608db42251d675da83286b1cce702) (ScriptedImporter) -> (artifact id: 'c5f9c4047e3a847b1e1854453ad4f0c1') in 0.6366495 seconds
Number of updated asset objects reloaded before import = 0Number of asset objects unloaded after import = 29

========================================================================
Received Import Request.
  Time since last request: 0.000058 seconds.
  path: Assets/SciFi Warehouse Kit/Prefabs/Structures/Structure Props/Sprinkler 04.prefab
  artifactKey: Guid(d5ae87b7dbfdf5d4fb46ad152ff2a687) Importer(2089858483,192608db42251d675da83286b1cce702)
Start importing Assets/SciFi Warehouse Kit/Prefabs/Structures/Structure Props/Sprinkler 04.prefab using Guid(d5ae87b7dbfdf5d4fb46ad152ff2a687) Importer(2089858483,192608db42251d675da83286b1cce702) (ScriptedImporter) -> (artifact id: '2ea5eb7638fdceb8c12be7fc42023128') in 0.2507957 seconds
Number of updated asset objects reloaded before import = 0Number of asset objects unloaded after import = 8

========================================================================
Received Import Request.
  Time since last request: 0.000823 seconds.
  path: Assets/SciFi Warehouse Kit/Prefabs/Props/Shelves/Shelves Empty.prefab
  artifactKey: Guid(f27fcf47b279da042ae6ff22c72d9949) Importer(2089858483,192608db42251d675da83286b1cce702)
Start importing Assets/SciFi Warehouse Kit/Prefabs/Props/Shelves/Shelves Empty.prefab using Guid(f27fcf47b279da042ae6ff22c72d9949) Importer(2089858483,192608db42251d675da83286b1cce702) (ScriptedImporter) -> (artifact id: 'f6112f5ea0f93b7dc7004d4cfccd452c') in 1.9323037 seconds
Number of updated asset objects reloaded before import = 0Number of asset objects unloaded after import = 18

========================================================================
Received Import Request.
  Time since last request: 0.000056 seconds.
  path: Assets/SciFi Warehouse Kit/Prefabs/Structures/Catwalk/Short Stairs Wide.prefab
  artifactKey: Guid(7e3f523375a441341abd337ac986d569) Importer(2089858483,192608db42251d675da83286b1cce702)
Start importing Assets/SciFi Warehouse Kit/Prefabs/Structures/Catwalk/Short Stairs Wide.prefab using Guid(7e3f523375a441341abd337ac986d569) Importer(2089858483,192608db42251d675da83286b1cce702) (ScriptedImporter) -> (artifact id: 'a028ccf612e4b990f235be5b24a6ff59') in 0.0663804 seconds
Number of updated asset objects reloaded before import = 0Number of asset objects unloaded after import = 15

========================================================================
Received Import Request.
  Time since last request: 0.000117 seconds.
  path: Assets/SciFi Warehouse Kit/Art/Textures/security_cam_s.png
  artifactKey: Guid(69ac1b7265579394592a0b740d23303f) Importer(2089858483,192608db42251d675da83286b1cce702)
Start importing Assets/SciFi Warehouse Kit/Art/Textures/security_cam_s.png using Guid(69ac1b7265579394592a0b740d23303f) Importer(2089858483,192608db42251d675da83286b1cce702) (ScriptedImporter) -> (artifact id: 'd66bf7f12dbb9862e0d4f2b922097c3b') in 0.0973476 seconds
Number of updated asset objects reloaded before import = 0Number of asset objects unloaded after import = 1

========================================================================
Received Import Request.
  Time since last request: 0.001307 seconds.
  path: Assets/SciFi Warehouse Kit/ReadMe.pdf
  artifactKey: Guid(d3bb5cb4564318c409af7cb19184864d) Importer(2089858483,192608db42251d675da83286b1cce702)
Start importing Assets/SciFi Warehouse Kit/ReadMe.pdf using Guid(d3bb5cb4564318c409af7cb19184864d) Importer(2089858483,192608db42251d675da83286b1cce702) (ScriptedImporter) -> (artifact id: '9ecb8f663c695c5bde62f4e84309c9ad') in 0.0853191 seconds
Number of updated asset objects reloaded before import = 0Number of asset objects unloaded after import = 1

========================================================================
Received Import Request.
  Time since last request: 0.000050 seconds.
  path: Assets/SciFi Warehouse Kit/Prefabs/Structures/Corridors/Corridor Deadend Window.prefab
  artifactKey: Guid(4f1819ea97fb2c147a2281df45df2ea7) Importer(2089858483,192608db42251d675da83286b1cce702)
Start importing Assets/SciFi Warehouse Kit/Prefabs/Structures/Corridors/Corridor Deadend Window.prefab using Guid(4f1819ea97fb2c147a2281df45df2ea7) Importer(2089858483,192608db42251d675da83286b1cce702) (ScriptedImporter) -> (artifact id: 'ad9ac0b42fec7036dc5cfe59f1f12897') in 0.1454214 seconds
Number of updated asset objects reloaded before import = 0Number of asset objects unloaded after import = 20

========================================================================
Received Import Request.
  Time since last request: 0.000058 seconds.
  path: Assets/SciFi Warehouse Kit/Art/Textures/garbage_bin_r.png
  artifactKey: Guid(d7ad1ef2e23610842ab11813ad356066) Importer(2089858483,192608db42251d675da83286b1cce702)
Start importing Assets/SciFi Warehouse Kit/Art/Textures/garbage_bin_r.png using Guid(d7ad1ef2e23610842ab11813ad356066) Importer(2089858483,192608db42251d675da83286b1cce702) (ScriptedImporter) -> (artifact id: '113e0fb64b2bf66e0c776d05908cbd1a') in 0.2056113 seconds
Number of updated asset objects reloaded before import = 0Number of asset objects unloaded after import = 1

========================================================================
Received Import Request.
  Time since last request: 0.000044 seconds.
  path: Assets/SciFi Warehouse Kit/Art/Textures/crate_short_r.png
  artifactKey: Guid(f5f413de0858115449fd876c95bff035) Importer(2089858483,192608db42251d675da83286b1cce702)
Start importing Assets/SciFi Warehouse Kit/Art/Textures/crate_short_r.png using Guid(f5f413de0858115449fd876c95bff035) Importer(2089858483,192608db42251d675da83286b1cce702) (ScriptedImporter) -> (artifact id: '941cf5bd235f33aca74df7942914c0fd') in 0.2367294 seconds
Number of updated asset objects reloaded before import = 0Number of asset objects unloaded after import = 1

========================================================================
Received Import Request.
  Time since last request: 0.000066 seconds.
  path: Assets/SciFi Warehouse Kit/Art/Meshes/Structures/Floor/Floor Tile 01.fbx
  artifactKey: Guid(ce1e1c6afeb8a4c4da4ab18e701d36cc) Importer(2089858483,192608db42251d675da83286b1cce702)
Start importing Assets/SciFi Warehouse Kit/Art/Meshes/Structures/Floor/Floor Tile 01.fbx using Guid(ce1e1c6afeb8a4c4da4ab18e701d36cc) Importer(2089858483,192608db42251d675da83286b1cce702) (ScriptedImporter) -> (artifact id: 'a98c1e8cebd80728d8cd0ed43c5e18a4') in 0.2868291 seconds
Number of updated asset objects reloaded before import = 0Number of asset objects unloaded after import = 8

========================================================================
Received Import Request.
  Time since last request: 0.000040 seconds.
  path: Assets/SciFi Warehouse Kit/Art/Textures/ducts_pillars_s.png
  artifactKey: Guid(caeadc57fb2ccb54b8537e9c5ea0d1bc) Importer(2089858483,192608db42251d675da83286b1cce702)
Start importing Assets/SciFi Warehouse Kit/Art/Textures/ducts_pillars_s.png using Guid(caeadc57fb2ccb54b8537e9c5ea0d1bc) Importer(2089858483,192608db42251d675da83286b1cce702) (ScriptedImporter) -> (artifact id: '368b4dfd444c0088be7423ddd53faed0') in 0.3582902 seconds
Number of updated asset objects reloaded before import = 0Number of asset objects unloaded after import = 1

========================================================================
Received Import Request.
  Time since last request: 0.000054 seconds.
  path: Assets/SciFi Warehouse Kit/Art/Textures/bay_door_s.png
  artifactKey: Guid(dbe3682e8a739064eabe5e94c25a9882) Importer(2089858483,192608db42251d675da83286b1cce702)
Start importing Assets/SciFi Warehouse Kit/Art/Textures/bay_door_s.png using Guid(dbe3682e8a739064eabe5e94c25a9882) Importer(2089858483,192608db42251d675da83286b1cce702) (ScriptedImporter) -> (artifact id: '956e36366ef439b67aef0e2845da9277') in 0.3064288 seconds
Number of updated asset objects reloaded before import = 0Number of asset objects unloaded after import = 1

========================================================================
Received Import Request.
  Time since last request: 0.000042 seconds.
  path: Assets/SciFi Warehouse Kit/Art/Meshes/Structures/Structure Props/Pipes 05.fbx
  artifactKey: Guid(9b54c9e62bb1ef3498daa4cefd52b39c) Importer(2089858483,192608db42251d675da83286b1cce702)
Start importing Assets/SciFi Warehouse Kit/Art/Meshes/Structures/Structure Props/Pipes 05.fbx using Guid(9b54c9e62bb1ef3498daa4cefd52b39c) Importer(2089858483,192608db42251d675da83286b1cce702) (ScriptedImporter) -> (artifact id: 'f4d595f723818b45215eaff771e3824f') in 0.1107393 seconds
Number of updated asset objects reloaded before import = 0Number of asset objects unloaded after import = 8

========================================================================
Received Import Request.
  Time since last request: 0.000203 seconds.
  path: Assets/SciFi Warehouse Kit/Prefabs/Structures/Catwalk/Catwalk Pillar 03.prefab
  artifactKey: Guid(0e4bdd2115ade4d4488a51806240803c) Importer(2089858483,192608db42251d675da83286b1cce702)
Start importing Assets/SciFi Warehouse Kit/Prefabs/Structures/Catwalk/Catwalk Pillar 03.prefab using Guid(0e4bdd2115ade4d4488a51806240803c) Importer(2089858483,192608db42251d675da83286b1cce702) (ScriptedImporter) -> (artifact id: '36c6bdc1c5a746c962d4a56b8a760daa') in 0.0713926 seconds
Number of updated asset objects reloaded before import = 0Number of asset objects unloaded after import = 9

========================================================================
Received Import Request.
  Time since last request: 0.000041 seconds.
  path: Assets/SciFi Warehouse Kit/Prefabs/Structures/Catwalk/Catwalk Pillar Rails.prefab
  artifactKey: Guid(f533d3129260fec48aa145b87c3c9da9) Importer(2089858483,3d70f49cd1c2eb9ae422958d1c652c6b)
Start importing Assets/SciFi Warehouse Kit/Prefabs/Structures/Catwalk/Catwalk Pillar Rails.prefab using Guid(f533d3129260fec48aa145b87c3c9da9) Importer(2089858483,3d70f49cd1c2eb9ae422958d1c652c6b) (ScriptedImporter) -> (artifact id: 'b527228c6b2ceda492d0d541d6b8a946') in 0.0478484 seconds
Number of updated asset objects reloaded before import = 0Number of asset objects unloaded after import = 9

========================================================================
Received Import Request.
  Time since last request: 0.000057 seconds.
  path: Assets/SciFi Warehouse Kit/Art/Textures/floor_tile_n.png
  artifactKey: Guid(1ff204db5ae1e1f4cb7dc3aa73275e5c) Importer(2089858483,192608db42251d675da83286b1cce702)
Start importing Assets/SciFi Warehouse Kit/Art/Textures/floor_tile_n.png using Guid(1ff204db5ae1e1f4cb7dc3aa73275e5c) Importer(2089858483,192608db42251d675da83286b1cce702) (ScriptedImporter) -> (artifact id: 'f259540381fc31340983cbb71112ee66') in 0.2551387 seconds
Number of updated asset objects reloaded before import = 0Number of asset objects unloaded after import = 1

========================================================================
Received Import Request.
  Time since last request: 0.000051 seconds.
  path: Assets/SciFi Warehouse Kit/Prefabs/Structures/Structure Props/Pipes 05.prefab
  artifactKey: Guid(ab69daf48f5bdc74fa067080f34bd815) Importer(2089858483,192608db42251d675da83286b1cce702)
Start importing Assets/SciFi Warehouse Kit/Prefabs/Structures/Structure Props/Pipes 05.prefab using Guid(ab69daf48f5bdc74fa067080f34bd815) Importer(2089858483,192608db42251d675da83286b1cce702) (ScriptedImporter) -> (artifact id: 'abeec253ec3a3fd143e5b7383e5eb706') in 0.1485288 seconds
Number of updated asset objects reloaded before import = 0Number of asset objects unloaded after import = 8

========================================================================
Received Import Request.
  Time since last request: 0.000063 seconds.
  path: Assets/SciFi Warehouse Kit/Art/Materials/Windows.mat
  artifactKey: Guid(eb79ec0657b7d6c48942befc5d7b2c37) Importer(2089858483,192608db42251d675da83286b1cce702)
Start importing Assets/SciFi Warehouse Kit/Art/Materials/Windows.mat using Guid(eb79ec0657b7d6c48942befc5d7b2c37) Importer(2089858483,192608db42251d675da83286b1cce702) (ScriptedImporter) -> (artifact id: '7af886045ba39a68ec798840640f1310') in 0.7900295 seconds
Number of updated asset objects reloaded before import = 0Number of asset objects unloaded after import = 3

========================================================================
Received Import Request.
  Time since last request: 0.000043 seconds.
  path: Assets/SciFi Warehouse Kit/Art/Textures/pallet_a.png
  artifactKey: Guid(d477b1f937a653640b0c0f109216e0cf) Importer(2089858483,192608db42251d675da83286b1cce702)
Start importing Assets/SciFi Warehouse Kit/Art/Textures/pallet_a.png using Guid(d477b1f937a653640b0c0f109216e0cf) Importer(2089858483,192608db42251d675da83286b1cce702) (ScriptedImporter) -> (artifact id: '51cfa9191f2a582f24b854015956b855') in 0.2594008 seconds
Number of updated asset objects reloaded before import = 0Number of asset objects unloaded after import = 1

========================================================================
Received Import Request.
  Time since last request: 0.000049 seconds.
  path: Assets/SciFi Warehouse Kit/Prefabs/Structures/Structure Props/Sprinkler 05.prefab
  artifactKey: Guid(0938980ccd4548d498afb52f86efc01c) Importer(2089858483,192608db42251d675da83286b1cce702)
Start importing Assets/SciFi Warehouse Kit/Prefabs/Structures/Structure Props/Sprinkler 05.prefab using Guid(0938980ccd4548d498afb52f86efc01c) Importer(2089858483,192608db42251d675da83286b1cce702) (ScriptedImporter) -> (artifact id: 'c429dddc801d9b795fad2032abe41fc1') in 0.2368736 seconds
Number of updated asset objects reloaded before import = 0Number of asset objects unloaded after import = 8

========================================================================
Received Import Request.
  Time since last request: 0.000044 seconds.
  path: Assets/SciFi Warehouse Kit/Demo/Scene/Lighting Data/ReflectionProbe-0.exr
  artifactKey: Guid(b9327fe293c1f824d945fde7b14c2095) Importer(2089858483,192608db42251d675da83286b1cce702)
Start importing Assets/SciFi Warehouse Kit/Demo/Scene/Lighting Data/ReflectionProbe-0.exr using Guid(b9327fe293c1f824d945fde7b14c2095) Importer(2089858483,192608db42251d675da83286b1cce702) (ScriptedImporter) -> (artifact id: 'ea8980c03d77a96f56b1d7567f5af363') in 0.2894947 seconds
Number of updated asset objects reloaded before import = 0Number of asset objects unloaded after import = 1

========================================================================
Received Import Request.
  Time since last request: 0.000063 seconds.
  path: Assets/SciFi Warehouse Kit/Prefabs/Structures/Corridors/Corridor Wide Corner Windows.prefab
  artifactKey: Guid(5ceb30273fce6374fadb842df014e681) Importer(2089858483,192608db42251d675da83286b1cce702)
Start importing Assets/SciFi Warehouse Kit/Prefabs/Structures/Corridors/Corridor Wide Corner Windows.prefab using Guid(5ceb30273fce6374fadb842df014e681) Importer(2089858483,192608db42251d675da83286b1cce702) (ScriptedImporter) -> (artifact id: '1dddd2f42c2b2c36867d2a2fed5ad5bc') in 0.2364 seconds
Number of updated asset objects reloaded before import = 0Number of asset objects unloaded after import = 47

========================================================================
Received Import Request.
  Time since last request: 0.000044 seconds.
  path: Assets/SciFi Warehouse Kit/Art/Meshes/Props/Misc Props/Wall Light.fbx
  artifactKey: Guid(241687f1a2ac2ac4c8c35789ba1a8468) Importer(2089858483,192608db42251d675da83286b1cce702)
Start importing Assets/SciFi Warehouse Kit/Art/Meshes/Props/Misc Props/Wall Light.fbx using Guid(241687f1a2ac2ac4c8c35789ba1a8468) Importer(2089858483,192608db42251d675da83286b1cce702) (ScriptedImporter) -> (artifact id: '5a9238f1743fb1308dcb869c09b9a181') in 0.2051719 seconds
Number of updated asset objects reloaded before import = 0Number of asset objects unloaded after import = 14

========================================================================
Received Import Request.
  Time since last request: 0.000054 seconds.
  path: Assets/SciFi Warehouse Kit/Prefabs/Structures/Corridors/Corridor Passthrough Lights.prefab
  artifactKey: Guid(eb2cfde91ad31bf4bad84b2c70e9816e) Importer(2089858483,3d70f49cd1c2eb9ae422958d1c652c6b)
Start importing Assets/SciFi Warehouse Kit/Prefabs/Structures/Corridors/Corridor Passthrough Lights.prefab using Guid(eb2cfde91ad31bf4bad84b2c70e9816e) Importer(2089858483,3d70f49cd1c2eb9ae422958d1c652c6b) (ScriptedImporter) -> (artifact id: 'f837d8cfd41d63113e281fd0cb77adc3') in 0.1531788 seconds
Number of updated asset objects reloaded before import = 0Number of asset objects unloaded after import = 43

========================================================================
Received Import Request.
  Time since last request: 0.000045 seconds.
  path: Assets/SciFi Warehouse Kit/Art/Textures/cart_r.png
  artifactKey: Guid(8bb443e373822e443b811be7632a5de2) Importer(2089858483,192608db42251d675da83286b1cce702)
Start importing Assets/SciFi Warehouse Kit/Art/Textures/cart_r.png using Guid(8bb443e373822e443b811be7632a5de2) Importer(2089858483,192608db42251d675da83286b1cce702) (ScriptedImporter) -> (artifact id: '86a2045c22087a94c784ffa305d51cfd') in 0.0733937 seconds
Number of updated asset objects reloaded before import = 0Number of asset objects unloaded after import = 1

========================================================================
Received Import Request.
  Time since last request: 0.000058 seconds.
  path: Assets/SciFi Warehouse Kit/Prefabs/Structures/Corridors/Corridor Incline Full.prefab
  artifactKey: Guid(cc5db88956188ec4e99ecccc1cc1a855) Importer(2089858483,3d70f49cd1c2eb9ae422958d1c652c6b)
Start importing Assets/SciFi Warehouse Kit/Prefabs/Structures/Corridors/Corridor Incline Full.prefab using Guid(cc5db88956188ec4e99ecccc1cc1a855) Importer(2089858483,3d70f49cd1c2eb9ae422958d1c652c6b) (ScriptedImporter) -> (artifact id: 'f40714f664266dce5acaf2d23cff494a') in 0.0949602 seconds
Number of updated asset objects reloaded before import = 0Number of asset objects unloaded after import = 47

========================================================================
Received Import Request.
  Time since last request: 0.000042 seconds.
  path: Assets/SciFi Warehouse Kit/Art/Meshes/Props/Ducts/Duct Vent.fbx
  artifactKey: Guid(46032e2b9d73a4c46b7c0a8cfda58d57) Importer(2089858483,192608db42251d675da83286b1cce702)
Start importing Assets/SciFi Warehouse Kit/Art/Meshes/Props/Ducts/Duct Vent.fbx using Guid(46032e2b9d73a4c46b7c0a8cfda58d57) Importer(2089858483,192608db42251d675da83286b1cce702) (ScriptedImporter) -> (artifact id: '61b9962f369313438c718d10ede09889') in 0.3170926 seconds
Number of updated asset objects reloaded before import = 0Number of asset objects unloaded after import = 8

========================================================================
Received Import Request.
  Time since last request: 0.001461 seconds.
  path: Assets/SciFi Warehouse Kit/Art/Meshes/Structures/Walls/Wall Door.fbx
  artifactKey: Guid(c9eb1c81668cbcd41bb3aba898e50112) Importer(2089858483,192608db42251d675da83286b1cce702)
Start importing Assets/SciFi Warehouse Kit/Art/Meshes/Structures/Walls/Wall Door.fbx using Guid(c9eb1c81668cbcd41bb3aba898e50112) Importer(2089858483,192608db42251d675da83286b1cce702) (ScriptedImporter) -> (artifact id: 'fe7878f23542210304c8c03d6bfad971') in 0.1445067 seconds
Number of updated asset objects reloaded before import = 0Number of asset objects unloaded after import = 14

========================================================================
Received Import Request.
  Time since last request: 0.000038 seconds.
  path: Assets/SciFi Warehouse Kit/Art/Textures/barrel_s.png
  artifactKey: Guid(2d672071fbccdc8428b05df17df717c5) Importer(2089858483,192608db42251d675da83286b1cce702)
Start importing Assets/SciFi Warehouse Kit/Art/Textures/barrel_s.png using Guid(2d672071fbccdc8428b05df17df717c5) Importer(2089858483,192608db42251d675da83286b1cce702) (ScriptedImporter) -> (artifact id: 'b96c1bce4e34505eaf166bf5d89d6506') in 0.2523934 seconds
Number of updated asset objects reloaded before import = 0Number of asset objects unloaded after import = 1

========================================================================
Received Import Request.
  Time since last request: 0.000053 seconds.
  path: Assets/SciFi Warehouse Kit/Prefabs/Props/Shelves/Shelf Variation 05.prefab
  artifactKey: Guid(ce7e4bd04c6404147b4b1dc694ac9a00) Importer(2089858483,3d70f49cd1c2eb9ae422958d1c652c6b)
Start importing Assets/SciFi Warehouse Kit/Prefabs/Props/Shelves/Shelf Variation 05.prefab using Guid(ce7e4bd04c6404147b4b1dc694ac9a00) Importer(2089858483,3d70f49cd1c2eb9ae422958d1c652c6b) (ScriptedImporter) -> (artifact id: 'e28645218dee99bc10cb61c17dc8ac12') in 0.4197635 seconds
Number of updated asset objects reloaded before import = 0Number of asset objects unloaded after import = 244

========================================================================
Received Import Request.
  Time since last request: 0.000800 seconds.
  path: Assets/SciFi Warehouse Kit/Art/Meshes/Structures/Walls/Wall DoorClosed.fbx
  artifactKey: Guid(b47e3bba032b35441a80e6b384d61baf) Importer(2089858483,192608db42251d675da83286b1cce702)
Start importing Assets/SciFi Warehouse Kit/Art/Meshes/Structures/Walls/Wall DoorClosed.fbx using Guid(b47e3bba032b35441a80e6b384d61baf) Importer(2089858483,192608db42251d675da83286b1cce702) (ScriptedImporter) -> (artifact id: '0e0aae1985abe06e811e7066e7b44af6') in 0.2701198 seconds
Number of updated asset objects reloaded before import = 0Number of asset objects unloaded after import = 19

========================================================================
Received Import Request.
  Time since last request: 0.000095 seconds.
  path: Assets/SciFi Warehouse Kit/Prefabs/Structures/Corridors/Corridor Passthrough.prefab
  artifactKey: Guid(c4470bf28fca8044dab507d047e88c69) Importer(2089858483,3d70f49cd1c2eb9ae422958d1c652c6b)
Start importing Assets/SciFi Warehouse Kit/Prefabs/Structures/Corridors/Corridor Passthrough.prefab using Guid(c4470bf28fca8044dab507d047e88c69) Importer(2089858483,3d70f49cd1c2eb9ae422958d1c652c6b) (ScriptedImporter) -> (artifact id: 'c38b9617185daed7b5f6c2a8d69403c4') in 0.1057537 seconds
Number of updated asset objects reloaded before import = 0Number of asset objects unloaded after import = 36

========================================================================
Received Import Request.
  Time since last request: 0.000045 seconds.
  path: Assets/SciFi Warehouse Kit/Prefabs/Props/Shelves/Shelf Variation 06.prefab
  artifactKey: Guid(cd855204aa12c124189ffacf02f440d2) Importer(2089858483,192608db42251d675da83286b1cce702)
Start importing Assets/SciFi Warehouse Kit/Prefabs/Props/Shelves/Shelf Variation 06.prefab using Guid(cd855204aa12c124189ffacf02f440d2) Importer(2089858483,192608db42251d675da83286b1cce702) (ScriptedImporter) -> (artifact id: 'a68a8e5798cfe6f5b33c06a4c93157aa') in 0.1767411 seconds
Number of updated asset objects reloaded before import = 0Number of asset objects unloaded after import = 222

========================================================================
Received Import Request.
  Time since last request: 0.000053 seconds.
  path: Assets/SciFi Warehouse Kit/Prefabs/Structures/Structure Props/Pipes 01.prefab
  artifactKey: Guid(a481acdedee58d04aa1ddfe33e937ea7) Importer(2089858483,192608db42251d675da83286b1cce702)
Start importing Assets/SciFi Warehouse Kit/Prefabs/Structures/Structure Props/Pipes 01.prefab using Guid(a481acdedee58d04aa1ddfe33e937ea7) Importer(2089858483,192608db42251d675da83286b1cce702) (ScriptedImporter) -> (artifact id: '16f3a539f798ced7ac8ffe67b18636c7') in 0.0643959 seconds
Number of updated asset objects reloaded before import = 0Number of asset objects unloaded after import = 8

========================================================================
Received Import Request.
  Time since last request: 0.000034 seconds.
  path: Assets/SciFi Warehouse Kit/Art/Textures/structure_props_e.png
  artifactKey: Guid(a6f7cf1bc70b23542ad05910e18b046f) Importer(2089858483,192608db42251d675da83286b1cce702)
Start importing Assets/SciFi Warehouse Kit/Art/Textures/structure_props_e.png using Guid(a6f7cf1bc70b23542ad05910e18b046f) Importer(2089858483,192608db42251d675da83286b1cce702) (ScriptedImporter) -> (artifact id: '86beb52aef7a98fddaa7d43859890ab3') in 0.0693643 seconds
Number of updated asset objects reloaded before import = 0Number of asset objects unloaded after import = 1

========================================================================
Received Import Request.
  Time since last request: 0.000057 seconds.
  path: Assets/SciFi Warehouse Kit/Prefabs/Structures/Corridors/Corridor Wide.prefab
  artifactKey: Guid(a57680777d3403843b1e6d4a5b05e5fd) Importer(2089858483,192608db42251d675da83286b1cce702)
Start importing Assets/SciFi Warehouse Kit/Prefabs/Structures/Corridors/Corridor Wide.prefab using Guid(a57680777d3403843b1e6d4a5b05e5fd) Importer(2089858483,192608db42251d675da83286b1cce702) (ScriptedImporter) -> (artifact id: 'b952347b3b720cfcace9011af2c78bb2') in 0.0525889 seconds
Number of updated asset objects reloaded before import = 0Number of asset objects unloaded after import = 38

========================================================================
Received Import Request.
  Time since last request: 0.000035 seconds.
  path: Assets/SciFi Warehouse Kit/Prefabs/Structures/Catwalk/Catwalk Pillar 03.prefab
  artifactKey: Guid(0e4bdd2115ade4d4488a51806240803c) Importer(2089858483,3d70f49cd1c2eb9ae422958d1c652c6b)
Start importing Assets/SciFi Warehouse Kit/Prefabs/Structures/Catwalk/Catwalk Pillar 03.prefab using Guid(0e4bdd2115ade4d4488a51806240803c) Importer(2089858483,3d70f49cd1c2eb9ae422958d1c652c6b) (ScriptedImporter) -> (artifact id: '32230daeb91c032b3f9c420fd3c839ce') in 0.0886074 seconds
Number of updated asset objects reloaded before import = 0Number of asset objects unloaded after import = 9

========================================================================
Received Import Request.
  Time since last request: 0.003508 seconds.
  path: Assets/SciFi Warehouse Kit/Art/Meshes/Structures/Floor/Floor Tile 02.fbx
  artifactKey: Guid(150f1d6c324cb0741ab28ddb5fe215de) Importer(2089858483,192608db42251d675da83286b1cce702)
Start importing Assets/SciFi Warehouse Kit/Art/Meshes/Structures/Floor/Floor Tile 02.fbx using Guid(150f1d6c324cb0741ab28ddb5fe215de) Importer(2089858483,192608db42251d675da83286b1cce702) (ScriptedImporter) -> (artifact id: 'd69d46ff5f1ad2575d99471ab0317dd1') in 0.1550464 seconds
Number of updated asset objects reloaded before import = 0Number of asset objects unloaded after import = 8

========================================================================
Received Import Request.
  Time since last request: 0.000035 seconds.
  path: Assets/SciFi Warehouse Kit/Art/Meshes/Structures/Corridors/Corridor Funnel.fbx
  artifactKey: Guid(d01bf6e4f57c13044a7cd90f9da83dcb) Importer(2089858483,192608db42251d675da83286b1cce702)
Start importing Assets/SciFi Warehouse Kit/Art/Meshes/Structures/Corridors/Corridor Funnel.fbx using Guid(d01bf6e4f57c13044a7cd90f9da83dcb) Importer(2089858483,192608db42251d675da83286b1cce702) (ScriptedImporter) -> (artifact id: '847c28fe263f442007490e336bc1580d') in 0.1745672 seconds
Number of updated asset objects reloaded before import = 0Number of asset objects unloaded after import = 34

========================================================================
Received Import Request.
  Time since last request: 0.000053 seconds.
  path: Assets/SciFi Warehouse Kit/Art/Textures/walls_a.png
  artifactKey: Guid(b23b96e58405f5a47a3552f22652ba7b) Importer(2089858483,192608db42251d675da83286b1cce702)
Start importing Assets/SciFi Warehouse Kit/Art/Textures/walls_a.png using Guid(b23b96e58405f5a47a3552f22652ba7b) Importer(2089858483,192608db42251d675da83286b1cce702) (ScriptedImporter) -> (artifact id: 'bc9057a9b5517c8653987784a1650aa2') in 0.0780276 seconds
Number of updated asset objects reloaded before import = 0Number of asset objects unloaded after import = 1

========================================================================
Received Import Request.
  Time since last request: 0.000041 seconds.
  path: Assets/SciFi Warehouse Kit/Prefabs/Structures/Structure Props/Pipes 04.prefab
  artifactKey: Guid(d6c6112ee867c574980a7331cc4cdb27) Importer(2089858483,192608db42251d675da83286b1cce702)
Start importing Assets/SciFi Warehouse Kit/Prefabs/Structures/Structure Props/Pipes 04.prefab using Guid(d6c6112ee867c574980a7331cc4cdb27) Importer(2089858483,192608db42251d675da83286b1cce702) (ScriptedImporter) -> (artifact id: '644ad348d41fdf4f795f9ed5afd82db5') in 0.0611259 seconds
Number of updated asset objects reloaded before import = 0Number of asset objects unloaded after import = 8

========================================================================
Received Import Request.
  Time since last request: 0.000053 seconds.
  path: Assets/SciFi Warehouse Kit/Art/Textures/structure_misc_n.png
  artifactKey: Guid(4c163bffce96d804aada56a27e79a63f) Importer(2089858483,192608db42251d675da83286b1cce702)
Start importing Assets/SciFi Warehouse Kit/Art/Textures/structure_misc_n.png using Guid(4c163bffce96d804aada56a27e79a63f) Importer(2089858483,192608db42251d675da83286b1cce702) (ScriptedImporter) -> (artifact id: '1c04eb594300e9f5fe230fb28d3212d1') in 0.1124316 seconds
Number of updated asset objects reloaded before import = 0Number of asset objects unloaded after import = 1

========================================================================
Received Import Request.
  Time since last request: 0.000023 seconds.
  path: Assets/SciFi Warehouse Kit/Art/Meshes/Structures/Structure Props
  artifactKey: Guid(70eeb519e080bf04da017b4e4c958576) Importer(2089858483,192608db42251d675da83286b1cce702)
Start importing Assets/SciFi Warehouse Kit/Art/Meshes/Structures/Structure Props using Guid(70eeb519e080bf04da017b4e4c958576) Importer(2089858483,192608db42251d675da83286b1cce702) (ScriptedImporter) -> (artifact id: '8d673ef9f71edbbc287e76727eb2940d') in 0.0262836 seconds
Number of updated asset objects reloaded before import = 0Number of asset objects unloaded after import = 1

========================================================================
Received Import Request.
  Time since last request: 0.000043 seconds.
  path: Assets/SciFi Warehouse Kit/Art/Meshes/Structures/Catwalk/Catwalk Pillar 03.fbx
  artifactKey: Guid(3fc400239d07ab342a3ffee1b8cb99c3) Importer(2089858483,192608db42251d675da83286b1cce702)
Start importing Assets/SciFi Warehouse Kit/Art/Meshes/Structures/Catwalk/Catwalk Pillar 03.fbx using Guid(3fc400239d07ab342a3ffee1b8cb99c3) Importer(2089858483,192608db42251d675da83286b1cce702) (ScriptedImporter) -> (artifact id: 'd4ad276a4e13674dc630afc03093605b') in 0.0418964 seconds
Number of updated asset objects reloaded before import = 0Number of asset objects unloaded after import = 8

========================================================================
Received Import Request.
  Time since last request: 0.000041 seconds.
  path: Assets/SciFi Warehouse Kit/Prefabs/Structures/Catwalk/Catwalk Long Rails.prefab
  artifactKey: Guid(207f61281715ab24f9899fdfa960ca48) Importer(2089858483,192608db42251d675da83286b1cce702)
Start importing Assets/SciFi Warehouse Kit/Prefabs/Structures/Catwalk/Catwalk Long Rails.prefab using Guid(207f61281715ab24f9899fdfa960ca48) Importer(2089858483,192608db42251d675da83286b1cce702) (ScriptedImporter) -> (artifact id: '123f29baa1b9c8846adab48fed4b9f3f') in 0.0322313 seconds
Number of updated asset objects reloaded before import = 0Number of asset objects unloaded after import = 11

========================================================================
Received Import Request.
  Time since last request: 0.000021 seconds.
  path: Assets/SciFi Warehouse Kit/Prefabs/Props/Crates Barrels Pallets/Pallet Variations/Pallet Variation 04.prefab
  artifactKey: Guid(b0e81b98347f86e4b8f377f20dcc2a4e) Importer(2089858483,3d70f49cd1c2eb9ae422958d1c652c6b)
Start importing Assets/SciFi Warehouse Kit/Prefabs/Props/Crates Barrels Pallets/Pallet Variations/Pallet Variation 04.prefab using Guid(b0e81b98347f86e4b8f377f20dcc2a4e) Importer(2089858483,3d70f49cd1c2eb9ae422958d1c652c6b) (ScriptedImporter) -> (artifact id: '2b9699ea936d319ccc08d35f5862406f') in 0.0283983 seconds
Number of updated asset objects reloaded before import = 0Number of asset objects unloaded after import = 48

========================================================================
Received Import Request.
  Time since last request: 0.000022 seconds.
  path: Assets/SciFi Warehouse Kit/Demo/Audio/SFX/siren.wav
  artifactKey: Guid(eecbbe738858027488ed9a7a0c2a5df1) Importer(2089858483,192608db42251d675da83286b1cce702)
Start importing Assets/SciFi Warehouse Kit/Demo/Audio/SFX/siren.wav using Guid(eecbbe738858027488ed9a7a0c2a5df1) Importer(2089858483,192608db42251d675da83286b1cce702) (ScriptedImporter) -> (artifact id: '2431f55352bfbe836523f0ccc4413482') in 0.1032664 seconds
Number of updated asset objects reloaded before import = 0Number of asset objects unloaded after import = 1

========================================================================
Received Import Request.
  Time since last request: 0.000078 seconds.
  path: Assets/SciFi Warehouse Kit/Art/Textures/barrel_a.png
  artifactKey: Guid(96747c193717fa74cbc6dfd9a64bc185) Importer(2089858483,192608db42251d675da83286b1cce702)
Start importing Assets/SciFi Warehouse Kit/Art/Textures/barrel_a.png using Guid(96747c193717fa74cbc6dfd9a64bc185) Importer(2089858483,192608db42251d675da83286b1cce702) (ScriptedImporter) -> (artifact id: '6be9ce61e8366392e223a51868f69f00') in 0.0412517 seconds
Number of updated asset objects reloaded before import = 0Number of asset objects unloaded after import = 1

========================================================================
Received Import Request.
  Time since last request: 0.000018 seconds.
  path: Assets/SciFi Warehouse Kit/Prefabs/Structures/Catwalk/Catwalk Stairs.prefab
  artifactKey: Guid(65467f6b70ddf5e4890bd9f317b3a5b7) Importer(2089858483,192608db42251d675da83286b1cce702)
Start importing Assets/SciFi Warehouse Kit/Prefabs/Structures/Catwalk/Catwalk Stairs.prefab using Guid(65467f6b70ddf5e4890bd9f317b3a5b7) Importer(2089858483,192608db42251d675da83286b1cce702) (ScriptedImporter) -> (artifact id: '240e7da4d144e5652021f1fc8e4d22f0') in 0.0295119 seconds
Number of updated asset objects reloaded before import = 0Number of asset objects unloaded after import = 22

========================================================================
Received Import Request.
  Time since last request: 0.000023 seconds.
  path: Assets/SciFi Warehouse Kit/Demo/Audio/SFX/wompwomp.wav
  artifactKey: Guid(fae646e294e83b8429734823243ff0c9) Importer(2089858483,192608db42251d675da83286b1cce702)
Start importing Assets/SciFi Warehouse Kit/Demo/Audio/SFX/wompwomp.wav using Guid(fae646e294e83b8429734823243ff0c9) Importer(2089858483,192608db42251d675da83286b1cce702) (ScriptedImporter) -> (artifact id: '398ad18e2c5f6ffa7fc944e4316080c7') in 0.0863576 seconds
Number of updated asset objects reloaded before import = 0Number of asset objects unloaded after import = 1

========================================================================
Received Import Request.
  Time since last request: 0.000022 seconds.
  path: Assets/SciFi Warehouse Kit/Prefabs/Props/Crates Barrels Pallets/Pallet Variations/Pallet Variation 05.prefab
  artifactKey: Guid(d96e3ff0793bd824fb6771e987a80a35) Importer(2089858483,3d70f49cd1c2eb9ae422958d1c652c6b)
Start importing Assets/SciFi Warehouse Kit/Prefabs/Props/Crates Barrels Pallets/Pallet Variations/Pallet Variation 05.prefab using Guid(d96e3ff0793bd824fb6771e987a80a35) Importer(2089858483,3d70f49cd1c2eb9ae422958d1c652c6b) (ScriptedImporter) -> (artifact id: '6e2621fbd4bb9789b1348f137bca608a') in 0.0269171 seconds
Number of updated asset objects reloaded before import = 0Number of asset objects unloaded after import = 41

========================================================================
Received Import Request.
  Time since last request: 0.000057 seconds.
  path: Assets/SciFi Warehouse Kit/Prefabs/Structures/Structure Props/Pipes 01.prefab
  artifactKey: Guid(a481acdedee58d04aa1ddfe33e937ea7) Importer(2089858483,3d70f49cd1c2eb9ae422958d1c652c6b)
Start importing Assets/SciFi Warehouse Kit/Prefabs/Structures/Structure Props/Pipes 01.prefab using Guid(a481acdedee58d04aa1ddfe33e937ea7) Importer(2089858483,3d70f49cd1c2eb9ae422958d1c652c6b) (ScriptedImporter) -> (artifact id: '8efed3fa91f5cca7263602fe87c24a12') in 0.0284577 seconds
Number of updated asset objects reloaded before import = 0Number of asset objects unloaded after import = 8

========================================================================
Received Import Request.
  Time since last request: 0.000017 seconds.
  path: Assets/SciFi Warehouse Kit/Prefabs/Structures/Walls/Wall DoorClosed.prefab
  artifactKey: Guid(af0f215540b1a80498f1cc5db63afe57) Importer(2089858483,3d70f49cd1c2eb9ae422958d1c652c6b)
Start importing Assets/SciFi Warehouse Kit/Prefabs/Structures/Walls/Wall DoorClosed.prefab using Guid(af0f215540b1a80498f1cc5db63afe57) Importer(2089858483,3d70f49cd1c2eb9ae422958d1c652c6b) (ScriptedImporter) -> (artifact id: '80c4df5bf9109f4f1a78eda917c089be') in 0.0253806 seconds
Number of updated asset objects reloaded before import = 0Number of asset objects unloaded after import = 22

========================================================================
Received Import Request.
  Time since last request: 0.000022 seconds.
  path: Assets/SciFi Warehouse Kit/Prefabs/Structures/Corridors/Corridor Wide.prefab
  artifactKey: Guid(a57680777d3403843b1e6d4a5b05e5fd) Importer(2089858483,3d70f49cd1c2eb9ae422958d1c652c6b)
Start importing Assets/SciFi Warehouse Kit/Prefabs/Structures/Corridors/Corridor Wide.prefab using Guid(a57680777d3403843b1e6d4a5b05e5fd) Importer(2089858483,3d70f49cd1c2eb9ae422958d1c652c6b) (ScriptedImporter) -> (artifact id: '4c5750894856dd6e7337d3d2c119389e') in 0.0319476 seconds
Number of updated asset objects reloaded before import = 0Number of asset objects unloaded after import = 43

========================================================================
Received Import Request.
  Time since last request: 0.000024 seconds.
  path: Assets/SciFi Warehouse Kit/Prefabs/Structures/Catwalk/Catwalk Short.prefab
  artifactKey: Guid(52c51744944b30b4395badb88a68a18b) Importer(2089858483,3d70f49cd1c2eb9ae422958d1c652c6b)
Start importing Assets/SciFi Warehouse Kit/Prefabs/Structures/Catwalk/Catwalk Short.prefab using Guid(52c51744944b30b4395badb88a68a18b) Importer(2089858483,3d70f49cd1c2eb9ae422958d1c652c6b) (ScriptedImporter) -> (artifact id: '66ccfb47fc7a50f9bcba6d08adc2ebd9') in 0.0297165 seconds
Number of updated asset objects reloaded before import = 0Number of asset objects unloaded after import = 9

========================================================================
Received Import Request.
  Time since last request: 0.000031 seconds.
  path: Assets/SciFi Warehouse Kit/Art/Textures/fan_s.png
  artifactKey: Guid(745d7a9614b139e459f2caa087db58e3) Importer(2089858483,192608db42251d675da83286b1cce702)
Start importing Assets/SciFi Warehouse Kit/Art/Textures/fan_s.png using Guid(745d7a9614b139e459f2caa087db58e3) Importer(2089858483,192608db42251d675da83286b1cce702) (ScriptedImporter) -> (artifact id: '955f932e1a8699a0557f3c965431cd67') in 0.0511882 seconds
Number of updated asset objects reloaded before import = 0Number of asset objects unloaded after import = 1

========================================================================
Received Import Request.
  Time since last request: 0.000018 seconds.
  path: Assets/SciFi Warehouse Kit/Prefabs/Structures/Corridors/Corridor Incline Half.prefab
  artifactKey: Guid(0ef31cdbe65a2f142beeb86422e34425) Importer(2089858483,192608db42251d675da83286b1cce702)
Start importing Assets/SciFi Warehouse Kit/Prefabs/Structures/Corridors/Corridor Incline Half.prefab using Guid(0ef31cdbe65a2f142beeb86422e34425) Importer(2089858483,192608db42251d675da83286b1cce702) (ScriptedImporter) -> (artifact id: '34981d715335cbb1c1a79ddb4d2d1a28') in 0.0521702 seconds
Number of updated asset objects reloaded before import = 0Number of asset objects unloaded after import = 43

========================================================================
Received Import Request.
  Time since last request: 0.000017 seconds.
  path: Assets/SciFi Warehouse Kit/Art/Textures/wall_light_n.png
  artifactKey: Guid(e5c035cbc7f7b954597a86f8f942fd6a) Importer(2089858483,192608db42251d675da83286b1cce702)
Start importing Assets/SciFi Warehouse Kit/Art/Textures/wall_light_n.png using Guid(e5c035cbc7f7b954597a86f8f942fd6a) Importer(2089858483,192608db42251d675da83286b1cce702) (ScriptedImporter) -> (artifact id: 'ec94e7ccf9c9e186a8de47e1e04078ee') in 0.053929 seconds
Number of updated asset objects reloaded before import = 0Number of asset objects unloaded after import = 1

========================================================================
Received Import Request.
  Time since last request: 0.000021 seconds.
  path: Assets/SciFi Warehouse Kit/Art/Meshes/Structures/Corridors/Corridor Doors.fbx
  artifactKey: Guid(825edafc6ccf17640908cb6b69e1c65f) Importer(2089858483,192608db42251d675da83286b1cce702)
Start importing Assets/SciFi Warehouse Kit/Art/Meshes/Structures/Corridors/Corridor Doors.fbx using Guid(825edafc6ccf17640908cb6b69e1c65f) Importer(2089858483,192608db42251d675da83286b1cce702) (ScriptedImporter) -> (artifact id: '9f31a29302eec865f3a0cd1ef6b304be') in 0.0386387 seconds
Number of updated asset objects reloaded before import = 0Number of asset objects unloaded after import = 31

Editor requested this worker to shutdown with reason: Scaling down because of idle timeout
AssetImportWorkerClient::OnTransportError - code=2 error=End of file
AssetImportWorker is now disconnected from the server
Process exiting
Exiting without the bug reporter. Application will terminate with return code 0