Using pre-set license
Built from '6000.0/respin/6000.0.59f1-063c55f2fd0f' branch; Version is '6000.0.59f2 (ef281c76c3c1) revision 15673372'; Using compiler version '193933523'; Build Type 'Release'
OS: 'Windows 11  (10.0.26200) 64bit Core' Language: 'ko' Physical Memory: 16077 MB
BatchMode: 1, IsHumanControllingUs: 0, StartBugReporterOnCrash: 0, Is64bit: 1
Date: 2026-05-26T13:10:32Z

COMMAND LINE ARGUMENTS:
C:\Program Files\Unity\Hub\Editor\6000.0.59f2\Editor\Unity.exe
-adb2
-batchMode
-noUpm
-name
AssetImportWorker29
-projectPath
C:/Users/ghqkr/OneDrive/Desktop/SW 웹사이트/VR-SangHaCha
-logFile
Logs/AssetImportWorker29.log
-srvPort
56803
-job-worker-count
7
-background-job-worker-count
8
-gc-helper-count
1
-name
AssetImport
Successfully changed project path to: C:/Users/ghqkr/OneDrive/Desktop/SW 웹사이트/VR-SangHaCha
C:/Users/ghqkr/OneDrive/Desktop/SW 웹사이트/VR-SangHaCha
[UnityMemory] Configuration Parameters - Can be set up in boot.config
    "memorysetup-bucket-allocator-granularity=16"
    "memorysetup-bucket-allocator-bucket-count=8"
    "memorysetup-bucket-allocator-block-size=33554432"
    "memorysetup-bucket-allocator-block-count=8"
    "memorysetup-main-allocator-block-size=16777216"
    "memorysetup-thread-allocator-block-size=16777216"
    "memorysetup-gfx-main-allocator-block-size=16777216"
    "memorysetup-gfx-thread-allocator-block-size=16777216"
    "memorysetup-cache-allocator-block-size=4194304"
    "memorysetup-typetree-allocator-block-size=2097152"
    "memorysetup-profiler-bucket-allocator-granularity=16"
    "memorysetup-profiler-bucket-allocator-bucket-count=8"
    "memorysetup-profiler-bucket-allocator-block-size=33554432"
    "memorysetup-profiler-bucket-allocator-block-count=8"
    "memorysetup-profiler-allocator-block-size=16777216"
    "memorysetup-profiler-editor-allocator-block-size=1048576"
    "memorysetup-temp-allocator-size-main=16777216"
    "memorysetup-job-temp-allocator-block-size=2097152"
    "memorysetup-job-temp-allocator-block-size-background=1048576"
    "memorysetup-job-temp-allocator-reduction-small-platforms=262144"
    "memorysetup-allocator-temp-initial-block-size-main=262144"
    "memorysetup-allocator-temp-initial-block-size-worker=262144"
    "memorysetup-temp-allocator-size-background-worker=32768"
    "memorysetup-temp-allocator-size-job-worker=262144"
    "memorysetup-temp-allocator-size-preload-manager=33554432"
    "memorysetup-temp-allocator-size-nav-mesh-worker=65536"
    "memorysetup-temp-allocator-size-audio-worker=65536"
    "memorysetup-temp-allocator-size-cloud-worker=32768"
    "memorysetup-temp-allocator-size-gi-baking-worker=262144"
    "memorysetup-temp-allocator-size-gi-baking-worker=262144"
    "memorysetup-temp-allocator-size-gi-baking-worker=262144"
    "memorysetup-temp-allocator-size-gi-baking-worker=262144"
    "memorysetup-temp-allocator-size-gi-baking-worker=262144"
    "memorysetup-temp-allocator-size-gfx=262144"
Player connection [16516]  Target information:

Player connection [16516]  * "[IP] 192.168.0.124 [Port] 0 [Flags] 2 [Guid] 3253709851 [EditorId] 3253709851 [Version] 1048832 [Id] WindowsEditor(7,retser) [Debug] 1 [PackageName] WindowsEditor [ProjectName] Editor" 

Player connection [16516] Host joined multi-casting on [225.0.0.222:54997]...
Player connection [16516] Host joined alternative multi-casting on [225.0.0.222:34997]...
JobSystem: Creating JobQueue using job-worker-count value 7
Input System module state changed to: Initialized.
[Physics::Module] Initialized fallback backend.
[Physics::Module] Id: 0xdecafbad
Library Redirect Path: Library/
[Physics::Module] Selected backend.
[Physics::Module] Name: PhysX
[Physics::Module] Id: 0xf2b8ea05
[Physics::Module] SDK Version: 4.1.2
[Physics::Module] Integration Version: 1.0.0
[Physics::Module] Threading Mode: Multi-Threaded
Refreshing native plugins compatible for Editor in 20.71 ms, found 11 plugins.
Preloading 0 native plugins for Editor in 0.00 ms.
Initialize engine version: 6000.0.59f2 (ef281c76c3c1)
[Subsystems] Discovering subsystems at path C:/Program Files/Unity/Hub/Editor/6000.0.59f2/Editor/Data/Resources/UnitySubsystems
[Subsystems] Discovering subsystems at path C:/Users/ghqkr/OneDrive/Desktop/SW 웹사이트/VR-SangHaCha/Assets
GfxDevice: creating device client; kGfxThreadingModeNonThreaded
Direct3D:
    Version:  Direct3D 11.0 [level 11.1]
    Renderer: NVIDIA GeForce RTX 4060 Laptop GPU (ID=0x28a0)
    Vendor:   NVIDIA
    VRAM:     7957 MB
    Driver:   32.0.15.8183
Initialize mono
Mono path[0] = 'C:/Program Files/Unity/Hub/Editor/6000.0.59f2/Editor/Data/Managed'
Mono path[1] = 'C:/Program Files/Unity/Hub/Editor/6000.0.59f2/Editor/Data/MonoBleedingEdge/lib/mono/unityjit-win32'
Mono config path = 'C:/Program Files/Unity/Hub/Editor/6000.0.59f2/Editor/Data/MonoBleedingEdge/etc'
Using monoOptions --debugger-agent=transport=dt_socket,embedding=1,server=y,suspend=n,address=127.0.0.1:56752
Begin MonoManager ReloadAssembly
Registering precompiled unity dll's ...
Register platform support module: C:/Program Files/Unity/Hub/Editor/6000.0.59f2/Editor/Data/PlaybackEngines/WindowsStandaloneSupport/UnityEditor.WindowsStandalone.Extensions.dll
Register platform support module: C:/Program Files/Unity/Hub/Editor/6000.0.59f2/Editor/Data/PlaybackEngines/AndroidPlayer/UnityEditor.Android.Extensions.dll
Registered in 0.006628 seconds.
- Loaded All Assemblies, in  0.848 seconds
Native extension for Android target not found
Android Extension - Scanning For ADB Devices 1607 ms
Native extension for WindowsStandalone target not found
Mono: successfully reloaded assembly
- Finished resetting the current domain, in  7.627 seconds
Domain Reload Profiling: 8473ms
	BeginReloadAssembly (272ms)
		ExecutionOrderSort (0ms)
		DisableScriptedObjects (0ms)
		BackupInstance (0ms)
		ReleaseScriptingObjects (0ms)
		CreateAndSetChildDomain (1ms)
	RebuildCommonClasses (80ms)
	RebuildNativeTypeToScriptingClass (22ms)
	initialDomainReloadingComplete (88ms)
	LoadAllAssembliesAndSetupDomain (381ms)
		LoadAssemblies (268ms)
		RebuildTransferFunctionScriptingTraits (0ms)
		AnalyzeDomain (375ms)
			TypeCache.Refresh (372ms)
				TypeCache.ScanAssembly (331ms)
			BuildScriptInfoCaches (0ms)
			ResolveRequiredComponents (1ms)
	FinalizeReload (7629ms)
		ReleaseScriptCaches (0ms)
		RebuildScriptCaches (0ms)
		SetupLoadedEditorAssemblies (7263ms)
			LogAssemblyErrors (0ms)
			InitializePlatformSupportModulesInManaged (1799ms)
			SetLoadedEditorAssemblies (91ms)
			BeforeProcessingInitializeOnLoad (1718ms)
			ProcessInitializeOnLoadAttributes (2469ms)
			ProcessInitializeOnLoadMethodAttributes (1185ms)
			AfterProcessingInitializeOnLoad (0ms)
			EditorAssembliesLoaded (0ms)
		ExecutionOrderSort2 (0ms)
		AwakeInstancesAfterBackupRestoration (0ms)
========================================================================
Worker process is ready to serve import requests
Import Worker Mode flag is 0x00
Begin MonoManager ReloadAssembly
- Loaded All Assemblies, in 14.840 seconds
Refreshing native plugins compatible for Editor in 328.28 ms, found 11 plugins.
Native extension for Android target not found
Native extension for WindowsStandalone target not found
Refreshing native plugins compatible for Editor in 367.15 ms, found 11 plugins.
Package Manager log level set to [2]
[Package Manager] Failed to launch server process. Reason: Unity was launched with the -noUpm command-line argument
[Package Manager] Unable to send message (not connected to server process).
[Package Manager] Cannot connect to Unity Package Manager local server
Mono: successfully reloaded assembly
[Package Manager] Failed to launch server process. Reason: Unity was launched with the -noUpm command-line argument
[Package Manager] Unable to send message (not connected to server process).
[Package Manager] Cannot connect to Unity Package Manager local server
[Package Manager] Failed to launch server process. Reason: Unity was launched with the -noUpm command-line argument
[Package Manager] Unable to send message (not connected to server process).
[Package Manager] Cannot connect to Unity Package Manager local server
- Finished resetting the current domain, in 18.448 seconds
Domain Reload Profiling: 33226ms
	BeginReloadAssembly (2385ms)
		ExecutionOrderSort (0ms)
		DisableScriptedObjects (79ms)
		BackupInstance (0ms)
		ReleaseScriptingObjects (0ms)
		CreateAndSetChildDomain (258ms)
	RebuildCommonClasses (412ms)
	RebuildNativeTypeToScriptingClass (69ms)
	initialDomainReloadingComplete (311ms)
	LoadAllAssembliesAndSetupDomain (11595ms)
		LoadAssemblies (8179ms)
		RebuildTransferFunctionScriptingTraits (0ms)
		AnalyzeDomain (4933ms)
			TypeCache.Refresh (3967ms)
				TypeCache.ScanAssembly (3701ms)
			BuildScriptInfoCaches (814ms)
			ResolveRequiredComponents (116ms)
	FinalizeReload (18454ms)
		ReleaseScriptCaches (0ms)
		RebuildScriptCaches (0ms)
		SetupLoadedEditorAssemblies (15033ms)
			LogAssemblyErrors (0ms)
			InitializePlatformSupportModulesInManaged (530ms)
			SetLoadedEditorAssemblies (195ms)
			BeforeProcessingInitializeOnLoad (3324ms)
			ProcessInitializeOnLoadAttributes (8612ms)
			ProcessInitializeOnLoadMethodAttributes (2282ms)
			AfterProcessingInitializeOnLoad (85ms)
			EditorAssembliesLoaded (6ms)
		ExecutionOrderSort2 (0ms)
		AwakeInstancesAfterBackupRestoration (83ms)
WARNING: Shader Unsupported: 'Hidden/Simulation/URP/Synthetic' - All subshaders removed
WARNING: Shader Did you use #pragma only_renderers and omit this platform?
WARNING: Shader If subshaders removal was intentional, you may have forgotten turning Fallback off?
WARNING: Shader Unsupported: 'Hidden/Simulation/URP/Synthetic' - All subshaders removed
WARNING: Shader Did you use #pragma only_renderers and omit this platform?
WARNING: Shader If subshaders removal was intentional, you may have forgotten turning Fallback off?
WARNING: Shader Unsupported: 'Hidden/Simulation/Synthetic Lit' - All subshaders removed
WARNING: Shader Did you use #pragma only_renderers and omit this platform?
WARNING: Shader If subshaders removal was intentional, you may have forgotten turning Fallback off?
WARNING: Shader Unsupported: 'Hidden/Simulation/Synthetic Lit' - All subshaders removed
WARNING: Shader Did you use #pragma only_renderers and omit this platform?
WARNING: Shader If subshaders removal was intentional, you may have forgotten turning Fallback off?
WARNING: Shader Unsupported: 'Simulation/Standard Lit' - All subshaders removed
WARNING: Shader Did you use #pragma only_renderers and omit this platform?
WARNING: Shader If subshaders removal was intentional, you may have forgotten turning Fallback off?
WARNING: Shader Unsupported: 'Simulation/Standard Lit' - All subshaders removed
WARNING: Shader Did you use #pragma only_renderers and omit this platform?
WARNING: Shader If subshaders removal was intentional, you may have forgotten turning Fallback off?
WARNING: Shader Unsupported: 'Simulation/URP/Room X-Ray' - All subshaders removed
WARNING: Shader Did you use #pragma only_renderers and omit this platform?
WARNING: Shader If subshaders removal was intentional, you may have forgotten turning Fallback off?
WARNING: Shader Unsupported: 'Simulation/URP/Room X-Ray' - All subshaders removed
WARNING: Shader Did you use #pragma only_renderers and omit this platform?
WARNING: Shader If subshaders removal was intentional, you may have forgotten turning Fallback off?
WARNING: Shader Unsupported: 'Simulation/Room X-Ray' - All subshaders removed
WARNING: Shader Did you use #pragma only_renderers and omit this platform?
WARNING: Shader If subshaders removal was intentional, you may have forgotten turning Fallback off?
WARNING: Shader Unsupported: 'Simulation/Room X-Ray' - All subshaders removed
WARNING: Shader Did you use #pragma only_renderers and omit this platform?
WARNING: Shader If subshaders removal was intentional, you may have forgotten turning Fallback off?
WARNING: Shader Unsupported: 'Simulation/URP/Lit' - All subshaders removed
WARNING: Shader Did you use #pragma only_renderers and omit this platform?
WARNING: Shader If subshaders removal was intentional, you may have forgotten turning Fallback off?
WARNING: Shader Unsupported: 'Simulation/URP/Lit' - All subshaders removed
WARNING: Shader Did you use #pragma only_renderers and omit this platform?
WARNING: Shader If subshaders removal was intentional, you may have forgotten turning Fallback off?
Launched and connected shader compiler UnityShaderCompiler.exe after 0.07 seconds
Refreshing native plugins compatible for Editor in 892.27 ms, found 11 plugins.
Preloading 0 native plugins for Editor in 0.00 ms.
Unloading 19 Unused Serialized files (Serialized files now loaded: 0)
Unloading 6747 unused Assets / (4.9 MB). Loaded Objects now: 7479.
Memory consumption went from 148.1 MB to 143.1 MB.
Total: 337.447800 ms (FindLiveObjects: 35.987800 ms CreateObjectMapping: 17.857900 ms MarkObjects: 242.954100 ms  DeleteObjects: 40.645300 ms)

========================================================================
Received Import Request.
  Time since last request: 261199.451466 seconds.
  path: Assets/SciFi Warehouse Kit/Prefabs/Structures/Structure Props/Sprinkler 05.prefab
  artifactKey: Guid(0938980ccd4548d498afb52f86efc01c) Importer(2089858483,3d70f49cd1c2eb9ae422958d1c652c6b)
Start importing Assets/SciFi Warehouse Kit/Prefabs/Structures/Structure Props/Sprinkler 05.prefab using Guid(0938980ccd4548d498afb52f86efc01c) Importer(2089858483,3d70f49cd1c2eb9ae422958d1c652c6b) (ScriptedImporter) -> (artifact id: '8f717f544fbbd1c4510c580d71723d3d') in 2.366485 seconds
Number of updated asset objects reloaded before import = 0Number of asset objects unloaded after import = 8

========================================================================
Received Import Request.
  Time since last request: 0.000039 seconds.
  path: Assets/SciFi Warehouse Kit/Prefabs/Structures/Walls
  artifactKey: Guid(c0c3e1e29fbcd8d4b9ff0c993dfcb31b) Importer(2089858483,192608db42251d675da83286b1cce702)
Start importing Assets/SciFi Warehouse Kit/Prefabs/Structures/Walls using Guid(c0c3e1e29fbcd8d4b9ff0c993dfcb31b) Importer(2089858483,192608db42251d675da83286b1cce702) (ScriptedImporter) -> (artifact id: 'a374617a902ce40fe6953507d6f9476d') in 0.0415919 seconds
Number of updated asset objects reloaded before import = 0Number of asset objects unloaded after import = 1

========================================================================
Received Import Request.
  Time since last request: 0.000047 seconds.
  path: Assets/SciFi Warehouse Kit/Prefabs/Structures/Corridors/Corridor Doors Lights.prefab
  artifactKey: Guid(7f9e5333019d1044480ff97c9b142100) Importer(2089858483,3d70f49cd1c2eb9ae422958d1c652c6b)
Start importing Assets/SciFi Warehouse Kit/Prefabs/Structures/Corridors/Corridor Doors Lights.prefab using Guid(7f9e5333019d1044480ff97c9b142100) Importer(2089858483,3d70f49cd1c2eb9ae422958d1c652c6b) (ScriptedImporter) -> (artifact id: 'd70452f693d04de1f941631be5f8b537') in 0.0830674 seconds
Number of updated asset objects reloaded before import = 0Number of asset objects unloaded after import = 43

========================================================================
Received Import Request.
  Time since last request: 0.000038 seconds.
  path: Assets/Settings/Ultra_PipelineAsset.asset
  artifactKey: Guid(8ec56b89d01cfa640bf0d0dffd43967c) Importer(2089858483,3d70f49cd1c2eb9ae422958d1c652c6b)
Start importing Assets/Settings/Ultra_PipelineAsset.asset using Guid(8ec56b89d01cfa640bf0d0dffd43967c) Importer(2089858483,3d70f49cd1c2eb9ae422958d1c652c6b) (ScriptedImporter) -> (artifact id: '77d009f4537136b6bc9c998e5193af54') in 0.0610306 seconds
Number of updated asset objects reloaded before import = 0Number of asset objects unloaded after import = 1

========================================================================
Received Import Request.
  Time since last request: 0.000050 seconds.
  path: Assets/SciFi Warehouse Kit/Prefabs/Structures/Structure Props/Sprinkler 04.prefab
  artifactKey: Guid(d5ae87b7dbfdf5d4fb46ad152ff2a687) Importer(2089858483,3d70f49cd1c2eb9ae422958d1c652c6b)
Start importing Assets/SciFi Warehouse Kit/Prefabs/Structures/Structure Props/Sprinkler 04.prefab using Guid(d5ae87b7dbfdf5d4fb46ad152ff2a687) Importer(2089858483,3d70f49cd1c2eb9ae422958d1c652c6b) (ScriptedImporter) -> (artifact id: 'be458547fab6732a61c7c1d5d5f30716') in 0.0424108 seconds
Number of updated asset objects reloaded before import = 0Number of asset objects unloaded after import = 8

========================================================================
Received Import Request.
  Time since last request: 0.000037 seconds.
  path: Assets/SciFi Warehouse Kit/Demo/Scripts/LightFlicker.cs
  artifactKey: Guid(1560e0c42f6e77d429c1440b33c57ccc) Importer(2089858483,192608db42251d675da83286b1cce702)
Start importing Assets/SciFi Warehouse Kit/Demo/Scripts/LightFlicker.cs using Guid(1560e0c42f6e77d429c1440b33c57ccc) Importer(2089858483,192608db42251d675da83286b1cce702) (ScriptedImporter) -> (artifact id: '243db63d09195ecec37b6be80e46eaf4') in 0.496894 seconds
Number of updated asset objects reloaded before import = 0Number of asset objects unloaded after import = 0

========================================================================
Received Import Request.
  Time since last request: 0.000048 seconds.
  path: Assets/SciFi Warehouse Kit/Art/Textures/walkway_n.png
  artifactKey: Guid(c42df488497626e43ace6a26270b0c56) Importer(2089858483,192608db42251d675da83286b1cce702)
Start importing Assets/SciFi Warehouse Kit/Art/Textures/walkway_n.png using Guid(c42df488497626e43ace6a26270b0c56) Importer(2089858483,192608db42251d675da83286b1cce702) (ScriptedImporter) -> (artifact id: 'f45ba6a5819c010be324b3356b7a8638') in 0.4670588 seconds
Number of updated asset objects reloaded before import = 0Number of asset objects unloaded after import = 1

========================================================================
Received Import Request.
  Time since last request: 0.000036 seconds.
  path: Assets/SciFi Warehouse Kit/Prefabs/Structures/Catwalk/Catwalk Rails Long.prefab
  artifactKey: Guid(4e661a4b9cf2fac4dbc610ceb59e77b8) Importer(2089858483,3d70f49cd1c2eb9ae422958d1c652c6b)
Start importing Assets/SciFi Warehouse Kit/Prefabs/Structures/Catwalk/Catwalk Rails Long.prefab using Guid(4e661a4b9cf2fac4dbc610ceb59e77b8) Importer(2089858483,3d70f49cd1c2eb9ae422958d1c652c6b) (ScriptedImporter) -> (artifact id: '8a2867a606451720a28464018ae45cec') in 0.0678638 seconds
Number of updated asset objects reloaded before import = 0Number of asset objects unloaded after import = 9

========================================================================
Received Import Request.
  Time since last request: 0.000042 seconds.
  path: Assets/SciFi Warehouse Kit/Prefabs/Structures/Ceiling/Ceiling Skylight.prefab
  artifactKey: Guid(407e4e65456601c4ba66e0697b1c325c) Importer(2089858483,3d70f49cd1c2eb9ae422958d1c652c6b)
Start importing Assets/SciFi Warehouse Kit/Prefabs/Structures/Ceiling/Ceiling Skylight.prefab using Guid(407e4e65456601c4ba66e0697b1c325c) Importer(2089858483,3d70f49cd1c2eb9ae422958d1c652c6b) (ScriptedImporter) -> (artifact id: '6c0556b72007fd3da511ad068e12051b') in 0.0819042 seconds
Number of updated asset objects reloaded before import = 0Number of asset objects unloaded after import = 17

========================================================================
Received Import Request.
  Time since last request: 0.000034 seconds.
  path: Assets/SciFi Warehouse Kit/Art/Meshes/Structures/Corridors/Corridor Deadend Window.fbx
  artifactKey: Guid(1ba5474acef99e64987fa5d1254341cc) Importer(2089858483,192608db42251d675da83286b1cce702)
Start importing Assets/SciFi Warehouse Kit/Art/Meshes/Structures/Corridors/Corridor Deadend Window.fbx using Guid(1ba5474acef99e64987fa5d1254341cc) Importer(2089858483,192608db42251d675da83286b1cce702) (ScriptedImporter) -> (artifact id: 'b7274607a9c0549f7a28336111c5d992') in 0.2966355 seconds
Number of updated asset objects reloaded before import = 0Number of asset objects unloaded after import = 19

========================================================================
Received Import Request.
  Time since last request: 0.000045 seconds.
  path: Assets/SciFi Warehouse Kit/Art/Textures/crate_long_r.png
  artifactKey: Guid(8fe121c0409dd9a4ca15478a13b03783) Importer(2089858483,192608db42251d675da83286b1cce702)
Start importing Assets/SciFi Warehouse Kit/Art/Textures/crate_long_r.png using Guid(8fe121c0409dd9a4ca15478a13b03783) Importer(2089858483,192608db42251d675da83286b1cce702) (ScriptedImporter) -> (artifact id: 'a365578d8febd0974db957b0708a9b52') in 0.1077865 seconds
Number of updated asset objects reloaded before import = 0Number of asset objects unloaded after import = 1

========================================================================
Received Import Request.
  Time since last request: 0.000036 seconds.
  path: Assets/SciFi Warehouse Kit/Prefabs/Structures/Floor/Floor Tile 04.prefab
  artifactKey: Guid(f9e1a0158e9f7a545a16fa7c2aa7be4e) Importer(2089858483,192608db42251d675da83286b1cce702)
Start importing Assets/SciFi Warehouse Kit/Prefabs/Structures/Floor/Floor Tile 04.prefab using Guid(f9e1a0158e9f7a545a16fa7c2aa7be4e) Importer(2089858483,192608db42251d675da83286b1cce702) (ScriptedImporter) -> (artifact id: '8370c3e9b0f9a0a316797fe5c4fb8671') in 0.2547705 seconds
Number of updated asset objects reloaded before import = 0Number of asset objects unloaded after import = 9

========================================================================
Received Import Request.
  Time since last request: 0.000054 seconds.
  path: Assets/SciFi Warehouse Kit/Prefabs/Structures/Structure Props/Pipes 02.prefab
  artifactKey: Guid(b091a5595b5f3e84c8aaa0f3b2bee8c4) Importer(2089858483,3d70f49cd1c2eb9ae422958d1c652c6b)
Start importing Assets/SciFi Warehouse Kit/Prefabs/Structures/Structure Props/Pipes 02.prefab using Guid(b091a5595b5f3e84c8aaa0f3b2bee8c4) Importer(2089858483,3d70f49cd1c2eb9ae422958d1c652c6b) (ScriptedImporter) -> (artifact id: '46a68e8f96c6294a19fc1f04890f1a57') in 0.0579246 seconds
Number of updated asset objects reloaded before import = 0Number of asset objects unloaded after import = 8

========================================================================
Received Import Request.
  Time since last request: 0.000037 seconds.
  path: Assets/SciFi Warehouse Kit/Prefabs/Structures/Walls/Wall Plain.prefab
  artifactKey: Guid(b2452a5c2cd649a4db9eebcd16f7b155) Importer(2089858483,3d70f49cd1c2eb9ae422958d1c652c6b)
Start importing Assets/SciFi Warehouse Kit/Prefabs/Structures/Walls/Wall Plain.prefab using Guid(b2452a5c2cd649a4db9eebcd16f7b155) Importer(2089858483,3d70f49cd1c2eb9ae422958d1c652c6b) (ScriptedImporter) -> (artifact id: 'ec6c4250bf705d32b74b558d77f72ecf') in 0.0719571 seconds
Number of updated asset objects reloaded before import = 0Number of asset objects unloaded after import = 9

========================================================================
Received Import Request.
  Time since last request: 0.000046 seconds.
  path: Assets/SciFi Warehouse Kit/Art/Textures/crate_short_n.png
  artifactKey: Guid(edf3aaaffcf4f1d48ac5113102ca02cb) Importer(2089858483,192608db42251d675da83286b1cce702)
Start importing Assets/SciFi Warehouse Kit/Art/Textures/crate_short_n.png using Guid(edf3aaaffcf4f1d48ac5113102ca02cb) Importer(2089858483,192608db42251d675da83286b1cce702) (ScriptedImporter) -> (artifact id: 'e2ee498d92202edb8d4b5972d578a2f0') in 0.1531166 seconds
Number of updated asset objects reloaded before import = 0Number of asset objects unloaded after import = 1

========================================================================
Received Import Request.
  Time since last request: 0.000045 seconds.
  path: Assets/SciFi Warehouse Kit/Art/Meshes/Structures/Structure Props/Sprinkler 03.fbx
  artifactKey: Guid(f8778eebb4cd7d448b243fc1a8b6cc79) Importer(2089858483,192608db42251d675da83286b1cce702)
Start importing Assets/SciFi Warehouse Kit/Art/Meshes/Structures/Structure Props/Sprinkler 03.fbx using Guid(f8778eebb4cd7d448b243fc1a8b6cc79) Importer(2089858483,192608db42251d675da83286b1cce702) (ScriptedImporter) -> (artifact id: '63d8017e8a4a7f1cab7c4de63135fe0b') in 0.1085599 seconds
Number of updated asset objects reloaded before import = 0Number of asset objects unloaded after import = 8

========================================================================
Received Import Request.
  Time since last request: 0.000055 seconds.
  path: Assets/SciFi Warehouse Kit/Art/Textures/extinguisher_n.png
  artifactKey: Guid(34c2ef1ae4e13fd4f909be4cb80e2641) Importer(2089858483,192608db42251d675da83286b1cce702)
Start importing Assets/SciFi Warehouse Kit/Art/Textures/extinguisher_n.png using Guid(34c2ef1ae4e13fd4f909be4cb80e2641) Importer(2089858483,192608db42251d675da83286b1cce702) (ScriptedImporter) -> (artifact id: 'ad00f3a5caf639ccfc9f28166dcd601d') in 0.0821801 seconds
Number of updated asset objects reloaded before import = 0Number of asset objects unloaded after import = 1

========================================================================
Received Import Request.
  Time since last request: 0.000038 seconds.
  path: Assets/SciFi Warehouse Kit/Art/Meshes/Structures/Floor
  artifactKey: Guid(df45a127b26969f42a1fe6477de9832b) Importer(2089858483,192608db42251d675da83286b1cce702)
Start importing Assets/SciFi Warehouse Kit/Art/Meshes/Structures/Floor using Guid(df45a127b26969f42a1fe6477de9832b) Importer(2089858483,192608db42251d675da83286b1cce702) (ScriptedImporter) -> (artifact id: 'fca2cb90ad5894eca68ba512c3376fb8') in 0.0250639 seconds
Number of updated asset objects reloaded before import = 0Number of asset objects unloaded after import = 1

========================================================================
Received Import Request.
  Time since last request: 0.000051 seconds.
  path: Assets/SciFi Warehouse Kit/Prefabs/Structures/Structure Props/Sprinkler 06.prefab
  artifactKey: Guid(31452322714d2494d8edd50f507c751a) Importer(2089858483,3d70f49cd1c2eb9ae422958d1c652c6b)
Start importing Assets/SciFi Warehouse Kit/Prefabs/Structures/Structure Props/Sprinkler 06.prefab using Guid(31452322714d2494d8edd50f507c751a) Importer(2089858483,3d70f49cd1c2eb9ae422958d1c652c6b) (ScriptedImporter) -> (artifact id: '4e2d9dbc4bebc40203caf39277d47d4c') in 0.0285642 seconds
Number of updated asset objects reloaded before import = 0Number of asset objects unloaded after import = 8

========================================================================
Received Import Request.
  Time since last request: 0.000037 seconds.
  path: Assets/SciFi Warehouse Kit/Prefabs/Props/Shelves/Shelf Variation 04.prefab
  artifactKey: Guid(5b83660a4c6176b41bfec1b7029c6597) Importer(2089858483,3d70f49cd1c2eb9ae422958d1c652c6b)
Start importing Assets/SciFi Warehouse Kit/Prefabs/Props/Shelves/Shelf Variation 04.prefab using Guid(5b83660a4c6176b41bfec1b7029c6597) Importer(2089858483,3d70f49cd1c2eb9ae422958d1c652c6b) (ScriptedImporter) -> (artifact id: '4bb95530fe5140209416cc67f950f515') in 0.1854199 seconds
Number of updated asset objects reloaded before import = 0Number of asset objects unloaded after import = 243

========================================================================
Received Import Request.
  Time since last request: 0.000056 seconds.
  path: Assets/SciFi Warehouse Kit/Art/Textures/Skybox/Down.png
  artifactKey: Guid(bb8086d1d88f4454291b183304b77a9c) Importer(2089858483,192608db42251d675da83286b1cce702)
Start importing Assets/SciFi Warehouse Kit/Art/Textures/Skybox/Down.png using Guid(bb8086d1d88f4454291b183304b77a9c) Importer(2089858483,192608db42251d675da83286b1cce702) (ScriptedImporter) -> (artifact id: '5167a331ebcbcfe725c4268a6081c00e') in 0.1167975 seconds
Number of updated asset objects reloaded before import = 0Number of asset objects unloaded after import = 1

========================================================================
Received Import Request.
  Time since last request: 0.000045 seconds.
  path: Assets/SciFi Warehouse Kit/Prefabs/Props/Shelves
  artifactKey: Guid(e673f093470ad5d41ac878979c4647af) Importer(2089858483,192608db42251d675da83286b1cce702)
Start importing Assets/SciFi Warehouse Kit/Prefabs/Props/Shelves using Guid(e673f093470ad5d41ac878979c4647af) Importer(2089858483,192608db42251d675da83286b1cce702) (ScriptedImporter) -> (artifact id: 'e711333f10140f88377efffcbb689a34') in 0.0439829 seconds
Number of updated asset objects reloaded before import = 0Number of asset objects unloaded after import = 1

========================================================================
Received Import Request.
  Time since last request: 0.000047 seconds.
  path: Assets/SciFi Warehouse Kit/Art/Meshes
  artifactKey: Guid(df29d900b28c11841b8a62f1356a830c) Importer(2089858483,192608db42251d675da83286b1cce702)
Start importing Assets/SciFi Warehouse Kit/Art/Meshes using Guid(df29d900b28c11841b8a62f1356a830c) Importer(2089858483,192608db42251d675da83286b1cce702) (ScriptedImporter) -> (artifact id: '01628d0ee0e4d000cfa7e00693f1dcec') in 0.0340298 seconds
Number of updated asset objects reloaded before import = 0Number of asset objects unloaded after import = 1

========================================================================
Received Import Request.
  Time since last request: 0.000035 seconds.
  path: Assets/SciFi Warehouse Kit/Prefabs/Structures/Structure Props/Pipes 03.prefab
  artifactKey: Guid(007da77ee19ebc4459a5d9eb2fc1348a) Importer(2089858483,192608db42251d675da83286b1cce702)
Start importing Assets/SciFi Warehouse Kit/Prefabs/Structures/Structure Props/Pipes 03.prefab using Guid(007da77ee19ebc4459a5d9eb2fc1348a) Importer(2089858483,192608db42251d675da83286b1cce702) (ScriptedImporter) -> (artifact id: 'f327e517922cdb08ea6acfc07154c062') in 0.0877712 seconds
Number of updated asset objects reloaded before import = 0Number of asset objects unloaded after import = 8

========================================================================
Received Import Request.
  Time since last request: 0.000077 seconds.
  path: Assets/SciFi Warehouse Kit/Art/Materials/Walls Alpha.mat
  artifactKey: Guid(9105cf4bbc4fb31479e2afe3138479a0) Importer(2089858483,192608db42251d675da83286b1cce702)
Start importing Assets/SciFi Warehouse Kit/Art/Materials/Walls Alpha.mat using Guid(9105cf4bbc4fb31479e2afe3138479a0) Importer(2089858483,192608db42251d675da83286b1cce702) (ScriptedImporter) -> (artifact id: 'cf992e5c695ca441b0e4d5628253cf6c') in 0.2332894 seconds
Number of updated asset objects reloaded before import = 0Number of asset objects unloaded after import = 3

========================================================================
Received Import Request.
  Time since last request: 0.000170 seconds.
  path: Assets/SciFi Warehouse Kit/Prefabs/Props/Crates Barrels Pallets/Crate Short.prefab
  artifactKey: Guid(aedebdaeae12a6743b39120d2f5156b0) Importer(2089858483,192608db42251d675da83286b1cce702)
Start importing Assets/SciFi Warehouse Kit/Prefabs/Props/Crates Barrels Pallets/Crate Short.prefab using Guid(aedebdaeae12a6743b39120d2f5156b0) Importer(2089858483,192608db42251d675da83286b1cce702) (ScriptedImporter) -> (artifact id: '5df1e8d92b516aad8ec1306ec50b58f0') in 0.0763782 seconds
Number of updated asset objects reloaded before import = 0Number of asset objects unloaded after import = 9

========================================================================
Received Import Request.
  Time since last request: 0.000095 seconds.
  path: Assets/SciFi Warehouse Kit/Art/Materials/Structure Mat.mat
  artifactKey: Guid(8ff1df6862ae9684eb34810df64bc115) Importer(2089858483,192608db42251d675da83286b1cce702)
Start importing Assets/SciFi Warehouse Kit/Art/Materials/Structure Mat.mat using Guid(8ff1df6862ae9684eb34810df64bc115) Importer(2089858483,192608db42251d675da83286b1cce702) (ScriptedImporter) -> (artifact id: 'ae44da6eed0e9fa56caaa87769c7e498') in 0.0985979 seconds
Number of updated asset objects reloaded before import = 0Number of asset objects unloaded after import = 3

========================================================================
Received Import Request.
  Time since last request: 0.000043 seconds.
  path: Assets/SciFi Warehouse Kit/Art/Textures/crate_long_n.png
  artifactKey: Guid(eec563fe86a1585419e6bff27e4dfb68) Importer(2089858483,192608db42251d675da83286b1cce702)
Start importing Assets/SciFi Warehouse Kit/Art/Textures/crate_long_n.png using Guid(eec563fe86a1585419e6bff27e4dfb68) Importer(2089858483,192608db42251d675da83286b1cce702) (ScriptedImporter) -> (artifact id: '3285aafcb05f6468a08dc47f4786187d') in 0.1473641 seconds
Number of updated asset objects reloaded before import = 0Number of asset objects unloaded after import = 1

========================================================================
Received Import Request.
  Time since last request: 0.000056 seconds.
  path: Assets/SciFi Warehouse Kit/Art/Materials/Light Fixture Mat.mat
  artifactKey: Guid(bb2d88d2112f74d4b8dfef23a4b5d31d) Importer(2089858483,192608db42251d675da83286b1cce702)
Start importing Assets/SciFi Warehouse Kit/Art/Materials/Light Fixture Mat.mat using Guid(bb2d88d2112f74d4b8dfef23a4b5d31d) Importer(2089858483,192608db42251d675da83286b1cce702) (ScriptedImporter) -> (artifact id: '575efc4f124c28183ccbe6fac4991362') in 0.3616945 seconds
Number of updated asset objects reloaded before import = 0Number of asset objects unloaded after import = 3

========================================================================
Received Import Request.
  Time since last request: 0.000053 seconds.
  path: Assets/SciFi Warehouse Kit/Prefabs/Structures/Corridors/Corridor Tee.prefab
  artifactKey: Guid(29aa5a78b96148c42bd3f92e5e037e89) Importer(2089858483,192608db42251d675da83286b1cce702)
Start importing Assets/SciFi Warehouse Kit/Prefabs/Structures/Corridors/Corridor Tee.prefab using Guid(29aa5a78b96148c42bd3f92e5e037e89) Importer(2089858483,192608db42251d675da83286b1cce702) (ScriptedImporter) -> (artifact id: '7ce00aa2b72e290bc30e777ebec27838') in 0.1380485 seconds
Number of updated asset objects reloaded before import = 0Number of asset objects unloaded after import = 45

========================================================================
Received Import Request.
  Time since last request: 0.000164 seconds.
  path: Assets/SciFi Warehouse Kit/Art/Meshes/Structures/Structure Props/Pipes 02.fbx
  artifactKey: Guid(335d2e575f6b60848825c079049db587) Importer(2089858483,192608db42251d675da83286b1cce702)
Start importing Assets/SciFi Warehouse Kit/Art/Meshes/Structures/Structure Props/Pipes 02.fbx using Guid(335d2e575f6b60848825c079049db587) Importer(2089858483,192608db42251d675da83286b1cce702) (ScriptedImporter) -> (artifact id: '479b19775889fcb1a29ef3bc58de201d') in 0.2234386 seconds
Number of updated asset objects reloaded before import = 0Number of asset objects unloaded after import = 8

========================================================================
Received Import Request.
  Time since last request: 0.000039 seconds.
  path: Assets/SciFi Warehouse Kit/Prefabs/Props/Misc Props/Fire Extinguisher.prefab
  artifactKey: Guid(300abc4d244c9784cb330753dcf797e4) Importer(2089858483,192608db42251d675da83286b1cce702)
Start importing Assets/SciFi Warehouse Kit/Prefabs/Props/Misc Props/Fire Extinguisher.prefab using Guid(300abc4d244c9784cb330753dcf797e4) Importer(2089858483,192608db42251d675da83286b1cce702) (ScriptedImporter) -> (artifact id: 'f41e721d98e575c6fee118c364c8d861') in 0.2194101 seconds
Number of updated asset objects reloaded before import = 0Number of asset objects unloaded after import = 9

========================================================================
Received Import Request.
  Time since last request: 0.000047 seconds.
  path: Assets/SciFi Warehouse Kit/Prefabs/Props/Crates Barrels Pallets/Pallet Variations/Pallet Variation 01.prefab
  artifactKey: Guid(350af83ef7fbacf4c81d93aaca7de956) Importer(2089858483,3d70f49cd1c2eb9ae422958d1c652c6b)
Start importing Assets/SciFi Warehouse Kit/Prefabs/Props/Crates Barrels Pallets/Pallet Variations/Pallet Variation 01.prefab using Guid(350af83ef7fbacf4c81d93aaca7de956) Importer(2089858483,3d70f49cd1c2eb9ae422958d1c652c6b) (ScriptedImporter) -> (artifact id: '20d60edb41a4dd98ee3d82e91b964015') in 0.1174771 seconds
Number of updated asset objects reloaded before import = 0Number of asset objects unloaded after import = 36

========================================================================
Received Import Request.
  Time since last request: 0.000034 seconds.
  path: Assets/SciFi Warehouse Kit/Art/Textures/Skybox/Back.png
  artifactKey: Guid(1227708538876854fa69e8d12b770599) Importer(2089858483,192608db42251d675da83286b1cce702)
Start importing Assets/SciFi Warehouse Kit/Art/Textures/Skybox/Back.png using Guid(1227708538876854fa69e8d12b770599) Importer(2089858483,192608db42251d675da83286b1cce702) (ScriptedImporter) -> (artifact id: '6ff34070332c688ebfc09cafce7f2097') in 0.1263892 seconds
Number of updated asset objects reloaded before import = 0Number of asset objects unloaded after import = 1

========================================================================
Received Import Request.
  Time since last request: 0.000053 seconds.
  path: Assets/SciFi Warehouse Kit/Art/Materials/Structure Trans Mat.mat
  artifactKey: Guid(8daecc76e81cf114c9854e9ee5a2526a) Importer(2089858483,192608db42251d675da83286b1cce702)
Start importing Assets/SciFi Warehouse Kit/Art/Materials/Structure Trans Mat.mat using Guid(8daecc76e81cf114c9854e9ee5a2526a) Importer(2089858483,192608db42251d675da83286b1cce702) (ScriptedImporter) -> (artifact id: '468e950f6cb72425c2abf8004ee7e09b') in 1.1990552 seconds
Number of updated asset objects reloaded before import = 0Number of asset objects unloaded after import = 3

========================================================================
Received Import Request.
  Time since last request: 0.000040 seconds.
  path: Assets/SciFi Warehouse Kit/Art/Materials
  artifactKey: Guid(815cdc668bc7ee544a30bdc463602607) Importer(2089858483,192608db42251d675da83286b1cce702)
Start importing Assets/SciFi Warehouse Kit/Art/Materials using Guid(815cdc668bc7ee544a30bdc463602607) Importer(2089858483,192608db42251d675da83286b1cce702) (ScriptedImporter) -> (artifact id: '3fc3274865c319d21c07a5d9e8c09f8e') in 0.0829195 seconds
Number of updated asset objects reloaded before import = 0Number of asset objects unloaded after import = 1

========================================================================
Received Import Request.
  Time since last request: 0.000055 seconds.
  path: Assets/SciFi Warehouse Kit/Prefabs/Props/Crates Barrels Pallets/Pallet Variations/Pallet Variation 07.prefab
  artifactKey: Guid(19782abfa2feab045a7110ffc30b6be8) Importer(2089858483,3d70f49cd1c2eb9ae422958d1c652c6b)
Start importing Assets/SciFi Warehouse Kit/Prefabs/Props/Crates Barrels Pallets/Pallet Variations/Pallet Variation 07.prefab using Guid(19782abfa2feab045a7110ffc30b6be8) Importer(2089858483,3d70f49cd1c2eb9ae422958d1c652c6b) (ScriptedImporter) -> (artifact id: 'fca216a662caabdbe56dbf4008678050') in 0.1523526 seconds
Number of updated asset objects reloaded before import = 0Number of asset objects unloaded after import = 41

========================================================================
Received Import Request.
  Time since last request: 0.000184 seconds.
  path: Assets/SciFi Warehouse Kit/Art/Meshes/Props/Crates Barrels Pallets/Pallet.fbx
  artifactKey: Guid(6d51a84963428cf4b9aaabea531eb90f) Importer(2089858483,192608db42251d675da83286b1cce702)
Start importing Assets/SciFi Warehouse Kit/Art/Meshes/Props/Crates Barrels Pallets/Pallet.fbx using Guid(6d51a84963428cf4b9aaabea531eb90f) Importer(2089858483,192608db42251d675da83286b1cce702) (ScriptedImporter) -> (artifact id: '3567a3eb1491c4fc267e90d561ed9ad4') in 0.2949432 seconds
Number of updated asset objects reloaded before import = 0Number of asset objects unloaded after import = 8

========================================================================
Received Import Request.
  Time since last request: 0.000076 seconds.
  path: Assets/SciFi Warehouse Kit/Art/Materials/Stairs Trans Mat.mat
  artifactKey: Guid(1df9dc61ea6b6c849b9e221d26f156bd) Importer(2089858483,192608db42251d675da83286b1cce702)
Start importing Assets/SciFi Warehouse Kit/Art/Materials/Stairs Trans Mat.mat using Guid(1df9dc61ea6b6c849b9e221d26f156bd) Importer(2089858483,192608db42251d675da83286b1cce702) (ScriptedImporter) -> (artifact id: '7f2c3a9c130f953a6cf3d0ded287a3f4') in 0.2354777 seconds
Number of updated asset objects reloaded before import = 0Number of asset objects unloaded after import = 3

========================================================================
Received Import Request.
  Time since last request: 0.000042 seconds.
  path: Assets/SciFi Warehouse Kit/Prefabs/Structures/Structure Props/Sprinkler 02.prefab
  artifactKey: Guid(249530fa23afe5f449b15ecf96228a4d) Importer(2089858483,3d70f49cd1c2eb9ae422958d1c652c6b)
Start importing Assets/SciFi Warehouse Kit/Prefabs/Structures/Structure Props/Sprinkler 02.prefab using Guid(249530fa23afe5f449b15ecf96228a4d) Importer(2089858483,3d70f49cd1c2eb9ae422958d1c652c6b) (ScriptedImporter) -> (artifact id: 'a2bc42c0f9880eac19d5acaa149117ea') in 0.1376602 seconds
Number of updated asset objects reloaded before import = 0Number of asset objects unloaded after import = 8

========================================================================
Received Import Request.
  Time since last request: 0.000051 seconds.
  path: Assets/SciFi Warehouse Kit/Prefabs/Structures/Walls/Wall BayDoor.prefab
  artifactKey: Guid(d324de115c4dff845bee7b7f166883c4) Importer(2089858483,3d70f49cd1c2eb9ae422958d1c652c6b)
Start importing Assets/SciFi Warehouse Kit/Prefabs/Structures/Walls/Wall BayDoor.prefab using Guid(d324de115c4dff845bee7b7f166883c4) Importer(2089858483,3d70f49cd1c2eb9ae422958d1c652c6b) (ScriptedImporter) -> (artifact id: 'fffafa01296e633a9f5dd2f5a6eab011') in 0.1563457 seconds
Number of updated asset objects reloaded before import = 0Number of asset objects unloaded after import = 25

========================================================================
Received Import Request.
  Time since last request: 0.000042 seconds.
  path: Assets/SciFi Warehouse Kit/Art/Textures/structure_props_n.png
  artifactKey: Guid(820c36c5a709ed74fb866a1c393bbb8c) Importer(2089858483,192608db42251d675da83286b1cce702)
Start importing Assets/SciFi Warehouse Kit/Art/Textures/structure_props_n.png using Guid(820c36c5a709ed74fb866a1c393bbb8c) Importer(2089858483,192608db42251d675da83286b1cce702) (ScriptedImporter) -> (artifact id: 'd2699cd17af0c2657d2058023053ffb2') in 0.2926717 seconds
Number of updated asset objects reloaded before import = 0Number of asset objects unloaded after import = 1

========================================================================
Received Import Request.
  Time since last request: 0.000055 seconds.
  path: Assets/SciFi Warehouse Kit/Demo/Audio/Music
  artifactKey: Guid(7f594e396b140b5408642e9fe8b6e3e1) Importer(2089858483,192608db42251d675da83286b1cce702)
Start importing Assets/SciFi Warehouse Kit/Demo/Audio/Music using Guid(7f594e396b140b5408642e9fe8b6e3e1) Importer(2089858483,192608db42251d675da83286b1cce702) (ScriptedImporter) -> (artifact id: '625eaf273dd754e58cbe732793cfbb01') in 0.0773649 seconds
Number of updated asset objects reloaded before import = 0Number of asset objects unloaded after import = 1

========================================================================
Received Import Request.
  Time since last request: 0.000048 seconds.
  path: Assets/SciFi Warehouse Kit/Prefabs/Structures/Corridors/Corridor Doors.prefab
  artifactKey: Guid(2786dfa44f873aa478bb54f2d68fcc64) Importer(2089858483,3d70f49cd1c2eb9ae422958d1c652c6b)
Start importing Assets/SciFi Warehouse Kit/Prefabs/Structures/Corridors/Corridor Doors.prefab using Guid(2786dfa44f873aa478bb54f2d68fcc64) Importer(2089858483,3d70f49cd1c2eb9ae422958d1c652c6b) (ScriptedImporter) -> (artifact id: '40b75222d3ed01ef4a269b62c399bfb7') in 0.0629872 seconds
Number of updated asset objects reloaded before import = 0Number of asset objects unloaded after import = 46

========================================================================
Received Import Request.
  Time since last request: 0.000060 seconds.
  path: Assets/SciFi Warehouse Kit/Prefabs/Structures/Catwalk/Catwalk Rails Short.prefab
  artifactKey: Guid(e2065e8f29774454889634d57ec0a96f) Importer(2089858483,3d70f49cd1c2eb9ae422958d1c652c6b)
Start importing Assets/SciFi Warehouse Kit/Prefabs/Structures/Catwalk/Catwalk Rails Short.prefab using Guid(e2065e8f29774454889634d57ec0a96f) Importer(2089858483,3d70f49cd1c2eb9ae422958d1c652c6b) (ScriptedImporter) -> (artifact id: 'cf174abee80e95ab08136bb42edaf27d') in 0.0559796 seconds
Number of updated asset objects reloaded before import = 0Number of asset objects unloaded after import = 9

========================================================================
Received Import Request.
  Time since last request: 0.000044 seconds.
  path: Assets/SciFi Warehouse Kit/Art/Meshes/Structures/Corridors/Corridor Passthrough.fbx
  artifactKey: Guid(a8a331381b0964540861396e52de1693) Importer(2089858483,192608db42251d675da83286b1cce702)
Start importing Assets/SciFi Warehouse Kit/Art/Meshes/Structures/Corridors/Corridor Passthrough.fbx using Guid(a8a331381b0964540861396e52de1693) Importer(2089858483,192608db42251d675da83286b1cce702) (ScriptedImporter) -> (artifact id: 'cd4f84e8557b2ed51c3b0dfe1e4e89ff') in 0.3638336 seconds
Number of updated asset objects reloaded before import = 0Number of asset objects unloaded after import = 29

========================================================================
Received Import Request.
  Time since last request: 0.000052 seconds.
  path: Assets/SciFi Warehouse Kit/Prefabs/Structures/Walls/Wall Corridor.prefab
  artifactKey: Guid(cd25cf3d7c6ff0e4cb4a7056c87c3ba9) Importer(2089858483,192608db42251d675da83286b1cce702)
Start importing Assets/SciFi Warehouse Kit/Prefabs/Structures/Walls/Wall Corridor.prefab using Guid(cd25cf3d7c6ff0e4cb4a7056c87c3ba9) Importer(2089858483,192608db42251d675da83286b1cce702) (ScriptedImporter) -> (artifact id: '28c4178153f314e20a4aa7773da81b02') in 0.2261124 seconds
Number of updated asset objects reloaded before import = 0Number of asset objects unloaded after import = 12

========================================================================
Received Import Request.
  Time since last request: 0.000044 seconds.
  path: Assets/SciFi Warehouse Kit/Prefabs/Props/Shelves/Shelf Variation 01.prefab
  artifactKey: Guid(324f2a5232c3ab4488fe817c9ea94b63) Importer(2089858483,192608db42251d675da83286b1cce702)
Start importing Assets/SciFi Warehouse Kit/Prefabs/Props/Shelves/Shelf Variation 01.prefab using Guid(324f2a5232c3ab4488fe817c9ea94b63) Importer(2089858483,192608db42251d675da83286b1cce702) (ScriptedImporter) -> (artifact id: 'cd31484555c13412e9b20dda56ed9f63') in 0.3414861 seconds
Number of updated asset objects reloaded before import = 0Number of asset objects unloaded after import = 162

========================================================================
Received Import Request.
  Time since last request: 0.011842 seconds.
  path: Assets/SciFi Warehouse Kit/Art/Meshes/Structures/Corridors/Corridor Corner.fbx
  artifactKey: Guid(cae5fd5b00916314594b00729f56646b) Importer(2089858483,192608db42251d675da83286b1cce702)
Start importing Assets/SciFi Warehouse Kit/Art/Meshes/Structures/Corridors/Corridor Corner.fbx using Guid(cae5fd5b00916314594b00729f56646b) Importer(2089858483,192608db42251d675da83286b1cce702) (ScriptedImporter) -> (artifact id: '9f9f7c4d8f1e26c3be1692bcbd7b0171') in 0.3342471 seconds
Number of updated asset objects reloaded before import = 0Number of asset objects unloaded after import = 29

========================================================================
Received Import Request.
  Time since last request: 0.000050 seconds.
  path: Assets/SciFi Warehouse Kit/Prefabs/Props/Misc Props/Wall Light.prefab
  artifactKey: Guid(30023cc824132bd4bb6a2cd831be15ba) Importer(2089858483,192608db42251d675da83286b1cce702)
Start importing Assets/SciFi Warehouse Kit/Prefabs/Props/Misc Props/Wall Light.prefab using Guid(30023cc824132bd4bb6a2cd831be15ba) Importer(2089858483,192608db42251d675da83286b1cce702) (ScriptedImporter) -> (artifact id: '71bfa3aa8184686e9d4352fde191511b') in 0.2178067 seconds
Number of updated asset objects reloaded before import = 0Number of asset objects unloaded after import = 14

========================================================================
Received Import Request.
  Time since last request: 0.000057 seconds.
  path: Assets/SciFi Warehouse Kit/Art/Textures/walls_s.png
  artifactKey: Guid(3b02615374e602942a0ee9283cff5d8b) Importer(2089858483,192608db42251d675da83286b1cce702)
Start importing Assets/SciFi Warehouse Kit/Art/Textures/walls_s.png using Guid(3b02615374e602942a0ee9283cff5d8b) Importer(2089858483,192608db42251d675da83286b1cce702) (ScriptedImporter) -> (artifact id: '71f89931499a6af4eb7a17c5dde69863') in 0.0972094 seconds
Number of updated asset objects reloaded before import = 0Number of asset objects unloaded after import = 1

========================================================================
Received Import Request.
  Time since last request: 0.000044 seconds.
  path: Assets/SciFi Warehouse Kit/Art/Textures/ceiling_window_s.png
  artifactKey: Guid(3aa70f3ce5d978f4da47a31fea91c548) Importer(2089858483,192608db42251d675da83286b1cce702)
Start importing Assets/SciFi Warehouse Kit/Art/Textures/ceiling_window_s.png using Guid(3aa70f3ce5d978f4da47a31fea91c548) Importer(2089858483,192608db42251d675da83286b1cce702) (ScriptedImporter) -> (artifact id: 'a5c8bbfa77c7ddb723dcf601b2347046') in 0.1660653 seconds
Number of updated asset objects reloaded before import = 0Number of asset objects unloaded after import = 1

========================================================================
Received Import Request.
  Time since last request: 0.000060 seconds.
  path: Assets/SciFi Warehouse Kit/Prefabs/Structures/Floor/Floor Tile 01.prefab
  artifactKey: Guid(cf8443763fc34314490f8a3e2f94dd37) Importer(2089858483,192608db42251d675da83286b1cce702)
Start importing Assets/SciFi Warehouse Kit/Prefabs/Structures/Floor/Floor Tile 01.prefab using Guid(cf8443763fc34314490f8a3e2f94dd37) Importer(2089858483,192608db42251d675da83286b1cce702) (ScriptedImporter) -> (artifact id: '942e0f7c0176a06abdf51687abe21cee') in 0.6474161 seconds
Number of updated asset objects reloaded before import = 0Number of asset objects unloaded after import = 9

========================================================================
Received Import Request.
  Time since last request: 0.000062 seconds.
  path: Assets/SciFi Warehouse Kit/Prefabs/Structures/Floor/Floor Tile 01.prefab
  artifactKey: Guid(cf8443763fc34314490f8a3e2f94dd37) Importer(2089858483,3d70f49cd1c2eb9ae422958d1c652c6b)
Start importing Assets/SciFi Warehouse Kit/Prefabs/Structures/Floor/Floor Tile 01.prefab using Guid(cf8443763fc34314490f8a3e2f94dd37) Importer(2089858483,3d70f49cd1c2eb9ae422958d1c652c6b) (ScriptedImporter) -> (artifact id: 'a2166301604292193f2b79c8a9aaa870') in 0.1744357 seconds
Number of updated asset objects reloaded before import = 0Number of asset objects unloaded after import = 9

========================================================================
Received Import Request.
  Time since last request: 0.000058 seconds.
  path: Assets/SciFi Warehouse Kit/Demo/Audio/Music/upbeatfuture.wav
  artifactKey: Guid(2de937b859f59354db74282032b23fa9) Importer(2089858483,192608db42251d675da83286b1cce702)
Start importing Assets/SciFi Warehouse Kit/Demo/Audio/Music/upbeatfuture.wav using Guid(2de937b859f59354db74282032b23fa9) Importer(2089858483,192608db42251d675da83286b1cce702) (ScriptedImporter) -> (artifact id: 'd723152b6ccbfd433b0d5df6e4e2c1af') in 2.7785753 seconds
Number of updated asset objects reloaded before import = 0Number of asset objects unloaded after import = 1

========================================================================
Received Import Request.
  Time since last request: 0.001934 seconds.
  path: Assets/SciFi Warehouse Kit/Demo/Audio/SFX/footstep.wav
  artifactKey: Guid(263f8aaa01d5d0041b082b7b69d9ca02) Importer(2089858483,192608db42251d675da83286b1cce702)
Start importing Assets/SciFi Warehouse Kit/Demo/Audio/SFX/footstep.wav using Guid(263f8aaa01d5d0041b082b7b69d9ca02) Importer(2089858483,192608db42251d675da83286b1cce702) (ScriptedImporter) -> (artifact id: '1702c02126ba3865f084e91d7b2cef66') in 2.5436906 seconds
Number of updated asset objects reloaded before import = 0Number of asset objects unloaded after import = 1

========================================================================
Received Import Request.
  Time since last request: 0.000058 seconds.
  path: Assets/SciFi Warehouse Kit/Art/Textures/Skybox/Up.png
  artifactKey: Guid(3c564301b9820a14e9455ebdcc20a898) Importer(2089858483,192608db42251d675da83286b1cce702)
Start importing Assets/SciFi Warehouse Kit/Art/Textures/Skybox/Up.png using Guid(3c564301b9820a14e9455ebdcc20a898) Importer(2089858483,192608db42251d675da83286b1cce702) (ScriptedImporter) -> (artifact id: 'b7919063206ecf2e3d027a28083bcbb1') in 0.0947258 seconds
Number of updated asset objects reloaded before import = 0Number of asset objects unloaded after import = 1

========================================================================
Received Import Request.
  Time since last request: 0.000034 seconds.
  path: Assets/SciFi Warehouse Kit/Prefabs/Structures/Corridors/Corridor Passthrough Windows.prefab
  artifactKey: Guid(91b8fa9065e2bc041ba30dded191b2a6) Importer(2089858483,192608db42251d675da83286b1cce702)
Start importing Assets/SciFi Warehouse Kit/Prefabs/Structures/Corridors/Corridor Passthrough Windows.prefab using Guid(91b8fa9065e2bc041ba30dded191b2a6) Importer(2089858483,192608db42251d675da83286b1cce702) (ScriptedImporter) -> (artifact id: '16c70f9bd7be7624496109453105baad') in 0.0989361 seconds
Number of updated asset objects reloaded before import = 0Number of asset objects unloaded after import = 43

========================================================================
Received Import Request.
  Time since last request: 0.000051 seconds.
  path: Assets/SciFi Warehouse Kit/Prefabs/Props/Crates Barrels Pallets/Pallet Variations/Pallet Variation 02.prefab
  artifactKey: Guid(1a91b66dee996324fa51df60c547b29d) Importer(2089858483,3d70f49cd1c2eb9ae422958d1c652c6b)
Start importing Assets/SciFi Warehouse Kit/Prefabs/Props/Crates Barrels Pallets/Pallet Variations/Pallet Variation 02.prefab using Guid(1a91b66dee996324fa51df60c547b29d) Importer(2089858483,3d70f49cd1c2eb9ae422958d1c652c6b) (ScriptedImporter) -> (artifact id: '65aa1920f9f2c97f65e87552632d2adc') in 0.1813823 seconds
Number of updated asset objects reloaded before import = 0Number of asset objects unloaded after import = 48

========================================================================
Received Import Request.
  Time since last request: 0.001282 seconds.
  path: Assets/SciFi Warehouse Kit/Art/Textures/Skybox/Left.png
  artifactKey: Guid(f783f7d87033f2d46aa0213fe99ebeae) Importer(2089858483,192608db42251d675da83286b1cce702)
Start importing Assets/SciFi Warehouse Kit/Art/Textures/Skybox/Left.png using Guid(f783f7d87033f2d46aa0213fe99ebeae) Importer(2089858483,192608db42251d675da83286b1cce702) (ScriptedImporter) -> (artifact id: '3f84d3e06eb142dfe1dd8a3f99b39fd6') in 0.2240941 seconds
Number of updated asset objects reloaded before import = 0Number of asset objects unloaded after import = 1

========================================================================
Received Import Request.
  Time since last request: 0.000056 seconds.
  path: Assets/SciFi Warehouse Kit/Prefabs/Props/Ducts
  artifactKey: Guid(0542446597743df4ebce8ab17cecc964) Importer(2089858483,192608db42251d675da83286b1cce702)
Start importing Assets/SciFi Warehouse Kit/Prefabs/Props/Ducts using Guid(0542446597743df4ebce8ab17cecc964) Importer(2089858483,192608db42251d675da83286b1cce702) (ScriptedImporter) -> (artifact id: 'aa1f85b49bd31b4ed2e8d58c0c28e899') in 0.1579042 seconds
Number of updated asset objects reloaded before import = 0Number of asset objects unloaded after import = 1

========================================================================
Received Import Request.
  Time since last request: 0.000044 seconds.
  path: Assets/SciFi Warehouse Kit/Prefabs/Structures/Structure Props/Pipes 04.prefab
  artifactKey: Guid(d6c6112ee867c574980a7331cc4cdb27) Importer(2089858483,3d70f49cd1c2eb9ae422958d1c652c6b)
Start importing Assets/SciFi Warehouse Kit/Prefabs/Structures/Structure Props/Pipes 04.prefab using Guid(d6c6112ee867c574980a7331cc4cdb27) Importer(2089858483,3d70f49cd1c2eb9ae422958d1c652c6b) (ScriptedImporter) -> (artifact id: '0d374b21580689bc96c058b207b05ce4') in 0.1483052 seconds
Number of updated asset objects reloaded before import = 0Number of asset objects unloaded after import = 8

========================================================================
Received Import Request.
  Time since last request: 0.000060 seconds.
  path: Assets/SciFi Warehouse Kit/Art/Meshes/Props/Misc Props/Fire Extinguisher.fbx
  artifactKey: Guid(9c785a87f662c974db9241207a156048) Importer(2089858483,192608db42251d675da83286b1cce702)
Start importing Assets/SciFi Warehouse Kit/Art/Meshes/Props/Misc Props/Fire Extinguisher.fbx using Guid(9c785a87f662c974db9241207a156048) Importer(2089858483,192608db42251d675da83286b1cce702) (ScriptedImporter) -> (artifact id: 'd29d56ace1fed6fc63bfef966459eb38') in 0.5500813 seconds
Number of updated asset objects reloaded before import = 0Number of asset objects unloaded after import = 8

========================================================================
Received Import Request.
  Time since last request: 0.000046 seconds.
  path: Assets/SciFi Warehouse Kit/Prefabs/Structures/Walls/Wall Corridor.prefab
  artifactKey: Guid(cd25cf3d7c6ff0e4cb4a7056c87c3ba9) Importer(2089858483,3d70f49cd1c2eb9ae422958d1c652c6b)
Start importing Assets/SciFi Warehouse Kit/Prefabs/Structures/Walls/Wall Corridor.prefab using Guid(cd25cf3d7c6ff0e4cb4a7056c87c3ba9) Importer(2089858483,3d70f49cd1c2eb9ae422958d1c652c6b) (ScriptedImporter) -> (artifact id: '760c85c095025660cb674d3d8b62bae3') in 0.1411385 seconds
Number of updated asset objects reloaded before import = 0Number of asset objects unloaded after import = 12

========================================================================
Received Import Request.
  Time since last request: 0.000059 seconds.
  path: Assets/SciFi Warehouse Kit/Demo/Scene
  artifactKey: Guid(a072680649fea4544960d94cd5550b10) Importer(2089858483,192608db42251d675da83286b1cce702)
Start importing Assets/SciFi Warehouse Kit/Demo/Scene using Guid(a072680649fea4544960d94cd5550b10) Importer(2089858483,192608db42251d675da83286b1cce702) (ScriptedImporter) -> (artifact id: 'ecd0a7aa1e11624241d0c25c1d892412') in 0.0935901 seconds
Number of updated asset objects reloaded before import = 0Number of asset objects unloaded after import = 1

========================================================================
Received Import Request.
  Time since last request: 0.000040 seconds.
  path: Assets/SciFi Warehouse Kit/Art/Meshes/Structures/Catwalk/CatWalk Stairs.fbx
  artifactKey: Guid(3c5ecca38b8a52643ac5b38d00d57155) Importer(2089858483,192608db42251d675da83286b1cce702)
Start importing Assets/SciFi Warehouse Kit/Art/Meshes/Structures/Catwalk/CatWalk Stairs.fbx using Guid(3c5ecca38b8a52643ac5b38d00d57155) Importer(2089858483,192608db42251d675da83286b1cce702) (ScriptedImporter) -> (artifact id: '3bd42e61f109faac0be5e235cf585842') in 0.1947671 seconds
Number of updated asset objects reloaded before import = 0Number of asset objects unloaded after import = 19

========================================================================
Received Import Request.
  Time since last request: 0.000053 seconds.
  path: Assets/SciFi Warehouse Kit/Art/Textures/pallet_s.png
  artifactKey: Guid(11eb960e0d61abe43a24da4fbf019197) Importer(2089858483,192608db42251d675da83286b1cce702)
Start importing Assets/SciFi Warehouse Kit/Art/Textures/pallet_s.png using Guid(11eb960e0d61abe43a24da4fbf019197) Importer(2089858483,192608db42251d675da83286b1cce702) (ScriptedImporter) -> (artifact id: '90dfda126ae01831523270c01ae7be47') in 0.0786528 seconds
Number of updated asset objects reloaded before import = 0Number of asset objects unloaded after import = 1

========================================================================
Received Import Request.
  Time since last request: 0.000041 seconds.
  path: Assets/Scenes/SampleScene.unity
  artifactKey: Guid(55daccc09a3b69647bbab145b54a3ab3) Importer(2089858483,3d70f49cd1c2eb9ae422958d1c652c6b)
Start importing Assets/Scenes/SampleScene.unity using Guid(55daccc09a3b69647bbab145b54a3ab3) Importer(2089858483,3d70f49cd1c2eb9ae422958d1c652c6b) (ScriptedImporter)Opening scene 'Assets/Scenes/SampleScene.unity additively'
LightingSettings: switching bake backend from 1 to 2.
Loaded scene 'Assets/Scenes/SampleScene.unity'
	Deserialize:            243.034 ms
	Integration:            8530.716 ms
	Integration of assets:  45.942 ms
	Thread Wait Time:       6.846 ms
	Total Operation Time:   8826.537 ms
The method get_fontSharedMaterials was not found on Modal Text. This property will not be indexed.
UnityEngine.Debug:ExtractStackTraceNoAlloc (byte*,int,string)
UnityEngine.StackTraceUtility:ExtractStackTrace ()
UnityEngine.DebugLogHandler:Internal_Log (UnityEngine.LogType,UnityEngine.LogOption,string,UnityEngine.Object)
UnityEngine.DebugLogHandler:LogFormat (UnityEngine.LogType,UnityEngine.Object,string,object[])
UnityEngine.Logger:Log (UnityEngine.LogType,object)
UnityEngine.Debug:LogWarning (object)
UnityEditor.Rendering.Universal.MaterialReferenceBuilder:GetMaterialFromMethod (System.Reflection.MethodInfo,UnityEngine.Object,System.Func`3<string, string, string>) (at ./Library/PackageCache/com.unity.render-pipelines.universal@2a2241f53fcd/Editor/Converter/MaterialReferenceBuilder.cs:133)
UnityEditor.Rendering.Universal.ConversionIndexers:ConversionIndexer (UnityEditor.Search.CustomObjectIndexerTarget,UnityEditor.Search.ObjectIndexer) (at ./Library/PackageCache/com.unity.render-pipelines.universal@2a2241f53fcd/Editor/Converter/ConversionIndexers.cs:21)
UnityEditor.Search.ObjectIndexer:CallCustomIndexers (string,int,UnityEngine.Object,UnityEditor.SerializedObject,bool)
UnityEditor.Search.ObjectIndexer:IndexCustomProperties (string,int,UnityEngine.Object)
UnityEditor.Search.AssetIndexer:IndexCustomGameObjectProperties (string,int,UnityEngine.GameObject)
UnityEditor.Search.AssetIndexer:IndexObjects (UnityEngine.GameObject[],string,string,string,bool)
UnityEditor.Search.AssetIndexer:IndexScene (string,bool)
UnityEditor.Search.AssetIndexer:IndexSceneDocument (string,bool)
UnityEditor.Search.AssetIndexer:IndexDocument (string,bool)
UnityEditor.Search.SearchIndexEntryImporter:OnImportAsset (UnityEditor.AssetImporters.AssetImportContext)
UnityEditor.AssetImporters.ScriptedImporter:GenerateAssetData (UnityEditor.AssetImporters.AssetImportContext)

(Filename: ./Library/PackageCache/com.unity.render-pipelines.universal@2a2241f53fcd/Editor/Converter/MaterialReferenceBuilder.cs Line: 133)

The method get_fontSharedMaterials was not found on Modal Text. This property will not be indexed.
UnityEngine.Debug:ExtractStackTraceNoAlloc (byte*,int,string)
UnityEngine.StackTraceUtility:ExtractStackTrace ()
UnityEngine.DebugLogHandler:Internal_Log (UnityEngine.LogType,UnityEngine.LogOption,string,UnityEngine.Object)
UnityEngine.DebugLogHandler:LogFormat (UnityEngine.LogType,UnityEngine.Object,string,object[])
UnityEngine.Logger:Log (UnityEngine.LogType,object)
UnityEngine.Debug:LogWarning (object)
UnityEditor.Rendering.Universal.MaterialReferenceBuilder:GetMaterialFromMethod (System.Reflection.MethodInfo,UnityEngine.Object,System.Func`3<string, string, string>) (at ./Library/PackageCache/com.unity.render-pipelines.universal@2a2241f53fcd/Editor/Converter/MaterialReferenceBuilder.cs:133)
UnityEditor.Rendering.Universal.ConversionIndexers:ConversionIndexer (UnityEditor.Search.CustomObjectIndexerTarget,UnityEditor.Search.ObjectIndexer) (at ./Library/PackageCache/com.unity.render-pipelines.universal@2a2241f53fcd/Editor/Converter/ConversionIndexers.cs:21)
UnityEditor.Search.ObjectIndexer:CallCustomIndexers (string,int,UnityEngine.Object,UnityEditor.SerializedObject,bool)
UnityEditor.Search.ObjectIndexer:IndexCustomProperties (string,int,UnityEngine.Object)
UnityEditor.Search.AssetIndexer:IndexCustomGameObjectProperties (string,int,UnityEngine.GameObject)
UnityEditor.Search.AssetIndexer:IndexObjects (UnityEngine.GameObject[],string,string,string,bool)
UnityEditor.Search.AssetIndexer:IndexScene (string,bool)
UnityEditor.Search.AssetIndexer:IndexSceneDocument (string,bool)
UnityEditor.Search.AssetIndexer:IndexDocument (string,bool)
UnityEditor.Search.SearchIndexEntryImporter:OnImportAsset (UnityEditor.AssetImporters.AssetImportContext)
UnityEditor.AssetImporters.ScriptedImporter:GenerateAssetData (UnityEditor.AssetImporters.AssetImportContext)

(Filename: ./Library/PackageCache/com.unity.render-pipelines.universal@2a2241f53fcd/Editor/Converter/MaterialReferenceBuilder.cs Line: 133)

The method get_fontSharedMaterials was not found on Modal Text. This property will not be indexed.
UnityEngine.Debug:ExtractStackTraceNoAlloc (byte*,int,string)
UnityEngine.StackTraceUtility:ExtractStackTrace ()
UnityEngine.DebugLogHandler:Internal_Log (UnityEngine.LogType,UnityEngine.LogOption,string,UnityEngine.Object)
UnityEngine.DebugLogHandler:LogFormat (UnityEngine.LogType,UnityEngine.Object,string,object[])
UnityEngine.Logger:Log (UnityEngine.LogType,object)
UnityEngine.Debug:LogWarning (object)
UnityEditor.Rendering.Universal.MaterialReferenceBuilder:GetMaterialFromMethod (System.Reflection.MethodInfo,UnityEngine.Object,System.Func`3<string, string, string>) (at ./Library/PackageCache/com.unity.render-pipelines.universal@2a2241f53fcd/Editor/Converter/MaterialReferenceBuilder.cs:133)
UnityEditor.Rendering.Universal.ConversionIndexers:ConversionIndexer (UnityEditor.Search.CustomObjectIndexerTarget,UnityEditor.Search.ObjectIndexer) (at ./Library/PackageCache/com.unity.render-pipelines.universal@2a2241f53fcd/Editor/Converter/ConversionIndexers.cs:21)
UnityEditor.Search.ObjectIndexer:CallCustomIndexers (string,int,UnityEngine.Object,UnityEditor.SerializedObject,bool)
UnityEditor.Search.ObjectIndexer:IndexCustomProperties (string,int,UnityEngine.Object)
UnityEditor.Search.AssetIndexer:IndexCustomGameObjectProperties (string,int,UnityEngine.GameObject)
UnityEditor.Search.AssetIndexer:IndexObjects (UnityEngine.GameObject[],string,string,string,bool)
UnityEditor.Search.AssetIndexer:IndexScene (string,bool)
UnityEditor.Search.AssetIndexer:IndexSceneDocument (string,bool)
UnityEditor.Search.AssetIndexer:IndexDocument (string,bool)
UnityEditor.Search.SearchIndexEntryImporter:OnImportAsset (UnityEditor.AssetImporters.AssetImportContext)
UnityEditor.AssetImporters.ScriptedImporter:GenerateAssetData (UnityEditor.AssetImporters.AssetImportContext)

(Filename: ./Library/PackageCache/com.unity.render-pipelines.universal@2a2241f53fcd/Editor/Converter/MaterialReferenceBuilder.cs Line: 133)

The method get_fontSharedMaterials was not found on Text (TMP). This property will not be indexed.
UnityEngine.Debug:ExtractStackTraceNoAlloc (byte*,int,string)
UnityEngine.StackTraceUtility:ExtractStackTrace ()
UnityEngine.DebugLogHandler:Internal_Log (UnityEngine.LogType,UnityEngine.LogOption,string,UnityEngine.Object)
UnityEngine.DebugLogHandler:LogFormat (UnityEngine.LogType,UnityEngine.Object,string,object[])
UnityEngine.Logger:Log (UnityEngine.LogType,object)
UnityEngine.Debug:LogWarning (object)
UnityEditor.Rendering.Universal.MaterialReferenceBuilder:GetMaterialFromMethod (System.Reflection.MethodInfo,UnityEngine.Object,System.Func`3<string, string, string>) (at ./Library/PackageCache/com.unity.render-pipelines.universal@2a2241f53fcd/Editor/Converter/MaterialReferenceBuilder.cs:133)
UnityEditor.Rendering.Universal.ConversionIndexers:ConversionIndexer (UnityEditor.Search.CustomObjectIndexerTarget,UnityEditor.Search.ObjectIndexer) (at ./Library/PackageCache/com.unity.render-pipelines.universal@2a2241f53fcd/Editor/Converter/ConversionIndexers.cs:21)
UnityEditor.Search.ObjectIndexer:CallCustomIndexers (string,int,UnityEngine.Object,UnityEditor.SerializedObject,bool)
UnityEditor.Search.ObjectIndexer:IndexCustomProperties (string,int,UnityEngine.Object)
UnityEditor.Search.AssetIndexer:IndexCustomGameObjectProperties (string,int,UnityEngine.GameObject)
UnityEditor.Search.AssetIndexer:IndexObjects (UnityEngine.GameObject[],string,string,string,bool)
UnityEditor.Search.AssetIndexer:IndexScene (string,bool)
UnityEditor.Search.AssetIndexer:IndexSceneDocument (string,bool)
UnityEditor.Search.AssetIndexer:IndexDocument (string,bool)
UnityEditor.Search.SearchIndexEntryImporter:OnImportAsset (UnityEditor.AssetImporters.AssetImportContext)
UnityEditor.AssetImporters.ScriptedImporter:GenerateAssetData (UnityEditor.AssetImporters.AssetImportContext)

(Filename: ./Library/PackageCache/com.unity.render-pipelines.universal@2a2241f53fcd/Editor/Converter/MaterialReferenceBuilder.cs Line: 133)

The method get_fontSharedMaterials was not found on Text (TMP) (1). This property will not be indexed.
UnityEngine.Debug:ExtractStackTraceNoAlloc (byte*,int,string)
UnityEngine.StackTraceUtility:ExtractStackTrace ()
UnityEngine.DebugLogHandler:Internal_Log (UnityEngine.LogType,UnityEngine.LogOption,string,UnityEngine.Object)
UnityEngine.DebugLogHandler:LogFormat (UnityEngine.LogType,UnityEngine.Object,string,object[])
UnityEngine.Logger:Log (UnityEngine.LogType,object)
UnityEngine.Debug:LogWarning (object)
UnityEditor.Rendering.Universal.MaterialReferenceBuilder:GetMaterialFromMethod (System.Reflection.MethodInfo,UnityEngine.Object,System.Func`3<string, string, string>) (at ./Library/PackageCache/com.unity.render-pipelines.universal@2a2241f53fcd/Editor/Converter/MaterialReferenceBuilder.cs:133)
UnityEditor.Rendering.Universal.ConversionIndexers:ConversionIndexer (UnityEditor.Search.CustomObjectIndexerTarget,UnityEditor.Search.ObjectIndexer) (at ./Library/PackageCache/com.unity.render-pipelines.universal@2a2241f53fcd/Editor/Converter/ConversionIndexers.cs:21)
UnityEditor.Search.ObjectIndexer:CallCustomIndexers (string,int,UnityEngine.Object,UnityEditor.SerializedObject,bool)
UnityEditor.Search.ObjectIndexer:IndexCustomProperties (string,int,UnityEngine.Object)
UnityEditor.Search.AssetIndexer:IndexCustomGameObjectProperties (string,int,UnityEngine.GameObject)
UnityEditor.Search.AssetIndexer:IndexObjects (UnityEngine.GameObject[],string,string,string,bool)
UnityEditor.Search.AssetIndexer:IndexScene (string,bool)
UnityEditor.Search.AssetIndexer:IndexSceneDocument (string,bool)
UnityEditor.Search.AssetIndexer:IndexDocument (string,bool)
UnityEditor.Search.SearchIndexEntryImporter:OnImportAsset (UnityEditor.AssetImporters.AssetImportContext)
UnityEditor.AssetImporters.ScriptedImporter:GenerateAssetData (UnityEditor.AssetImporters.AssetImportContext)

(Filename: ./Library/PackageCache/com.unity.render-pipelines.universal@2a2241f53fcd/Editor/Converter/MaterialReferenceBuilder.cs Line: 133)

The method get_fontSharedMaterials was not found on Text (TMP) (2). This property will not be indexed.
UnityEngine.Debug:ExtractStackTraceNoAlloc (byte*,int,string)
UnityEngine.StackTraceUtility:ExtractStackTrace ()
UnityEngine.DebugLogHandler:Internal_Log (UnityEngine.LogType,UnityEngine.LogOption,string,UnityEngine.Object)
UnityEngine.DebugLogHandler:LogFormat (UnityEngine.LogType,UnityEngine.Object,string,object[])
UnityEngine.Logger:Log (UnityEngine.LogType,object)
UnityEngine.Debug:LogWarning (object)
UnityEditor.Rendering.Universal.MaterialReferenceBuilder:GetMaterialFromMethod (System.Reflection.MethodInfo,UnityEngine.Object,System.Func`3<string, string, string>) (at ./Library/PackageCache/com.unity.render-pipelines.universal@2a2241f53fcd/Editor/Converter/MaterialReferenceBuilder.cs:133)
UnityEditor.Rendering.Universal.ConversionIndexers:ConversionIndexer (UnityEditor.Search.CustomObjectIndexerTarget,UnityEditor.Search.ObjectIndexer) (at ./Library/PackageCache/com.unity.render-pipelines.universal@2a2241f53fcd/Editor/Converter/ConversionIndexers.cs:21)
UnityEditor.Search.ObjectIndexer:CallCustomIndexers (string,int,UnityEngine.Object,UnityEditor.SerializedObject,bool)
UnityEditor.Search.ObjectIndexer:IndexCustomProperties (string,int,UnityEngine.Object)
UnityEditor.Search.AssetIndexer:IndexCustomGameObjectProperties (string,int,UnityEngine.GameObject)
UnityEditor.Search.AssetIndexer:IndexObjects (UnityEngine.GameObject[],string,string,string,bool)
UnityEditor.Search.AssetIndexer:IndexScene (string,bool)
UnityEditor.Search.AssetIndexer:IndexSceneDocument (string,bool)
UnityEditor.Search.AssetIndexer:IndexDocument (string,bool)
UnityEditor.Search.SearchIndexEntryImporter:OnImportAsset (UnityEditor.AssetImporters.AssetImportContext)
UnityEditor.AssetImporters.ScriptedImporter:GenerateAssetData (UnityEditor.AssetImporters.AssetImportContext)

(Filename: ./Library/PackageCache/com.unity.render-pipelines.universal@2a2241f53fcd/Editor/Converter/MaterialReferenceBuilder.cs Line: 133)

The method get_fontSharedMaterials was not found on Modal Text. This property will not be indexed.
UnityEngine.Debug:ExtractStackTraceNoAlloc (byte*,int,string)
UnityEngine.StackTraceUtility:ExtractStackTrace ()
UnityEngine.DebugLogHandler:Internal_Log (UnityEngine.LogType,UnityEngine.LogOption,string,UnityEngine.Object)
UnityEngine.DebugLogHandler:LogFormat (UnityEngine.LogType,UnityEngine.Object,string,object[])
UnityEngine.Logger:Log (UnityEngine.LogType,object)
UnityEngine.Debug:LogWarning (object)
UnityEditor.Rendering.Universal.MaterialReferenceBuilder:GetMaterialFromMethod (System.Reflection.MethodInfo,UnityEngine.Object,System.Func`3<string, string, string>) (at ./Library/PackageCache/com.unity.render-pipelines.universal@2a2241f53fcd/Editor/Converter/MaterialReferenceBuilder.cs:133)
UnityEditor.Rendering.Universal.ConversionIndexers:ConversionIndexer (UnityEditor.Search.CustomObjectIndexerTarget,UnityEditor.Search.ObjectIndexer) (at ./Library/PackageCache/com.unity.render-pipelines.universal@2a2241f53fcd/Editor/Converter/ConversionIndexers.cs:21)
UnityEditor.Search.ObjectIndexer:CallCustomIndexers (string,int,UnityEngine.Object,UnityEditor.SerializedObject,bool)
UnityEditor.Search.ObjectIndexer:IndexCustomProperties (string,int,UnityEngine.Object)
UnityEditor.Search.AssetIndexer:IndexCustomGameObjectProperties (string,int,UnityEngine.GameObject)
UnityEditor.Search.AssetIndexer:IndexObjects (UnityEngine.GameObject[],string,string,string,bool)
UnityEditor.Search.AssetIndexer:IndexScene (string,bool)
UnityEditor.Search.AssetIndexer:IndexSceneDocument (string,bool)
UnityEditor.Search.AssetIndexer:IndexDocument (string,bool)
UnityEditor.Search.SearchIndexEntryImporter:OnImportAsset (UnityEditor.AssetImporters.AssetImportContext)
UnityEditor.AssetImporters.ScriptedImporter:GenerateAssetData (UnityEditor.AssetImporters.AssetImportContext)

(Filename: ./Library/PackageCache/com.unity.render-pipelines.universal@2a2241f53fcd/Editor/Converter/MaterialReferenceBuilder.cs Line: 133)

The method get_fontSharedMaterials was not found on Modal Text. This property will not be indexed.
UnityEngine.Debug:ExtractStackTraceNoAlloc (byte*,int,string)
UnityEngine.StackTraceUtility:ExtractStackTrace ()
UnityEngine.DebugLogHandler:Internal_Log (UnityEngine.LogType,UnityEngine.LogOption,string,UnityEngine.Object)
UnityEngine.DebugLogHandler:LogFormat (UnityEngine.LogType,UnityEngine.Object,string,object[])
UnityEngine.Logger:Log (UnityEngine.LogType,object)
UnityEngine.Debug:LogWarning (object)
UnityEditor.Rendering.Universal.MaterialReferenceBuilder:GetMaterialFromMethod (System.Reflection.MethodInfo,UnityEngine.Object,System.Func`3<string, string, string>) (at ./Library/PackageCache/com.unity.render-pipelines.universal@2a2241f53fcd/Editor/Converter/MaterialReferenceBuilder.cs:133)
UnityEditor.Rendering.Universal.ConversionIndexers:ConversionIndexer (UnityEditor.Search.CustomObjectIndexerTarget,UnityEditor.Search.ObjectIndexer) (at ./Library/PackageCache/com.unity.render-pipelines.universal@2a2241f53fcd/Editor/Converter/ConversionIndexers.cs:21)
UnityEditor.Search.ObjectIndexer:CallCustomIndexers (string,int,UnityEngine.Object,UnityEditor.SerializedObject,bool)
UnityEditor.Search.ObjectIndexer:IndexCustomProperties (string,int,UnityEngine.Object)
UnityEditor.Search.AssetIndexer:IndexCustomGameObjectProperties (string,int,UnityEngine.GameObject)
UnityEditor.Search.AssetIndexer:IndexObjects (UnityEngine.GameObject[],string,string,string,bool)
UnityEditor.Search.AssetIndexer:IndexScene (string,bool)
UnityEditor.Search.AssetIndexer:IndexSceneDocument (string,bool)
UnityEditor.Search.AssetIndexer:IndexDocument (string,bool)
UnityEditor.Search.SearchIndexEntryImporter:OnImportAsset (UnityEditor.AssetImporters.AssetImportContext)
UnityEditor.AssetImporters.ScriptedImporter:GenerateAssetData (UnityEditor.AssetImporters.AssetImportContext)

(Filename: ./Library/PackageCache/com.unity.render-pipelines.universal@2a2241f53fcd/Editor/Converter/MaterialReferenceBuilder.cs Line: 133)

The method get_fontSharedMaterials was not found on Modal Text. This property will not be indexed.
UnityEngine.Debug:ExtractStackTraceNoAlloc (byte*,int,string)
UnityEngine.StackTraceUtility:ExtractStackTrace ()
UnityEngine.DebugLogHandler:Internal_Log (UnityEngine.LogType,UnityEngine.LogOption,string,UnityEngine.Object)
UnityEngine.DebugLogHandler:LogFormat (UnityEngine.LogType,UnityEngine.Object,string,object[])
UnityEngine.Logger:Log (UnityEngine.LogType,object)
UnityEngine.Debug:LogWarning (object)
UnityEditor.Rendering.Universal.MaterialReferenceBuilder:GetMaterialFromMethod (System.Reflection.MethodInfo,UnityEngine.Object,System.Func`3<string, string, string>) (at ./Library/PackageCache/com.unity.render-pipelines.universal@2a2241f53fcd/Editor/Converter/MaterialReferenceBuilder.cs:133)
UnityEditor.Rendering.Universal.ConversionIndexers:ConversionIndexer (UnityEditor.Search.CustomObjectIndexerTarget,UnityEditor.Search.ObjectIndexer) (at ./Library/PackageCache/com.unity.render-pipelines.universal@2a2241f53fcd/Editor/Converter/ConversionIndexers.cs:21)
UnityEditor.Search.ObjectIndexer:CallCustomIndexers (string,int,UnityEngine.Object,UnityEditor.SerializedObject,bool)
UnityEditor.Search.ObjectIndexer:IndexCustomProperties (string,int,UnityEngine.Object)
UnityEditor.Search.AssetIndexer:IndexCustomGameObjectProperties (string,int,UnityEngine.GameObject)
UnityEditor.Search.AssetIndexer:IndexObjects (UnityEngine.GameObject[],string,string,string,bool)
UnityEditor.Search.AssetIndexer:IndexScene (string,bool)
UnityEditor.Search.AssetIndexer:IndexSceneDocument (string,bool)
UnityEditor.Search.AssetIndexer:IndexDocument (string,bool)
UnityEditor.Search.SearchIndexEntryImporter:OnImportAsset (UnityEditor.AssetImporters.AssetImportContext)
UnityEditor.AssetImporters.ScriptedImporter:GenerateAssetData (UnityEditor.AssetImporters.AssetImportContext)

(Filename: ./Library/PackageCache/com.unity.render-pipelines.universal@2a2241f53fcd/Editor/Converter/MaterialReferenceBuilder.cs Line: 133)

The method get_fontSharedMaterials was not found on Item Label. This property will not be indexed.
UnityEngine.Debug:ExtractStackTraceNoAlloc (byte*,int,string)
UnityEngine.StackTraceUtility:ExtractStackTrace ()
UnityEngine.DebugLogHandler:Internal_Log (UnityEngine.LogType,UnityEngine.LogOption,string,UnityEngine.Object)
UnityEngine.DebugLogHandler:LogFormat (UnityEngine.LogType,UnityEngine.Object,string,object[])
UnityEngine.Logger:Log (UnityEngine.LogType,object)
UnityEngine.Debug:LogWarning (object)
UnityEditor.Rendering.Universal.MaterialReferenceBuilder:GetMaterialFromMethod (System.Reflection.MethodInfo,UnityEngine.Object,System.Func`3<string, string, string>) (at ./Library/PackageCache/com.unity.render-pipelines.universal@2a2241f53fcd/Editor/Converter/MaterialReferenceBuilder.cs:133)
UnityEditor.Rendering.Universal.ConversionIndexers:ConversionIndexer (UnityEditor.Search.CustomObjectIndexerTarget,UnityEditor.Search.ObjectIndexer) (at ./Library/PackageCache/com.unity.render-pipelines.universal@2a2241f53fcd/Editor/Converter/ConversionIndexers.cs:21)
UnityEditor.Search.ObjectIndexer:CallCustomIndexers (string,int,UnityEngine.Object,UnityEditor.SerializedObject,bool)
UnityEditor.Search.ObjectIndexer:IndexCustomProperties (string,int,UnityEngine.Object)
UnityEditor.Search.AssetIndexer:IndexCustomGameObjectProperties (string,int,UnityEngine.GameObject)
UnityEditor.Search.AssetIndexer:IndexObjects (UnityEngine.GameObject[],string,string,string,bool)
UnityEditor.Search.AssetIndexer:IndexScene (string,bool)
UnityEditor.Search.AssetIndexer:IndexSceneDocument (string,bool)
UnityEditor.Search.AssetIndexer:IndexDocument (string,bool)
UnityEditor.Search.SearchIndexEntryImporter:OnImportAsset (UnityEditor.AssetImporters.AssetImportContext)
UnityEditor.AssetImporters.ScriptedImporter:GenerateAssetData (UnityEditor.AssetImporters.AssetImportContext)

(Filename: ./Library/PackageCache/com.unity.render-pipelines.universal@2a2241f53fcd/Editor/Converter/MaterialReferenceBuilder.cs Line: 133)

 -> (artifact id: 'e07bac0392f04fa80ff46f8b5b3412b9') in 13.0048875 seconds
Number of updated asset objects reloaded before import = 0Number of asset objects unloaded after import = 4412

========================================================================
Received Import Request.
  Time since last request: 0.000066 seconds.
  path: Assets/SciFi Warehouse Kit/Art/Meshes/Structures/Walls
  artifactKey: Guid(b8199cebc1ce8a3449555237655d4b2c) Importer(2089858483,192608db42251d675da83286b1cce702)
Start importing Assets/SciFi Warehouse Kit/Art/Meshes/Structures/Walls using Guid(b8199cebc1ce8a3449555237655d4b2c) Importer(2089858483,192608db42251d675da83286b1cce702) (ScriptedImporter) -> (artifact id: '2e48d202cdae5de1769d4dcda5467df5') in 0.0892282 seconds
Number of updated asset objects reloaded before import = 0Number of asset objects unloaded after import = 1

========================================================================
Received Import Request.
  Time since last request: 0.000048 seconds.
  path: Assets/SciFi Warehouse Kit/Art/Textures/ceiling_window_n.png
  artifactKey: Guid(107cca8325e5f2b41be8d555893af8b0) Importer(2089858483,192608db42251d675da83286b1cce702)
Start importing Assets/SciFi Warehouse Kit/Art/Textures/ceiling_window_n.png using Guid(107cca8325e5f2b41be8d555893af8b0) Importer(2089858483,192608db42251d675da83286b1cce702) (ScriptedImporter) -> (artifact id: '3e9abf1cad58b881851010ef3d9ac13c') in 0.2487535 seconds
Number of updated asset objects reloaded before import = 0Number of asset objects unloaded after import = 1

========================================================================
Received Import Request.
  Time since last request: 0.000061 seconds.
  path: Assets/SciFi Warehouse Kit/Art/Textures/crate_short_s.png
  artifactKey: Guid(3015894ee920a224b9f6e318539bc507) Importer(2089858483,192608db42251d675da83286b1cce702)
Start importing Assets/SciFi Warehouse Kit/Art/Textures/crate_short_s.png using Guid(3015894ee920a224b9f6e318539bc507) Importer(2089858483,192608db42251d675da83286b1cce702) (ScriptedImporter) -> (artifact id: 'e10ec3c69a23cb1842dc0054c93bd379') in 0.3519112 seconds
Number of updated asset objects reloaded before import = 0Number of asset objects unloaded after import = 1

========================================================================
Received Import Request.
  Time since last request: 0.000047 seconds.
  path: Assets/Settings/Low_PipelineAsset.asset
  artifactKey: Guid(661a7a9e7c900824ea331e6d0caec23f) Importer(2089858483,3d70f49cd1c2eb9ae422958d1c652c6b)
Start importing Assets/Settings/Low_PipelineAsset.asset using Guid(661a7a9e7c900824ea331e6d0caec23f) Importer(2089858483,3d70f49cd1c2eb9ae422958d1c652c6b) (ScriptedImporter) -> (artifact id: '71107a084b7e0e897c010683c16e462f') in 0.111178 seconds
Number of updated asset objects reloaded before import = 0Number of asset objects unloaded after import = 0

========================================================================
Received Import Request.
  Time since last request: 0.000061 seconds.
  path: Assets/SciFi Warehouse Kit/Art/Textures/garbage_bin_n.png
  artifactKey: Guid(7ba2dae2f9a53c84ca1e5b2fbcfdfdd9) Importer(2089858483,192608db42251d675da83286b1cce702)
Start importing Assets/SciFi Warehouse Kit/Art/Textures/garbage_bin_n.png using Guid(7ba2dae2f9a53c84ca1e5b2fbcfdfdd9) Importer(2089858483,192608db42251d675da83286b1cce702) (ScriptedImporter) -> (artifact id: '8ebe766de98de25baf344b1db512005b') in 0.3039674 seconds
Number of updated asset objects reloaded before import = 0Number of asset objects unloaded after import = 1

========================================================================
Received Import Request.
  Time since last request: 0.000038 seconds.
  path: Assets/SciFi Warehouse Kit/Art/Materials/Light Colored Mat.mat
  artifactKey: Guid(367e87b4150214b41963e70ca94a8f27) Importer(2089858483,192608db42251d675da83286b1cce702)
Start importing Assets/SciFi Warehouse Kit/Art/Materials/Light Colored Mat.mat using Guid(367e87b4150214b41963e70ca94a8f27) Importer(2089858483,192608db42251d675da83286b1cce702) (ScriptedImporter) -> (artifact id: 'f04c64000ede0b154ad6221d1d239b3b') in 0.1265552 seconds
Number of updated asset objects reloaded before import = 0Number of asset objects unloaded after import = 2

========================================================================
Received Import Request.
  Time since last request: 0.000050 seconds.
  path: Assets/SciFi Warehouse Kit/Art/Meshes/Props/Misc Props/Cart.fbx
  artifactKey: Guid(3200b0bd31ff3634b9425e04a691be13) Importer(2089858483,192608db42251d675da83286b1cce702)
Start importing Assets/SciFi Warehouse Kit/Art/Meshes/Props/Misc Props/Cart.fbx using Guid(3200b0bd31ff3634b9425e04a691be13) Importer(2089858483,192608db42251d675da83286b1cce702) (ScriptedImporter) -> (artifact id: 'b8a030db7889b7d9fdd4c554bf4299d9') in 0.1072676 seconds
Number of updated asset objects reloaded before import = 0Number of asset objects unloaded after import = 8

========================================================================
Received Import Request.
  Time since last request: 0.000036 seconds.
  path: Assets/SciFi Warehouse Kit/Prefabs/Structures/Ceiling/Ceiling Closed.prefab
  artifactKey: Guid(eb4b38db67a56dc469a2c2aafcc36add) Importer(2089858483,3d70f49cd1c2eb9ae422958d1c652c6b)
Start importing Assets/SciFi Warehouse Kit/Prefabs/Structures/Ceiling/Ceiling Closed.prefab using Guid(eb4b38db67a56dc469a2c2aafcc36add) Importer(2089858483,3d70f49cd1c2eb9ae422958d1c652c6b) (ScriptedImporter) -> (artifact id: '0b55af93f09e95f7270782b74d57c075') in 0.0388701 seconds
Number of updated asset objects reloaded before import = 0Number of asset objects unloaded after import = 9

========================================================================
Received Import Request.
  Time since last request: 0.000062 seconds.
  path: Assets/SciFi Warehouse Kit/Prefabs/Structures/Walls/Wall Door.prefab
  artifactKey: Guid(dafe2f44374925b4692cd6dbc587c068) Importer(2089858483,3d70f49cd1c2eb9ae422958d1c652c6b)
Start importing Assets/SciFi Warehouse Kit/Prefabs/Structures/Walls/Wall Door.prefab using Guid(dafe2f44374925b4692cd6dbc587c068) Importer(2089858483,3d70f49cd1c2eb9ae422958d1c652c6b) (ScriptedImporter) -> (artifact id: 'db9f294381bf7bbc4e5470b97bcbaf31') in 0.0920892 seconds
Number of updated asset objects reloaded before import = 0Number of asset objects unloaded after import = 21

========================================================================
Received Import Request.
  Time since last request: 0.000034 seconds.
  path: Assets/SciFi Warehouse Kit/Art/Materials/Sign Red.mat
  artifactKey: Guid(104dfe4e9eaf15e42b9645fc2a6f54eb) Importer(2089858483,192608db42251d675da83286b1cce702)
Start importing Assets/SciFi Warehouse Kit/Art/Materials/Sign Red.mat using Guid(104dfe4e9eaf15e42b9645fc2a6f54eb) Importer(2089858483,192608db42251d675da83286b1cce702) (ScriptedImporter) -> (artifact id: 'd409cc25f4a3bf4a55a0467e4aea7613') in 0.0931071 seconds
Number of updated asset objects reloaded before import = 0Number of asset objects unloaded after import = 2

========================================================================
Received Import Request.
  Time since last request: 0.000050 seconds.
  path: Assets/SciFi Warehouse Kit/Art/Meshes/Structures/Walls/Wall BayDoor.fbx
  artifactKey: Guid(1b74ff2139ba6ea47803d0c80ee0702a) Importer(2089858483,192608db42251d675da83286b1cce702)
Start importing Assets/SciFi Warehouse Kit/Art/Meshes/Structures/Walls/Wall BayDoor.fbx using Guid(1b74ff2139ba6ea47803d0c80ee0702a) Importer(2089858483,192608db42251d675da83286b1cce702) (ScriptedImporter) -> (artifact id: '606ddf239c2377e91d088c6eaa729cfa') in 0.1468827 seconds
Number of updated asset objects reloaded before import = 0Number of asset objects unloaded after import = 22

========================================================================
Received Import Request.
  Time since last request: 0.000041 seconds.
  path: Assets/SciFi Warehouse Kit/Prefabs/Props/Crates Barrels Pallets/Pallet Variations/Pallet Variation 07.prefab
  artifactKey: Guid(19782abfa2feab045a7110ffc30b6be8) Importer(2089858483,192608db42251d675da83286b1cce702)
Start importing Assets/SciFi Warehouse Kit/Prefabs/Props/Crates Barrels Pallets/Pallet Variations/Pallet Variation 07.prefab using Guid(19782abfa2feab045a7110ffc30b6be8) Importer(2089858483,192608db42251d675da83286b1cce702) (ScriptedImporter) -> (artifact id: 'ca7579fb76a2337f378b0e0a70502e29') in 0.08688 seconds
Number of updated asset objects reloaded before import = 0Number of asset objects unloaded after import = 26

========================================================================
Received Import Request.
  Time since last request: 0.000051 seconds.
  path: Assets/SciFi Warehouse Kit/Prefabs/Structures/Structure Props/Sprinkler 02.prefab
  artifactKey: Guid(249530fa23afe5f449b15ecf96228a4d) Importer(2089858483,192608db42251d675da83286b1cce702)
Start importing Assets/SciFi Warehouse Kit/Prefabs/Structures/Structure Props/Sprinkler 02.prefab using Guid(249530fa23afe5f449b15ecf96228a4d) Importer(2089858483,192608db42251d675da83286b1cce702) (ScriptedImporter) -> (artifact id: '137722bf569d701e2218310c06c94749') in 0.0634125 seconds
Number of updated asset objects reloaded before import = 0Number of asset objects unloaded after import = 8

========================================================================
Received Import Request.
  Time since last request: 0.000047 seconds.
  path: Assets/SciFi Warehouse Kit/Prefabs/Props/Shelves/Shelf Variation 06.prefab
  artifactKey: Guid(cd855204aa12c124189ffacf02f440d2) Importer(2089858483,3d70f49cd1c2eb9ae422958d1c652c6b)
Start importing Assets/SciFi Warehouse Kit/Prefabs/Props/Shelves/Shelf Variation 06.prefab using Guid(cd855204aa12c124189ffacf02f440d2) Importer(2089858483,3d70f49cd1c2eb9ae422958d1c652c6b) (ScriptedImporter) -> (artifact id: '03f2534925dea7d257bd9c56d47ad979') in 0.1895674 seconds
Number of updated asset objects reloaded before import = 0Number of asset objects unloaded after import = 291

========================================================================
Received Import Request.
  Time since last request: 0.000109 seconds.
  path: Assets/SciFi Warehouse Kit/Art/Meshes/Structures/Catwalk/Catwalk Pillar 01.fbx
  artifactKey: Guid(98b51d8bcf7807946b1d35c43fa9423e) Importer(2089858483,192608db42251d675da83286b1cce702)
Start importing Assets/SciFi Warehouse Kit/Art/Meshes/Structures/Catwalk/Catwalk Pillar 01.fbx using Guid(98b51d8bcf7807946b1d35c43fa9423e) Importer(2089858483,192608db42251d675da83286b1cce702) (ScriptedImporter) -> (artifact id: 'd64a06f77595152bd30ade1804d89f86') in 0.0449859 seconds
Number of updated asset objects reloaded before import = 0Number of asset objects unloaded after import = 8

========================================================================
Received Import Request.
  Time since last request: 0.000022 seconds.
  path: Assets/SciFi Warehouse Kit/Prefabs/Props/Misc Props/Security Cam.prefab
  artifactKey: Guid(e16cc1b8be9796744b8e44545a6aca19) Importer(2089858483,3d70f49cd1c2eb9ae422958d1c652c6b)
Start importing Assets/SciFi Warehouse Kit/Prefabs/Props/Misc Props/Security Cam.prefab using Guid(e16cc1b8be9796744b8e44545a6aca19) Importer(2089858483,3d70f49cd1c2eb9ae422958d1c652c6b) (ScriptedImporter) -> (artifact id: '5489bb59fb91900d258f5aae12e1aef9') in 0.0302974 seconds
Number of updated asset objects reloaded before import = 0Number of asset objects unloaded after import = 8

========================================================================
Received Import Request.
  Time since last request: 0.000017 seconds.
  path: Assets/SciFi Warehouse Kit/Art/Meshes/Structures/Structure Props/Fusebox 01.fbx
  artifactKey: Guid(ae64cb70d3f3fd244850e17178328d55) Importer(2089858483,192608db42251d675da83286b1cce702)
Start importing Assets/SciFi Warehouse Kit/Art/Meshes/Structures/Structure Props/Fusebox 01.fbx using Guid(ae64cb70d3f3fd244850e17178328d55) Importer(2089858483,192608db42251d675da83286b1cce702) (ScriptedImporter) -> (artifact id: '71a46f00bdf34287696720abfe37c8e0') in 0.0406955 seconds
Number of updated asset objects reloaded before import = 0Number of asset objects unloaded after import = 8

========================================================================
Received Import Request.
  Time since last request: 0.000036 seconds.
  path: Assets/SciFi Warehouse Kit/Prefabs/Structures/Catwalk/Catwalk Pillar 01.prefab
  artifactKey: Guid(725564bae3f68e847ad41c0da4390174) Importer(2089858483,192608db42251d675da83286b1cce702)
Start importing Assets/SciFi Warehouse Kit/Prefabs/Structures/Catwalk/Catwalk Pillar 01.prefab using Guid(725564bae3f68e847ad41c0da4390174) Importer(2089858483,192608db42251d675da83286b1cce702) (ScriptedImporter) -> (artifact id: '8712f7663fa6305c1283dfc47d25682d') in 0.0390859 seconds
Number of updated asset objects reloaded before import = 0Number of asset objects unloaded after import = 9

========================================================================
Received Import Request.
  Time since last request: 0.000019 seconds.
  path: Assets/SciFi Warehouse Kit/Art/Meshes/Props/Crates Barrels Pallets/Crate Short.fbx
  artifactKey: Guid(ce65141939545d440ac8591812208a12) Importer(2089858483,192608db42251d675da83286b1cce702)
Start importing Assets/SciFi Warehouse Kit/Art/Meshes/Props/Crates Barrels Pallets/Crate Short.fbx using Guid(ce65141939545d440ac8591812208a12) Importer(2089858483,192608db42251d675da83286b1cce702) (ScriptedImporter) -> (artifact id: '17cb82271aec760768c8ff7d66d2ac8d') in 0.0479001 seconds
Number of updated asset objects reloaded before import = 0Number of asset objects unloaded after import = 8

========================================================================
Received Import Request.
  Time since last request: 0.000018 seconds.
  path: Assets/SciFi Warehouse Kit/Art/Meshes/Props/Misc Props
  artifactKey: Guid(601cf79ee362d4241b9e0c4d098a6a94) Importer(2089858483,192608db42251d675da83286b1cce702)
Start importing Assets/SciFi Warehouse Kit/Art/Meshes/Props/Misc Props using Guid(601cf79ee362d4241b9e0c4d098a6a94) Importer(2089858483,192608db42251d675da83286b1cce702) (ScriptedImporter) -> (artifact id: 'd66967f4c027880275157929f03b0371') in 0.0260647 seconds
Number of updated asset objects reloaded before import = 0Number of asset objects unloaded after import = 1

========================================================================
Received Import Request.
  Time since last request: 0.000025 seconds.
  path: Assets/SciFi Warehouse Kit/Art/Meshes/Structures/Catwalk/Catwalk Rails Short.fbx
  artifactKey: Guid(27ecae3d31c802f46bb92e6d54dd743c) Importer(2089858483,192608db42251d675da83286b1cce702)
Start importing Assets/SciFi Warehouse Kit/Art/Meshes/Structures/Catwalk/Catwalk Rails Short.fbx using Guid(27ecae3d31c802f46bb92e6d54dd743c) Importer(2089858483,192608db42251d675da83286b1cce702) (ScriptedImporter) -> (artifact id: 'd61212e24bd77b6870706df3257a6fdd') in 0.0312394 seconds
Number of updated asset objects reloaded before import = 0Number of asset objects unloaded after import = 8

========================================================================
Received Import Request.
  Time since last request: 0.000034 seconds.
  path: Assets/SciFi Warehouse Kit/Prefabs/Props/Crates Barrels Pallets/Crate Short.prefab
  artifactKey: Guid(aedebdaeae12a6743b39120d2f5156b0) Importer(2089858483,3d70f49cd1c2eb9ae422958d1c652c6b)
Start importing Assets/SciFi Warehouse Kit/Prefabs/Props/Crates Barrels Pallets/Crate Short.prefab using Guid(aedebdaeae12a6743b39120d2f5156b0) Importer(2089858483,3d70f49cd1c2eb9ae422958d1c652c6b) (ScriptedImporter) -> (artifact id: '1fc91c16268e4eef1920c56927c4f011') in 0.022544 seconds
Number of updated asset objects reloaded before import = 0Number of asset objects unloaded after import = 9

========================================================================
Received Import Request.
  Time since last request: 0.000021 seconds.
  path: Assets/SciFi Warehouse Kit/Art/Textures/bay_door_n.png
  artifactKey: Guid(a04221d57efdbe44099ce837b8996697) Importer(2089858483,192608db42251d675da83286b1cce702)
Start importing Assets/SciFi Warehouse Kit/Art/Textures/bay_door_n.png using Guid(a04221d57efdbe44099ce837b8996697) Importer(2089858483,192608db42251d675da83286b1cce702) (ScriptedImporter) -> (artifact id: '2d7a3deaaf3bed0ee76dabb921292e1f') in 0.0383551 seconds
Number of updated asset objects reloaded before import = 0Number of asset objects unloaded after import = 1

========================================================================
Received Import Request.
  Time since last request: 0.000020 seconds.
  path: Assets/SciFi Warehouse Kit/Art/Meshes/Structures/Walls/Wall Window.fbx
  artifactKey: Guid(09c72847c9f424149a212761aaa4bdb9) Importer(2089858483,192608db42251d675da83286b1cce702)
Start importing Assets/SciFi Warehouse Kit/Art/Meshes/Structures/Walls/Wall Window.fbx using Guid(09c72847c9f424149a212761aaa4bdb9) Importer(2089858483,192608db42251d675da83286b1cce702) (ScriptedImporter) -> (artifact id: 'd40db84f109e6ae56b55a39562841560') in 0.0303229 seconds
Number of updated asset objects reloaded before import = 0Number of asset objects unloaded after import = 22

========================================================================
Received Import Request.
  Time since last request: 0.000018 seconds.
  path: Assets/SciFi Warehouse Kit/Art/Textures/ceiling_tiles_n.png
  artifactKey: Guid(7bfc418e1a246e44ebe858b7c0360d03) Importer(2089858483,192608db42251d675da83286b1cce702)
Start importing Assets/SciFi Warehouse Kit/Art/Textures/ceiling_tiles_n.png using Guid(7bfc418e1a246e44ebe858b7c0360d03) Importer(2089858483,192608db42251d675da83286b1cce702) (ScriptedImporter) -> (artifact id: '853cd97c4d4cb1543bfb7465254a120e') in 0.0331315 seconds
Number of updated asset objects reloaded before import = 0Number of asset objects unloaded after import = 1

========================================================================
Received Import Request.
  Time since last request: 0.000025 seconds.
  path: Assets/SciFi Warehouse Kit/Prefabs/Structures/Structure Props/Sprinkler 03.prefab
  artifactKey: Guid(68c6dd8e7dfcdad4d9d3341eee9c5601) Importer(2089858483,3d70f49cd1c2eb9ae422958d1c652c6b)
Start importing Assets/SciFi Warehouse Kit/Prefabs/Structures/Structure Props/Sprinkler 03.prefab using Guid(68c6dd8e7dfcdad4d9d3341eee9c5601) Importer(2089858483,3d70f49cd1c2eb9ae422958d1c652c6b) (ScriptedImporter) -> (artifact id: 'a1016888142dcc65f921c03fdaee86a8') in 0.0266491 seconds
Number of updated asset objects reloaded before import = 0Number of asset objects unloaded after import = 8

========================================================================
Received Import Request.
  Time since last request: 0.000024 seconds.
  path: Assets/SciFi Warehouse Kit/Art/Meshes/Props/Shelves
  artifactKey: Guid(03b464f574daffb4db2d00f7b1c87ef5) Importer(2089858483,192608db42251d675da83286b1cce702)
Start importing Assets/SciFi Warehouse Kit/Art/Meshes/Props/Shelves using Guid(03b464f574daffb4db2d00f7b1c87ef5) Importer(2089858483,192608db42251d675da83286b1cce702) (ScriptedImporter) -> (artifact id: 'e525283edab4773037ac56b0815eb1d6') in 0.0278758 seconds
Number of updated asset objects reloaded before import = 0Number of asset objects unloaded after import = 1

========================================================================
Received Import Request.
  Time since last request: 0.000016 seconds.
  path: Assets/SciFi Warehouse Kit/Art/Textures/wall_light_a.png
  artifactKey: Guid(5c1fd87ceca3aac4faa8f55e23b4e0ae) Importer(2089858483,192608db42251d675da83286b1cce702)
Start importing Assets/SciFi Warehouse Kit/Art/Textures/wall_light_a.png using Guid(5c1fd87ceca3aac4faa8f55e23b4e0ae) Importer(2089858483,192608db42251d675da83286b1cce702) (ScriptedImporter) -> (artifact id: 'e7283e84131748a58173be80d2e45da9') in 0.0465867 seconds
Number of updated asset objects reloaded before import = 0Number of asset objects unloaded after import = 1

========================================================================
Received Import Request.
  Time since last request: 0.000021 seconds.
  path: Assets/SciFi Warehouse Kit/Art/Meshes/Structures/Catwalk/CatWalk Stairs Wide.fbx
  artifactKey: Guid(f166f60cc0fa7d344b41aa4d7a0c6cd7) Importer(2089858483,192608db42251d675da83286b1cce702)
Start importing Assets/SciFi Warehouse Kit/Art/Meshes/Structures/Catwalk/CatWalk Stairs Wide.fbx using Guid(f166f60cc0fa7d344b41aa4d7a0c6cd7) Importer(2089858483,192608db42251d675da83286b1cce702) (ScriptedImporter) -> (artifact id: 'cf9ee81ecbcc671c2c56ac1e3f389d3c') in 0.0358481 seconds
Number of updated asset objects reloaded before import = 0Number of asset objects unloaded after import = 19

========================================================================
Received Import Request.
  Time since last request: 0.000025 seconds.
  path: Assets/SciFi Warehouse Kit/Prefabs/Props/Shelves/Shelf Variation 04.prefab
  artifactKey: Guid(5b83660a4c6176b41bfec1b7029c6597) Importer(2089858483,192608db42251d675da83286b1cce702)
Start importing Assets/SciFi Warehouse Kit/Prefabs/Props/Shelves/Shelf Variation 04.prefab using Guid(5b83660a4c6176b41bfec1b7029c6597) Importer(2089858483,192608db42251d675da83286b1cce702) (ScriptedImporter) -> (artifact id: 'cd1890ee4f907878e5d79d6afe2a6225') in 0.0389722 seconds
Number of updated asset objects reloaded before import = 0Number of asset objects unloaded after import = 182

========================================================================
Received Import Request.
  Time since last request: 0.000018 seconds.
  path: Assets/SciFi Warehouse Kit/Art/Textures/crate_short_a.png
  artifactKey: Guid(aea2490530f06b6479f24f2d8c79229b) Importer(2089858483,192608db42251d675da83286b1cce702)
Start importing Assets/SciFi Warehouse Kit/Art/Textures/crate_short_a.png using Guid(aea2490530f06b6479f24f2d8c79229b) Importer(2089858483,192608db42251d675da83286b1cce702) (ScriptedImporter) -> (artifact id: '9cdd22352762eba0c583878ab573339f') in 0.041747 seconds
Number of updated asset objects reloaded before import = 0Number of asset objects unloaded after import = 1

========================================================================
Received Import Request.
  Time since last request: 0.000020 seconds.
  path: Assets/SciFi Warehouse Kit/Art/Textures/extinguisher_a.png
  artifactKey: Guid(986145cfcac7b0849ae46bbdff06db4a) Importer(2089858483,192608db42251d675da83286b1cce702)
Start importing Assets/SciFi Warehouse Kit/Art/Textures/extinguisher_a.png using Guid(986145cfcac7b0849ae46bbdff06db4a) Importer(2089858483,192608db42251d675da83286b1cce702) (ScriptedImporter) -> (artifact id: '45cb2243105ab96154a6d78ae83ac3aa') in 0.0656587 seconds
Number of updated asset objects reloaded before import = 0Number of asset objects unloaded after import = 1

========================================================================
Received Import Request.
  Time since last request: 0.000018 seconds.
  path: Assets/SciFi Warehouse Kit/Art/Textures/Skybox/Skybox.mat
  artifactKey: Guid(890e1383831e8864e8f808b091962dbc) Importer(2089858483,192608db42251d675da83286b1cce702)
Start importing Assets/SciFi Warehouse Kit/Art/Textures/Skybox/Skybox.mat using Guid(890e1383831e8864e8f808b091962dbc) Importer(2089858483,192608db42251d675da83286b1cce702) (ScriptedImporter) -> (artifact id: 'e8adf0080bec022a9263e380389d986f') in 0.0519078 seconds
Number of updated asset objects reloaded before import = 0Number of asset objects unloaded after import = 7

Editor requested this worker to shutdown with reason: Scaling down because of idle timeout
AssetImportWorkerClient::OnTransportError - code=2 error=End of file
AssetImportWorker is now disconnected from the server
Process exiting
Exiting without the bug reporter. Application will terminate with return code 0