Using pre-set license
Built from '6000.0/respin/6000.0.59f1-063c55f2fd0f' branch; Version is '6000.0.59f2 (ef281c76c3c1) revision 15673372'; Using compiler version '193933523'; Build Type 'Release'
OS: 'Windows 11  (10.0.26200) 64bit Core' Language: 'ko' Physical Memory: 16077 MB
BatchMode: 1, IsHumanControllingUs: 0, StartBugReporterOnCrash: 0, Is64bit: 1
Date: 2026-05-26T13:10:32Z

COMMAND LINE ARGUMENTS:
C:\Program Files\Unity\Hub\Editor\6000.0.59f2\Editor\Unity.exe
-adb2
-batchMode
-noUpm
-name
AssetImportWorker36
-projectPath
C:/Users/ghqkr/OneDrive/Desktop/SW 웹사이트/VR-SangHaCha
-logFile
Logs/AssetImportWorker36.log
-srvPort
56803
-job-worker-count
7
-background-job-worker-count
8
-gc-helper-count
1
-name
AssetImport
Successfully changed project path to: C:/Users/ghqkr/OneDrive/Desktop/SW 웹사이트/VR-SangHaCha
C:/Users/ghqkr/OneDrive/Desktop/SW 웹사이트/VR-SangHaCha
[UnityMemory] Configuration Parameters - Can be set up in boot.config
    "memorysetup-bucket-allocator-granularity=16"
    "memorysetup-bucket-allocator-bucket-count=8"
    "memorysetup-bucket-allocator-block-size=33554432"
    "memorysetup-bucket-allocator-block-count=8"
    "memorysetup-main-allocator-block-size=16777216"
    "memorysetup-thread-allocator-block-size=16777216"
    "memorysetup-gfx-main-allocator-block-size=16777216"
    "memorysetup-gfx-thread-allocator-block-size=16777216"
    "memorysetup-cache-allocator-block-size=4194304"
    "memorysetup-typetree-allocator-block-size=2097152"
    "memorysetup-profiler-bucket-allocator-granularity=16"
    "memorysetup-profiler-bucket-allocator-bucket-count=8"
    "memorysetup-profiler-bucket-allocator-block-size=33554432"
    "memorysetup-profiler-bucket-allocator-block-count=8"
    "memorysetup-profiler-allocator-block-size=16777216"
    "memorysetup-profiler-editor-allocator-block-size=1048576"
    "memorysetup-temp-allocator-size-main=16777216"
    "memorysetup-job-temp-allocator-block-size=2097152"
    "memorysetup-job-temp-allocator-block-size-background=1048576"
    "memorysetup-job-temp-allocator-reduction-small-platforms=262144"
    "memorysetup-allocator-temp-initial-block-size-main=262144"
    "memorysetup-allocator-temp-initial-block-size-worker=262144"
    "memorysetup-temp-allocator-size-background-worker=32768"
    "memorysetup-temp-allocator-size-job-worker=262144"
    "memorysetup-temp-allocator-size-preload-manager=33554432"
    "memorysetup-temp-allocator-size-nav-mesh-worker=65536"
    "memorysetup-temp-allocator-size-audio-worker=65536"
    "memorysetup-temp-allocator-size-cloud-worker=32768"
    "memorysetup-temp-allocator-size-gi-baking-worker=262144"
    "memorysetup-temp-allocator-size-gi-baking-worker=262144"
    "memorysetup-temp-allocator-size-gi-baking-worker=262144"
    "memorysetup-temp-allocator-size-gi-baking-worker=262144"
    "memorysetup-temp-allocator-size-gi-baking-worker=262144"
    "memorysetup-temp-allocator-size-gfx=262144"
Player connection [23988]  Target information:

Player connection [23988]  * "[IP] 192.168.0.124 [Port] 0 [Flags] 2 [Guid] 3117126618 [EditorId] 3117126618 [Version] 1048832 [Id] WindowsEditor(7,retser) [Debug] 1 [PackageName] WindowsEditor [ProjectName] Editor" 

Player connection [23988] Host joined multi-casting on [225.0.0.222:54997]...
Player connection [23988] Host joined alternative multi-casting on [225.0.0.222:34997]...
JobSystem: Creating JobQueue using job-worker-count value 7
Input System module state changed to: Initialized.
[Physics::Module] Initialized fallback backend.
[Physics::Module] Id: 0xdecafbad
Library Redirect Path: Library/
[Physics::Module] Selected backend.
[Physics::Module] Name: PhysX
[Physics::Module] Id: 0xf2b8ea05
[Physics::Module] SDK Version: 4.1.2
[Physics::Module] Integration Version: 1.0.0
[Physics::Module] Threading Mode: Multi-Threaded
Refreshing native plugins compatible for Editor in 25.37 ms, found 11 plugins.
Preloading 0 native plugins for Editor in 0.00 ms.
Initialize engine version: 6000.0.59f2 (ef281c76c3c1)
[Subsystems] Discovering subsystems at path C:/Program Files/Unity/Hub/Editor/6000.0.59f2/Editor/Data/Resources/UnitySubsystems
[Subsystems] Discovering subsystems at path C:/Users/ghqkr/OneDrive/Desktop/SW 웹사이트/VR-SangHaCha/Assets
GfxDevice: creating device client; kGfxThreadingModeNonThreaded
Direct3D:
    Version:  Direct3D 11.0 [level 11.1]
    Renderer: NVIDIA GeForce RTX 4060 Laptop GPU (ID=0x28a0)
    Vendor:   NVIDIA
    VRAM:     7957 MB
    Driver:   32.0.15.8183
Initialize mono
Mono path[0] = 'C:/Program Files/Unity/Hub/Editor/6000.0.59f2/Editor/Data/Managed'
Mono path[1] = 'C:/Program Files/Unity/Hub/Editor/6000.0.59f2/Editor/Data/MonoBleedingEdge/lib/mono/unityjit-win32'
Mono config path = 'C:/Program Files/Unity/Hub/Editor/6000.0.59f2/Editor/Data/MonoBleedingEdge/etc'
Using monoOptions --debugger-agent=transport=dt_socket,embedding=1,server=y,suspend=n,address=127.0.0.1:56708
Begin MonoManager ReloadAssembly
Registering precompiled unity dll's ...
Register platform support module: C:/Program Files/Unity/Hub/Editor/6000.0.59f2/Editor/Data/PlaybackEngines/WindowsStandaloneSupport/UnityEditor.WindowsStandalone.Extensions.dll
Register platform support module: C:/Program Files/Unity/Hub/Editor/6000.0.59f2/Editor/Data/PlaybackEngines/AndroidPlayer/UnityEditor.Android.Extensions.dll
Registered in 0.227841 seconds.
- Loaded All Assemblies, in  8.366 seconds
Native extension for Android target not found
Android Extension - Scanning For ADB Devices 10333 ms
Native extension for WindowsStandalone target not found
Mono: successfully reloaded assembly
- Finished resetting the current domain, in 16.320 seconds
Domain Reload Profiling: 24512ms
	BeginReloadAssembly (1481ms)
		ExecutionOrderSort (0ms)
		DisableScriptedObjects (0ms)
		BackupInstance (0ms)
		ReleaseScriptingObjects (0ms)
		CreateAndSetChildDomain (1ms)
	RebuildCommonClasses (1131ms)
	RebuildNativeTypeToScriptingClass (317ms)
	initialDomainReloadingComplete (1818ms)
	LoadAllAssembliesAndSetupDomain (3443ms)
		LoadAssemblies (1500ms)
		RebuildTransferFunctionScriptingTraits (0ms)
		AnalyzeDomain (3366ms)
			TypeCache.Refresh (3327ms)
				TypeCache.ScanAssembly (3080ms)
			BuildScriptInfoCaches (8ms)
			ResolveRequiredComponents (2ms)
	FinalizeReload (16321ms)
		ReleaseScriptCaches (0ms)
		RebuildScriptCaches (0ms)
		SetupLoadedEditorAssemblies (15359ms)
			LogAssemblyErrors (0ms)
			InitializePlatformSupportModulesInManaged (11816ms)
			SetLoadedEditorAssemblies (46ms)
			BeforeProcessingInitializeOnLoad (900ms)
			ProcessInitializeOnLoadAttributes (1648ms)
			ProcessInitializeOnLoadMethodAttributes (949ms)
			AfterProcessingInitializeOnLoad (0ms)
			EditorAssembliesLoaded (0ms)
		ExecutionOrderSort2 (0ms)
		AwakeInstancesAfterBackupRestoration (0ms)
========================================================================
Worker process is ready to serve import requests
Import Worker Mode flag is 0x00
Begin MonoManager ReloadAssembly
- Loaded All Assemblies, in 17.961 seconds
Refreshing native plugins compatible for Editor in 136.96 ms, found 11 plugins.
Native extension for Android target not found
Native extension for WindowsStandalone target not found
Refreshing native plugins compatible for Editor in 165.08 ms, found 11 plugins.
Package Manager log level set to [2]
[Package Manager] Failed to launch server process. Reason: Unity was launched with the -noUpm command-line argument
[Package Manager] Unable to send message (not connected to server process).
[Package Manager] Cannot connect to Unity Package Manager local server
Mono: successfully reloaded assembly
[Package Manager] Failed to launch server process. Reason: Unity was launched with the -noUpm command-line argument
[Package Manager] Unable to send message (not connected to server process).
[Package Manager] Cannot connect to Unity Package Manager local server
[Package Manager] Failed to launch server process. Reason: Unity was launched with the -noUpm command-line argument
[Package Manager] Unable to send message (not connected to server process).
[Package Manager] Cannot connect to Unity Package Manager local server
- Finished resetting the current domain, in 13.427 seconds
Domain Reload Profiling: 31211ms
	BeginReloadAssembly (3629ms)
		ExecutionOrderSort (0ms)
		DisableScriptedObjects (95ms)
		BackupInstance (0ms)
		ReleaseScriptingObjects (0ms)
		CreateAndSetChildDomain (339ms)
	RebuildCommonClasses (698ms)
	RebuildNativeTypeToScriptingClass (217ms)
	initialDomainReloadingComplete (738ms)
	LoadAllAssembliesAndSetupDomain (12495ms)
		LoadAssemblies (9057ms)
		RebuildTransferFunctionScriptingTraits (0ms)
		AnalyzeDomain (5932ms)
			TypeCache.Refresh (4342ms)
				TypeCache.ScanAssembly (4017ms)
			BuildScriptInfoCaches (1236ms)
			ResolveRequiredComponents (257ms)
	FinalizeReload (13432ms)
		ReleaseScriptCaches (0ms)
		RebuildScriptCaches (0ms)
		SetupLoadedEditorAssemblies (9559ms)
			LogAssemblyErrors (0ms)
			InitializePlatformSupportModulesInManaged (276ms)
			SetLoadedEditorAssemblies (102ms)
			BeforeProcessingInitializeOnLoad (4197ms)
			ProcessInitializeOnLoadAttributes (3858ms)
			ProcessInitializeOnLoadMethodAttributes (1038ms)
			AfterProcessingInitializeOnLoad (86ms)
			EditorAssembliesLoaded (2ms)
		ExecutionOrderSort2 (0ms)
		AwakeInstancesAfterBackupRestoration (138ms)
WARNING: Shader Unsupported: 'Hidden/Simulation/URP/Synthetic' - All subshaders removed
WARNING: Shader Did you use #pragma only_renderers and omit this platform?
WARNING: Shader If subshaders removal was intentional, you may have forgotten turning Fallback off?
WARNING: Shader Unsupported: 'Hidden/Simulation/URP/Synthetic' - All subshaders removed
WARNING: Shader Did you use #pragma only_renderers and omit this platform?
WARNING: Shader If subshaders removal was intentional, you may have forgotten turning Fallback off?
WARNING: Shader Unsupported: 'Hidden/Simulation/Synthetic Lit' - All subshaders removed
WARNING: Shader Did you use #pragma only_renderers and omit this platform?
WARNING: Shader If subshaders removal was intentional, you may have forgotten turning Fallback off?
WARNING: Shader Unsupported: 'Hidden/Simulation/Synthetic Lit' - All subshaders removed
WARNING: Shader Did you use #pragma only_renderers and omit this platform?
WARNING: Shader If subshaders removal was intentional, you may have forgotten turning Fallback off?
WARNING: Shader Unsupported: 'Simulation/Standard Lit' - All subshaders removed
WARNING: Shader Did you use #pragma only_renderers and omit this platform?
WARNING: Shader If subshaders removal was intentional, you may have forgotten turning Fallback off?
WARNING: Shader Unsupported: 'Simulation/Standard Lit' - All subshaders removed
WARNING: Shader Did you use #pragma only_renderers and omit this platform?
WARNING: Shader If subshaders removal was intentional, you may have forgotten turning Fallback off?
WARNING: Shader Unsupported: 'Simulation/URP/Room X-Ray' - All subshaders removed
WARNING: Shader Did you use #pragma only_renderers and omit this platform?
WARNING: Shader If subshaders removal was intentional, you may have forgotten turning Fallback off?
WARNING: Shader Unsupported: 'Simulation/URP/Room X-Ray' - All subshaders removed
WARNING: Shader Did you use #pragma only_renderers and omit this platform?
WARNING: Shader If subshaders removal was intentional, you may have forgotten turning Fallback off?
WARNING: Shader Unsupported: 'Simulation/Room X-Ray' - All subshaders removed
WARNING: Shader Did you use #pragma only_renderers and omit this platform?
WARNING: Shader If subshaders removal was intentional, you may have forgotten turning Fallback off?
WARNING: Shader Unsupported: 'Simulation/Room X-Ray' - All subshaders removed
WARNING: Shader Did you use #pragma only_renderers and omit this platform?
WARNING: Shader If subshaders removal was intentional, you may have forgotten turning Fallback off?
WARNING: Shader Unsupported: 'Simulation/URP/Lit' - All subshaders removed
WARNING: Shader Did you use #pragma only_renderers and omit this platform?
WARNING: Shader If subshaders removal was intentional, you may have forgotten turning Fallback off?
WARNING: Shader Unsupported: 'Simulation/URP/Lit' - All subshaders removed
WARNING: Shader Did you use #pragma only_renderers and omit this platform?
WARNING: Shader If subshaders removal was intentional, you may have forgotten turning Fallback off?
Launched and connected shader compiler UnityShaderCompiler.exe after 0.03 seconds
Refreshing native plugins compatible for Editor in 110.11 ms, found 11 plugins.
Preloading 0 native plugins for Editor in 0.00 ms.
Unloading 19 Unused Serialized files (Serialized files now loaded: 0)
Unloading 6747 unused Assets / (5.4 MB). Loaded Objects now: 7479.
Memory consumption went from 148.5 MB to 143.1 MB.
Total: 60.975400 ms (FindLiveObjects: 1.695700 ms CreateObjectMapping: 2.101800 ms MarkObjects: 37.533300 ms  DeleteObjects: 19.642400 ms)

========================================================================
Received Import Request.
  Time since last request: 261207.598789 seconds.
  path: Assets/SciFi Warehouse Kit/Prefabs/Structures/Floor/Floor Tile 03.prefab
  artifactKey: Guid(4f019145598ea474b899ca25a03acd09) Importer(2089858483,3d70f49cd1c2eb9ae422958d1c652c6b)
Start importing Assets/SciFi Warehouse Kit/Prefabs/Structures/Floor/Floor Tile 03.prefab using Guid(4f019145598ea474b899ca25a03acd09) Importer(2089858483,3d70f49cd1c2eb9ae422958d1c652c6b) (ScriptedImporter) -> (artifact id: '4c96c53beef82219861050be65edbe5b') in 1.2851888 seconds
Number of updated asset objects reloaded before import = 0Number of asset objects unloaded after import = 9

========================================================================
Received Import Request.
  Time since last request: 0.000037 seconds.
  path: Assets/SciFi Warehouse Kit/Art/Textures/Skybox
  artifactKey: Guid(0b64790b04f7cd14e9353c6f4ed4f34d) Importer(2089858483,192608db42251d675da83286b1cce702)
Start importing Assets/SciFi Warehouse Kit/Art/Textures/Skybox using Guid(0b64790b04f7cd14e9353c6f4ed4f34d) Importer(2089858483,192608db42251d675da83286b1cce702) (ScriptedImporter) -> (artifact id: '09590ba9ea6c9e2c52962aa56e91245f') in 0.0630702 seconds
Number of updated asset objects reloaded before import = 0Number of asset objects unloaded after import = 1

========================================================================
Received Import Request.
  Time since last request: 0.000055 seconds.
  path: Assets/SciFi Warehouse Kit/Prefabs/Structures/Catwalk/Catwalk Corner.prefab
  artifactKey: Guid(f3666c4739f55c24eb42ed8d7b508700) Importer(2089858483,3d70f49cd1c2eb9ae422958d1c652c6b)
Start importing Assets/SciFi Warehouse Kit/Prefabs/Structures/Catwalk/Catwalk Corner.prefab using Guid(f3666c4739f55c24eb42ed8d7b508700) Importer(2089858483,3d70f49cd1c2eb9ae422958d1c652c6b) (ScriptedImporter) -> (artifact id: '77fe9e02c8ac8cf39a4df6e91142a5c0') in 0.086903 seconds
Number of updated asset objects reloaded before import = 0Number of asset objects unloaded after import = 9

========================================================================
Received Import Request.
  Time since last request: 0.000033 seconds.
  path: Assets/SciFi Warehouse Kit/Prefabs/Structures/Corridors/Corridor 4-Way.prefab
  artifactKey: Guid(74c0dfff25c1f104382fcabf0479898d) Importer(2089858483,3d70f49cd1c2eb9ae422958d1c652c6b)
Start importing Assets/SciFi Warehouse Kit/Prefabs/Structures/Corridors/Corridor 4-Way.prefab using Guid(74c0dfff25c1f104382fcabf0479898d) Importer(2089858483,3d70f49cd1c2eb9ae422958d1c652c6b) (ScriptedImporter) -> (artifact id: '32b05399518c16946253f65e097734f3') in 0.1513874 seconds
Number of updated asset objects reloaded before import = 0Number of asset objects unloaded after import = 45

========================================================================
Received Import Request.
  Time since last request: 0.000067 seconds.
  path: Assets/SciFi Warehouse Kit/Art/Meshes/Structures/Catwalk/Catwalk Corner.fbx
  artifactKey: Guid(8dafe4d8ed6a7ee45b9201a1ddabedb9) Importer(2089858483,192608db42251d675da83286b1cce702)
Start importing Assets/SciFi Warehouse Kit/Art/Meshes/Structures/Catwalk/Catwalk Corner.fbx using Guid(8dafe4d8ed6a7ee45b9201a1ddabedb9) Importer(2089858483,192608db42251d675da83286b1cce702) (ScriptedImporter) -> (artifact id: '5754fe79b5e38962886dabbea6d61a00') in 0.4090111 seconds
Number of updated asset objects reloaded before import = 0Number of asset objects unloaded after import = 8

========================================================================
Received Import Request.
  Time since last request: 0.000036 seconds.
  path: Assets/SciFi Warehouse Kit/Prefabs/Props/Ducts/Duct Elbow 02.prefab
  artifactKey: Guid(3f8fbe2b2e0fcda49bdf4860e8efd375) Importer(2089858483,192608db42251d675da83286b1cce702)
Start importing Assets/SciFi Warehouse Kit/Prefabs/Props/Ducts/Duct Elbow 02.prefab using Guid(3f8fbe2b2e0fcda49bdf4860e8efd375) Importer(2089858483,192608db42251d675da83286b1cce702) (ScriptedImporter) -> (artifact id: '29c28448261d10d6add959b920f1f298') in 0.1203658 seconds
Number of updated asset objects reloaded before import = 0Number of asset objects unloaded after import = 9

========================================================================
Received Import Request.
  Time since last request: 0.000057 seconds.
  path: Assets/SciFi Warehouse Kit/Art/Meshes/Props/Misc Props/Hanging Light.fbx
  artifactKey: Guid(07fb4dd6bfd07084eb4a81e9086f354b) Importer(2089858483,192608db42251d675da83286b1cce702)
Start importing Assets/SciFi Warehouse Kit/Art/Meshes/Props/Misc Props/Hanging Light.fbx using Guid(07fb4dd6bfd07084eb4a81e9086f354b) Importer(2089858483,192608db42251d675da83286b1cce702) (ScriptedImporter) -> (artifact id: 'd09e0e6e54a696660e755e462213a5aa') in 0.0830021 seconds
Number of updated asset objects reloaded before import = 0Number of asset objects unloaded after import = 14

========================================================================
Received Import Request.
  Time since last request: 0.000032 seconds.
  path: Assets/SciFi Warehouse Kit/Demo/Audio/SFX/Fan_St.wav
  artifactKey: Guid(bea37e2f1d9209440aac9a3d03a16787) Importer(2089858483,192608db42251d675da83286b1cce702)
Start importing Assets/SciFi Warehouse Kit/Demo/Audio/SFX/Fan_St.wav using Guid(bea37e2f1d9209440aac9a3d03a16787) Importer(2089858483,192608db42251d675da83286b1cce702) (ScriptedImporter) -> (artifact id: '05c35503910cd21c1801d86edb911b37') in 0.3487927 seconds
Number of updated asset objects reloaded before import = 0Number of asset objects unloaded after import = 1

========================================================================
Received Import Request.
  Time since last request: 0.000082 seconds.
  path: Assets/SciFi Warehouse Kit/Demo/Scripts
  artifactKey: Guid(9ee6cbbfcba665948b316fb4578612ba) Importer(2089858483,192608db42251d675da83286b1cce702)
Start importing Assets/SciFi Warehouse Kit/Demo/Scripts using Guid(9ee6cbbfcba665948b316fb4578612ba) Importer(2089858483,192608db42251d675da83286b1cce702) (ScriptedImporter) -> (artifact id: 'eedaddc7d3a41646dc7cb0a0bf7c63da') in 0.0364931 seconds
Number of updated asset objects reloaded before import = 0Number of asset objects unloaded after import = 1

========================================================================
Received Import Request.
  Time since last request: 0.000037 seconds.
  path: Assets/SciFi Warehouse Kit/Prefabs/Structures/Corridors/Corridor Tee.prefab
  artifactKey: Guid(29aa5a78b96148c42bd3f92e5e037e89) Importer(2089858483,3d70f49cd1c2eb9ae422958d1c652c6b)
Start importing Assets/SciFi Warehouse Kit/Prefabs/Structures/Corridors/Corridor Tee.prefab using Guid(29aa5a78b96148c42bd3f92e5e037e89) Importer(2089858483,3d70f49cd1c2eb9ae422958d1c652c6b) (ScriptedImporter) -> (artifact id: 'd701258f0273d323e02c3248f5296c7e') in 0.0674734 seconds
Number of updated asset objects reloaded before import = 0Number of asset objects unloaded after import = 50

========================================================================
Received Import Request.
  Time since last request: 0.000048 seconds.
  path: Assets/SciFi Warehouse Kit/Prefabs/Props/Crates Barrels Pallets/Pallet.prefab
  artifactKey: Guid(528f6c40ba01da34f96f492e501fd927) Importer(2089858483,3d70f49cd1c2eb9ae422958d1c652c6b)
Start importing Assets/SciFi Warehouse Kit/Prefabs/Props/Crates Barrels Pallets/Pallet.prefab using Guid(528f6c40ba01da34f96f492e501fd927) Importer(2089858483,3d70f49cd1c2eb9ae422958d1c652c6b) (ScriptedImporter) -> (artifact id: 'a51646883ad9a5e759276c7f10abc404') in 0.0366453 seconds
Number of updated asset objects reloaded before import = 0Number of asset objects unloaded after import = 9

========================================================================
Received Import Request.
  Time since last request: 0.000034 seconds.
  path: Assets/SciFi Warehouse Kit/Demo
  artifactKey: Guid(71f479b99f6e39a4b97f66327d20bd10) Importer(2089858483,192608db42251d675da83286b1cce702)
Start importing Assets/SciFi Warehouse Kit/Demo using Guid(71f479b99f6e39a4b97f66327d20bd10) Importer(2089858483,192608db42251d675da83286b1cce702) (ScriptedImporter) -> (artifact id: '06e6b807fddd3c00801909da98684661') in 0.0352658 seconds
Number of updated asset objects reloaded before import = 0Number of asset objects unloaded after import = 1

========================================================================
Received Import Request.
  Time since last request: 0.000051 seconds.
  path: Assets/SciFi Warehouse Kit/Art/Textures/Wall Alpha a.png
  artifactKey: Guid(b6df1a2e752aedc488cd14ff782e2d72) Importer(2089858483,192608db42251d675da83286b1cce702)
Start importing Assets/SciFi Warehouse Kit/Art/Textures/Wall Alpha a.png using Guid(b6df1a2e752aedc488cd14ff782e2d72) Importer(2089858483,192608db42251d675da83286b1cce702) (ScriptedImporter) -> (artifact id: '3b9b254b058c3033068fc4f7a174bdff') in 0.270052 seconds
Number of updated asset objects reloaded before import = 0Number of asset objects unloaded after import = 1

========================================================================
Received Import Request.
  Time since last request: 0.000035 seconds.
  path: Assets/SciFi Warehouse Kit/Prefabs/Structures/Corridors/Corridor Doors.prefab
  artifactKey: Guid(2786dfa44f873aa478bb54f2d68fcc64) Importer(2089858483,192608db42251d675da83286b1cce702)
Start importing Assets/SciFi Warehouse Kit/Prefabs/Structures/Corridors/Corridor Doors.prefab using Guid(2786dfa44f873aa478bb54f2d68fcc64) Importer(2089858483,192608db42251d675da83286b1cce702) (ScriptedImporter) -> (artifact id: '42b01ed4f740e567be9af5879e34e13d') in 0.0594415 seconds
Number of updated asset objects reloaded before import = 0Number of asset objects unloaded after import = 40

========================================================================
Received Import Request.
  Time since last request: 0.000056 seconds.
  path: Assets/SciFi Warehouse Kit/Prefabs/Structures/Corridors/Corridor Wide Windows.prefab
  artifactKey: Guid(ac2dfbe7f68dc634f86cd6efc408d4a4) Importer(2089858483,192608db42251d675da83286b1cce702)
Start importing Assets/SciFi Warehouse Kit/Prefabs/Structures/Corridors/Corridor Wide Windows.prefab using Guid(ac2dfbe7f68dc634f86cd6efc408d4a4) Importer(2089858483,192608db42251d675da83286b1cce702) (ScriptedImporter) -> (artifact id: '45da922db774b10c26ef68e608a326c4') in 0.0434427 seconds
Number of updated asset objects reloaded before import = 0Number of asset objects unloaded after import = 47

========================================================================
Received Import Request.
  Time since last request: 0.000076 seconds.
  path: Assets/SciFi Warehouse Kit/Prefabs/Structures/Catwalk/Catwalk Rails Long.prefab
  artifactKey: Guid(4e661a4b9cf2fac4dbc610ceb59e77b8) Importer(2089858483,192608db42251d675da83286b1cce702)
Start importing Assets/SciFi Warehouse Kit/Prefabs/Structures/Catwalk/Catwalk Rails Long.prefab using Guid(4e661a4b9cf2fac4dbc610ceb59e77b8) Importer(2089858483,192608db42251d675da83286b1cce702) (ScriptedImporter) -> (artifact id: '1302fe1bec1a39208ba3dd2105404ef7') in 0.0445801 seconds
Number of updated asset objects reloaded before import = 0Number of asset objects unloaded after import = 9

========================================================================
Received Import Request.
  Time since last request: 0.000050 seconds.
  path: Assets/SciFi Warehouse Kit/Art/Meshes/Structures/Walls/Wall Door Raised.fbx
  artifactKey: Guid(498a831095708df4bbdb548211124aef) Importer(2089858483,192608db42251d675da83286b1cce702)
Start importing Assets/SciFi Warehouse Kit/Art/Meshes/Structures/Walls/Wall Door Raised.fbx using Guid(498a831095708df4bbdb548211124aef) Importer(2089858483,192608db42251d675da83286b1cce702) (ScriptedImporter) -> (artifact id: '4e858c2333d8f8f1c37eda0044d7bc46') in 0.0563788 seconds
Number of updated asset objects reloaded before import = 0Number of asset objects unloaded after import = 14

========================================================================
Received Import Request.
  Time since last request: 0.000039 seconds.
  path: Assets/SciFi Warehouse Kit/Prefabs/Structures/Catwalk/Catwalk Short.prefab
  artifactKey: Guid(52c51744944b30b4395badb88a68a18b) Importer(2089858483,192608db42251d675da83286b1cce702)
Start importing Assets/SciFi Warehouse Kit/Prefabs/Structures/Catwalk/Catwalk Short.prefab using Guid(52c51744944b30b4395badb88a68a18b) Importer(2089858483,192608db42251d675da83286b1cce702) (ScriptedImporter) -> (artifact id: 'e73889e529bb9938475408cb011ca027') in 0.0605572 seconds
Number of updated asset objects reloaded before import = 0Number of asset objects unloaded after import = 9

========================================================================
Received Import Request.
  Time since last request: 0.002369 seconds.
  path: Assets/SciFi Warehouse Kit/Art/Meshes/Structures/Pillars and Beams/Pillar.fbx
  artifactKey: Guid(bdd9a246f71230349b340130b899e056) Importer(2089858483,192608db42251d675da83286b1cce702)
Start importing Assets/SciFi Warehouse Kit/Art/Meshes/Structures/Pillars and Beams/Pillar.fbx using Guid(bdd9a246f71230349b340130b899e056) Importer(2089858483,192608db42251d675da83286b1cce702) (ScriptedImporter) -> (artifact id: '1703de1f79ab8ee2b136441aaf3fa924') in 0.0984921 seconds
Number of updated asset objects reloaded before import = 0Number of asset objects unloaded after import = 8

========================================================================
Received Import Request.
  Time since last request: 0.000039 seconds.
  path: Assets/SciFi Warehouse Kit/Art/Textures/cart_n.png
  artifactKey: Guid(6e5b659e8ac295047987efbe80ab96dd) Importer(2089858483,192608db42251d675da83286b1cce702)
Start importing Assets/SciFi Warehouse Kit/Art/Textures/cart_n.png using Guid(6e5b659e8ac295047987efbe80ab96dd) Importer(2089858483,192608db42251d675da83286b1cce702) (ScriptedImporter) -> (artifact id: '2e84c6c62621f2ef93e8c62c6de608f2') in 0.1200369 seconds
Number of updated asset objects reloaded before import = 0Number of asset objects unloaded after import = 1

========================================================================
Received Import Request.
  Time since last request: 0.000045 seconds.
  path: Assets/SciFi Warehouse Kit/Art/Meshes/Structures/Corridors/Corridor 4-Way.fbx
  artifactKey: Guid(685f3c2516b9d3041970058318a5c349) Importer(2089858483,192608db42251d675da83286b1cce702)
Start importing Assets/SciFi Warehouse Kit/Art/Meshes/Structures/Corridors/Corridor 4-Way.fbx using Guid(685f3c2516b9d3041970058318a5c349) Importer(2089858483,192608db42251d675da83286b1cce702) (ScriptedImporter) -> (artifact id: 'c559319bcc31d1115a860a43cf30694e') in 0.1086462 seconds
Number of updated asset objects reloaded before import = 0Number of asset objects unloaded after import = 29

========================================================================
Received Import Request.
  Time since last request: 0.000032 seconds.
  path: Assets/SciFi Warehouse Kit/Prefabs/Structures/Corridors/Corridor Passthrough.prefab
  artifactKey: Guid(c4470bf28fca8044dab507d047e88c69) Importer(2089858483,192608db42251d675da83286b1cce702)
Start importing Assets/SciFi Warehouse Kit/Prefabs/Structures/Corridors/Corridor Passthrough.prefab using Guid(c4470bf28fca8044dab507d047e88c69) Importer(2089858483,192608db42251d675da83286b1cce702) (ScriptedImporter) -> (artifact id: 'f8095c643f91780195ec4dbbbb052e8e') in 0.0773376 seconds
Number of updated asset objects reloaded before import = 0Number of asset objects unloaded after import = 33

========================================================================
Received Import Request.
  Time since last request: 0.000064 seconds.
  path: Assets/SciFi Warehouse Kit/Prefabs/Structures/Walls/Wall Door 02.prefab
  artifactKey: Guid(01f7094c0e795ad47b0ef77f3cf2ae66) Importer(2089858483,192608db42251d675da83286b1cce702)
Start importing Assets/SciFi Warehouse Kit/Prefabs/Structures/Walls/Wall Door 02.prefab using Guid(01f7094c0e795ad47b0ef77f3cf2ae66) Importer(2089858483,192608db42251d675da83286b1cce702) (ScriptedImporter) -> (artifact id: 'd5b35b540d0bcb4b5bad84495ab8e614') in 0.0580215 seconds
Number of updated asset objects reloaded before import = 0Number of asset objects unloaded after import = 14

========================================================================
Received Import Request.
  Time since last request: 0.000033 seconds.
  path: Assets/SciFi Warehouse Kit/Art/Textures/security_cam_n.png
  artifactKey: Guid(21e1d31bf7981fa459b4cdbb49efe5e9) Importer(2089858483,192608db42251d675da83286b1cce702)
Start importing Assets/SciFi Warehouse Kit/Art/Textures/security_cam_n.png using Guid(21e1d31bf7981fa459b4cdbb49efe5e9) Importer(2089858483,192608db42251d675da83286b1cce702) (ScriptedImporter) -> (artifact id: 'f72cfbe7d27b88f99b7ed67bddf5526f') in 0.1223697 seconds
Number of updated asset objects reloaded before import = 0Number of asset objects unloaded after import = 1

========================================================================
Received Import Request.
  Time since last request: 0.000057 seconds.
  path: Assets/Settings/Ultra_PipelineAsset_ForwardRenderer.asset
  artifactKey: Guid(bb3a4c0335f8cac46bc74945da90ab2e) Importer(2089858483,3d70f49cd1c2eb9ae422958d1c652c6b)
Start importing Assets/Settings/Ultra_PipelineAsset_ForwardRenderer.asset using Guid(bb3a4c0335f8cac46bc74945da90ab2e) Importer(2089858483,3d70f49cd1c2eb9ae422958d1c652c6b) (ScriptedImporter) -> (artifact id: 'bcee7db42ab407e82e8f3ff2ffedc373') in 0.0744386 seconds
Number of updated asset objects reloaded before import = 0Number of asset objects unloaded after import = 0

========================================================================
Received Import Request.
  Time since last request: 0.000039 seconds.
  path: Assets/SciFi Warehouse Kit/Art/Meshes/Structures/Catwalk/Catwalk Short.fbx
  artifactKey: Guid(97f0abc72d954744bb0831c9fe4e8db6) Importer(2089858483,192608db42251d675da83286b1cce702)
Start importing Assets/SciFi Warehouse Kit/Art/Meshes/Structures/Catwalk/Catwalk Short.fbx using Guid(97f0abc72d954744bb0831c9fe4e8db6) Importer(2089858483,192608db42251d675da83286b1cce702) (ScriptedImporter) -> (artifact id: '3d40f274d8b70de74b68a50c72deb7e6') in 0.0952325 seconds
Number of updated asset objects reloaded before import = 0Number of asset objects unloaded after import = 8

========================================================================
Received Import Request.
  Time since last request: 0.000047 seconds.
  path: Assets/SciFi Warehouse Kit/Prefabs/Structures/Pillars and Beams
  artifactKey: Guid(cfaaba5ba4f09254a88f61120d1dfae2) Importer(2089858483,192608db42251d675da83286b1cce702)
Start importing Assets/SciFi Warehouse Kit/Prefabs/Structures/Pillars and Beams using Guid(cfaaba5ba4f09254a88f61120d1dfae2) Importer(2089858483,192608db42251d675da83286b1cce702) (ScriptedImporter) -> (artifact id: '780a20d7992f2e52f06b49c6e3f3e0e8') in 0.0589439 seconds
Number of updated asset objects reloaded before import = 0Number of asset objects unloaded after import = 1

========================================================================
Received Import Request.
  Time since last request: 0.000045 seconds.
  path: Assets/SciFi Warehouse Kit/Art/Meshes/Props/Ducts/Duct Tee.fbx
  artifactKey: Guid(b63bec55b1a6dfc4596b6da70ef02d16) Importer(2089858483,192608db42251d675da83286b1cce702)
Start importing Assets/SciFi Warehouse Kit/Art/Meshes/Props/Ducts/Duct Tee.fbx using Guid(b63bec55b1a6dfc4596b6da70ef02d16) Importer(2089858483,192608db42251d675da83286b1cce702) (ScriptedImporter) -> (artifact id: 'a00bb124073eaba2ba9678307fee31b2') in 0.3301534 seconds
Number of updated asset objects reloaded before import = 0Number of asset objects unloaded after import = 8

========================================================================
Received Import Request.
  Time since last request: 0.000064 seconds.
  path: Assets/SciFi Warehouse Kit/Art/Textures/shelf_a.png
  artifactKey: Guid(906cd3a5ced535a4a8b6696ca147c911) Importer(2089858483,192608db42251d675da83286b1cce702)
Start importing Assets/SciFi Warehouse Kit/Art/Textures/shelf_a.png using Guid(906cd3a5ced535a4a8b6696ca147c911) Importer(2089858483,192608db42251d675da83286b1cce702) (ScriptedImporter) -> (artifact id: '88957b8b9eb2f8ecc95ef23cfe1f09d2') in 0.3587887 seconds
Number of updated asset objects reloaded before import = 0Number of asset objects unloaded after import = 1

========================================================================
Received Import Request.
  Time since last request: 0.000042 seconds.
  path: Assets/SciFi Warehouse Kit/Art/Textures/structure_props_m.png
  artifactKey: Guid(180006863563757409d719cea828251c) Importer(2089858483,192608db42251d675da83286b1cce702)
Start importing Assets/SciFi Warehouse Kit/Art/Textures/structure_props_m.png using Guid(180006863563757409d719cea828251c) Importer(2089858483,192608db42251d675da83286b1cce702) (ScriptedImporter) -> (artifact id: '4f3c04e53f0ca9aad78d8452e277ae68') in 0.2722821 seconds
Number of updated asset objects reloaded before import = 0Number of asset objects unloaded after import = 1

========================================================================
Received Import Request.
  Time since last request: 0.000056 seconds.
  path: Assets/SciFi Warehouse Kit/Prefabs/Props/Crates Barrels Pallets/Barrel.prefab
  artifactKey: Guid(1e3974e3db8c48c41b2604d2478e7e9e) Importer(2089858483,192608db42251d675da83286b1cce702)
Start importing Assets/SciFi Warehouse Kit/Prefabs/Props/Crates Barrels Pallets/Barrel.prefab using Guid(1e3974e3db8c48c41b2604d2478e7e9e) Importer(2089858483,192608db42251d675da83286b1cce702) (ScriptedImporter) -> (artifact id: '0686ea00d3179a83d5dd835f97123339') in 0.2608583 seconds
Number of updated asset objects reloaded before import = 0Number of asset objects unloaded after import = 9

========================================================================
Received Import Request.
  Time since last request: 0.000038 seconds.
  path: Assets/SciFi Warehouse Kit/Art/Textures/floor_tile_a.png
  artifactKey: Guid(fbe5e58554dd2a247bfd39321c4abfbb) Importer(2089858483,192608db42251d675da83286b1cce702)
Start importing Assets/SciFi Warehouse Kit/Art/Textures/floor_tile_a.png using Guid(fbe5e58554dd2a247bfd39321c4abfbb) Importer(2089858483,192608db42251d675da83286b1cce702) (ScriptedImporter) -> (artifact id: '22c39991a149505d80d8f108884213a6') in 0.4050353 seconds
Number of updated asset objects reloaded before import = 0Number of asset objects unloaded after import = 1

========================================================================
Received Import Request.
  Time since last request: 0.000051 seconds.
  path: Assets/SciFi Warehouse Kit/Prefabs/Structures/Corridors/Corridor Corner.prefab
  artifactKey: Guid(0caa079a07bb6bb4d8189cbe94d69429) Importer(2089858483,192608db42251d675da83286b1cce702)
Start importing Assets/SciFi Warehouse Kit/Prefabs/Structures/Corridors/Corridor Corner.prefab using Guid(0caa079a07bb6bb4d8189cbe94d69429) Importer(2089858483,192608db42251d675da83286b1cce702) (ScriptedImporter) -> (artifact id: '6c69f90b516c454e84291a9d43000190') in 0.0633183 seconds
Number of updated asset objects reloaded before import = 0Number of asset objects unloaded after import = 44

========================================================================
Received Import Request.
  Time since last request: 0.000043 seconds.
  path: Assets/SciFi Warehouse Kit/Art/Meshes/Props/Ducts
  artifactKey: Guid(9bba017b35e1d524cb5dbf10f23df829) Importer(2089858483,192608db42251d675da83286b1cce702)
Start importing Assets/SciFi Warehouse Kit/Art/Meshes/Props/Ducts using Guid(9bba017b35e1d524cb5dbf10f23df829) Importer(2089858483,192608db42251d675da83286b1cce702) (ScriptedImporter) -> (artifact id: '9ce0451a3c1d3708d49f45cb75b81c37') in 0.0491336 seconds
Number of updated asset objects reloaded before import = 0Number of asset objects unloaded after import = 1

========================================================================
Received Import Request.
  Time since last request: 0.000057 seconds.
  path: Assets/SciFi Warehouse Kit/Art/Meshes/Structures/Floor/Floor Tile 04.fbx
  artifactKey: Guid(16c8394e6de71fe418ee7d27508f01df) Importer(2089858483,192608db42251d675da83286b1cce702)
Start importing Assets/SciFi Warehouse Kit/Art/Meshes/Structures/Floor/Floor Tile 04.fbx using Guid(16c8394e6de71fe418ee7d27508f01df) Importer(2089858483,192608db42251d675da83286b1cce702) (ScriptedImporter) -> (artifact id: '17d7f97961b5f372ba5420da5b562307') in 0.262117 seconds
Number of updated asset objects reloaded before import = 0Number of asset objects unloaded after import = 8

========================================================================
Received Import Request.
  Time since last request: 0.000047 seconds.
  path: Assets/SciFi Warehouse Kit/Art/Meshes/Structures/Pillars and Beams
  artifactKey: Guid(18c73bb5b8031f34db95d6aa3da05a3a) Importer(2089858483,192608db42251d675da83286b1cce702)
Start importing Assets/SciFi Warehouse Kit/Art/Meshes/Structures/Pillars and Beams using Guid(18c73bb5b8031f34db95d6aa3da05a3a) Importer(2089858483,192608db42251d675da83286b1cce702) (ScriptedImporter) -> (artifact id: '43c0f6521b52efda5adb82910a265f71') in 0.091253 seconds
Number of updated asset objects reloaded before import = 0Number of asset objects unloaded after import = 1

========================================================================
Received Import Request.
  Time since last request: 0.000055 seconds.
  path: Assets/SciFi Warehouse Kit/Prefabs/Structures/Ceiling/Ceiling Skylight.prefab
  artifactKey: Guid(407e4e65456601c4ba66e0697b1c325c) Importer(2089858483,192608db42251d675da83286b1cce702)
Start importing Assets/SciFi Warehouse Kit/Prefabs/Structures/Ceiling/Ceiling Skylight.prefab using Guid(407e4e65456601c4ba66e0697b1c325c) Importer(2089858483,192608db42251d675da83286b1cce702) (ScriptedImporter) -> (artifact id: 'c0f9b5706aa4a5d52cb4fe7681687133') in 0.1677928 seconds
Number of updated asset objects reloaded before import = 0Number of asset objects unloaded after import = 15

========================================================================
Received Import Request.
  Time since last request: 0.000566 seconds.
  path: Assets/SciFi Warehouse Kit/Prefabs/Props/Misc Props/Hanging Light.prefab
  artifactKey: Guid(9f50fdb071f54674f8166b46f510ad84) Importer(2089858483,192608db42251d675da83286b1cce702)
Start importing Assets/SciFi Warehouse Kit/Prefabs/Props/Misc Props/Hanging Light.prefab using Guid(9f50fdb071f54674f8166b46f510ad84) Importer(2089858483,192608db42251d675da83286b1cce702) (ScriptedImporter) -> (artifact id: '323cbdede55ee312f99849972bf43e97') in 0.2391811 seconds
Number of updated asset objects reloaded before import = 0Number of asset objects unloaded after import = 14

========================================================================
Received Import Request.
  Time since last request: 0.000064 seconds.
  path: Assets/SciFi Warehouse Kit/Art/Materials/Catwalk Mat.mat
  artifactKey: Guid(e5a4594bfee8a254c9815e1b311f27d6) Importer(2089858483,192608db42251d675da83286b1cce702)
Start importing Assets/SciFi Warehouse Kit/Art/Materials/Catwalk Mat.mat using Guid(e5a4594bfee8a254c9815e1b311f27d6) Importer(2089858483,192608db42251d675da83286b1cce702) (ScriptedImporter) -> (artifact id: 'e4f485439a6f3137c22f73bceeda2f39') in 1.2338343 seconds
Number of updated asset objects reloaded before import = 0Number of asset objects unloaded after import = 3

========================================================================
Received Import Request.
  Time since last request: 0.008308 seconds.
  path: Assets/SciFi Warehouse Kit/Art/Meshes/Structures/Ceiling/Ceiling Skylight.fbx
  artifactKey: Guid(401656ee5d01d524e8c8caf3d47e2be9) Importer(2089858483,192608db42251d675da83286b1cce702)
Start importing Assets/SciFi Warehouse Kit/Art/Meshes/Structures/Ceiling/Ceiling Skylight.fbx using Guid(401656ee5d01d524e8c8caf3d47e2be9) Importer(2089858483,192608db42251d675da83286b1cce702) (ScriptedImporter) -> (artifact id: '93865d8fb02735deea5475e37bffb983') in 0.0719779 seconds
Number of updated asset objects reloaded before import = 0Number of asset objects unloaded after import = 14

========================================================================
Received Import Request.
  Time since last request: 0.000166 seconds.
  path: Assets/SciFi Warehouse Kit/Art/Materials/Shelf Trans Mat.mat
  artifactKey: Guid(b95048f5a5f84304d96d6f5e61414ed2) Importer(2089858483,192608db42251d675da83286b1cce702)
Start importing Assets/SciFi Warehouse Kit/Art/Materials/Shelf Trans Mat.mat using Guid(b95048f5a5f84304d96d6f5e61414ed2) Importer(2089858483,192608db42251d675da83286b1cce702) (ScriptedImporter) -> (artifact id: '72b038d5bc2cf28bc22c460f7f9cce24') in 0.1027186 seconds
Number of updated asset objects reloaded before import = 0Number of asset objects unloaded after import = 3

========================================================================
Received Import Request.
  Time since last request: 0.000040 seconds.
  path: Assets/SciFi Warehouse Kit/Prefabs/Structures/Walls/Wall Corner.prefab
  artifactKey: Guid(32467b8dc355cd04da356b17dbac4f29) Importer(2089858483,3d70f49cd1c2eb9ae422958d1c652c6b)
Start importing Assets/SciFi Warehouse Kit/Prefabs/Structures/Walls/Wall Corner.prefab using Guid(32467b8dc355cd04da356b17dbac4f29) Importer(2089858483,3d70f49cd1c2eb9ae422958d1c652c6b) (ScriptedImporter) -> (artifact id: 'd202cf000bce0914a239df5e2998a7b8') in 0.1540164 seconds
Number of updated asset objects reloaded before import = 0Number of asset objects unloaded after import = 10

========================================================================
Received Import Request.
  Time since last request: 0.000054 seconds.
  path: Assets/SciFi Warehouse Kit/Prefabs/Structures/Corridors/Corridor Incline Full.prefab
  artifactKey: Guid(cc5db88956188ec4e99ecccc1cc1a855) Importer(2089858483,192608db42251d675da83286b1cce702)
Start importing Assets/SciFi Warehouse Kit/Prefabs/Structures/Corridors/Corridor Incline Full.prefab using Guid(cc5db88956188ec4e99ecccc1cc1a855) Importer(2089858483,192608db42251d675da83286b1cce702) (ScriptedImporter) -> (artifact id: 'a19c36a0684f0aaf2fb0cbb54d67d9df') in 0.2356708 seconds
Number of updated asset objects reloaded before import = 0Number of asset objects unloaded after import = 43

========================================================================
Received Import Request.
  Time since last request: 0.000045 seconds.
  path: Assets/SciFi Warehouse Kit/Art/Textures/fan_n.png
  artifactKey: Guid(3e5b45c25b7eed74880f8f97805917af) Importer(2089858483,192608db42251d675da83286b1cce702)
Start importing Assets/SciFi Warehouse Kit/Art/Textures/fan_n.png using Guid(3e5b45c25b7eed74880f8f97805917af) Importer(2089858483,192608db42251d675da83286b1cce702) (ScriptedImporter) -> (artifact id: '50f8d91c948abf224d9fb86028fb9c9d') in 0.260115 seconds
Number of updated asset objects reloaded before import = 0Number of asset objects unloaded after import = 1

========================================================================
Received Import Request.
  Time since last request: 0.000058 seconds.
  path: Assets/SciFi Warehouse Kit/Art/Textures/structure_props_a.png
  artifactKey: Guid(d323d35d0f47e0444afc48f7d9866119) Importer(2089858483,192608db42251d675da83286b1cce702)
Start importing Assets/SciFi Warehouse Kit/Art/Textures/structure_props_a.png using Guid(d323d35d0f47e0444afc48f7d9866119) Importer(2089858483,192608db42251d675da83286b1cce702) (ScriptedImporter) -> (artifact id: 'f76d0fec998d527dfd7faeaa9e6bf8b1') in 0.2871402 seconds
Number of updated asset objects reloaded before import = 0Number of asset objects unloaded after import = 1

========================================================================
Received Import Request.
  Time since last request: 0.000041 seconds.
  path: Assets/SciFi Warehouse Kit/Prefabs/Props/Ducts/Duct Straight.prefab
  artifactKey: Guid(047cc399d5f561b48902e8632947324a) Importer(2089858483,192608db42251d675da83286b1cce702)
Start importing Assets/SciFi Warehouse Kit/Prefabs/Props/Ducts/Duct Straight.prefab using Guid(047cc399d5f561b48902e8632947324a) Importer(2089858483,192608db42251d675da83286b1cce702) (ScriptedImporter) -> (artifact id: '8d5f690482bf67ba8b45a073fd74b279') in 0.2404596 seconds
Number of updated asset objects reloaded before import = 0Number of asset objects unloaded after import = 9

========================================================================
Received Import Request.
  Time since last request: 0.000061 seconds.
  path: Assets/SciFi Warehouse Kit/Art/Meshes/Structures/Structure Props/Sprinkler 06.fbx
  artifactKey: Guid(937f63d0204f08846bb537e08d1b280c) Importer(2089858483,192608db42251d675da83286b1cce702)
Start importing Assets/SciFi Warehouse Kit/Art/Meshes/Structures/Structure Props/Sprinkler 06.fbx using Guid(937f63d0204f08846bb537e08d1b280c) Importer(2089858483,192608db42251d675da83286b1cce702) (ScriptedImporter) -> (artifact id: 'b51871fe20b370acd0d81c773e963abf') in 0.2050833 seconds
Number of updated asset objects reloaded before import = 0Number of asset objects unloaded after import = 8

========================================================================
Received Import Request.
  Time since last request: 0.000045 seconds.
  path: Assets/SciFi Warehouse Kit/Prefabs/Props/Misc Props/Security Cam.prefab
  artifactKey: Guid(e16cc1b8be9796744b8e44545a6aca19) Importer(2089858483,192608db42251d675da83286b1cce702)
Start importing Assets/SciFi Warehouse Kit/Prefabs/Props/Misc Props/Security Cam.prefab using Guid(e16cc1b8be9796744b8e44545a6aca19) Importer(2089858483,192608db42251d675da83286b1cce702) (ScriptedImporter) -> (artifact id: 'f0e1c04181c9aa6851adc7ee95c69f1e') in 1.4632061 seconds
Number of updated asset objects reloaded before import = 0Number of asset objects unloaded after import = 8

========================================================================
Received Import Request.
  Time since last request: 0.000061 seconds.
  path: Assets/SciFi Warehouse Kit/Prefabs/Structures/Catwalk/Catwalk Stairs.prefab
  artifactKey: Guid(65467f6b70ddf5e4890bd9f317b3a5b7) Importer(2089858483,3d70f49cd1c2eb9ae422958d1c652c6b)
Start importing Assets/SciFi Warehouse Kit/Prefabs/Structures/Catwalk/Catwalk Stairs.prefab using Guid(65467f6b70ddf5e4890bd9f317b3a5b7) Importer(2089858483,3d70f49cd1c2eb9ae422958d1c652c6b) (ScriptedImporter) -> (artifact id: 'd7a8c4d1b56fb7aaa216eed43c5cb9f3') in 0.0931493 seconds
Number of updated asset objects reloaded before import = 0Number of asset objects unloaded after import = 25

========================================================================
Received Import Request.
  Time since last request: 0.000031 seconds.
  path: Assets/SciFi Warehouse Kit/Art/Textures/walls_n.png
  artifactKey: Guid(1153af84499b94845918edffb27b71fa) Importer(2089858483,192608db42251d675da83286b1cce702)
Start importing Assets/SciFi Warehouse Kit/Art/Textures/walls_n.png using Guid(1153af84499b94845918edffb27b71fa) Importer(2089858483,192608db42251d675da83286b1cce702) (ScriptedImporter) -> (artifact id: 'd9ac42081fc0efd398e78ecc0e48bdde') in 0.1081461 seconds
Number of updated asset objects reloaded before import = 0Number of asset objects unloaded after import = 1

========================================================================
Received Import Request.
  Time since last request: 0.000055 seconds.
  path: Assets/SciFi Warehouse Kit/Art/Meshes/Structures/Structure Props/Fusebox 02.fbx
  artifactKey: Guid(163b2c8b61a3ecb4ea45334400e257cc) Importer(2089858483,192608db42251d675da83286b1cce702)
Start importing Assets/SciFi Warehouse Kit/Art/Meshes/Structures/Structure Props/Fusebox 02.fbx using Guid(163b2c8b61a3ecb4ea45334400e257cc) Importer(2089858483,192608db42251d675da83286b1cce702) (ScriptedImporter) -> (artifact id: '341c801b1875b37087916a2d2d3ac735') in 0.3861828 seconds
Number of updated asset objects reloaded before import = 0Number of asset objects unloaded after import = 8

========================================================================
Received Import Request.
  Time since last request: 0.001138 seconds.
  path: Assets/SciFi Warehouse Kit/Prefabs/Structures/Pillars and Beams/Ceiling Support.prefab
  artifactKey: Guid(56553c59a52bf504aaac866c7f4030cd) Importer(2089858483,192608db42251d675da83286b1cce702)
Start importing Assets/SciFi Warehouse Kit/Prefabs/Structures/Pillars and Beams/Ceiling Support.prefab using Guid(56553c59a52bf504aaac866c7f4030cd) Importer(2089858483,192608db42251d675da83286b1cce702) (ScriptedImporter) -> (artifact id: '097082c44916232d242f06bda02216b6') in 0.2807164 seconds
Number of updated asset objects reloaded before import = 0Number of asset objects unloaded after import = 9

========================================================================
Received Import Request.
  Time since last request: 0.000088 seconds.
  path: Assets/SciFi Warehouse Kit/Prefabs/Props/Crates Barrels Pallets/Pallet Variations/Pallet Variation 05.prefab
  artifactKey: Guid(d96e3ff0793bd824fb6771e987a80a35) Importer(2089858483,192608db42251d675da83286b1cce702)
Start importing Assets/SciFi Warehouse Kit/Prefabs/Props/Crates Barrels Pallets/Pallet Variations/Pallet Variation 05.prefab using Guid(d96e3ff0793bd824fb6771e987a80a35) Importer(2089858483,192608db42251d675da83286b1cce702) (ScriptedImporter) -> (artifact id: '42263f875c0135ddddaa7b18d7735512') in 0.1843781 seconds
Number of updated asset objects reloaded before import = 0Number of asset objects unloaded after import = 26

========================================================================
Received Import Request.
  Time since last request: 0.000047 seconds.
  path: Assets/SciFi Warehouse Kit/Art/Meshes/Props/Ducts/Duct Elbow 02.fbx
  artifactKey: Guid(8e46cfab629ec8249b48a57b735235dd) Importer(2089858483,192608db42251d675da83286b1cce702)
Start importing Assets/SciFi Warehouse Kit/Art/Meshes/Props/Ducts/Duct Elbow 02.fbx using Guid(8e46cfab629ec8249b48a57b735235dd) Importer(2089858483,192608db42251d675da83286b1cce702) (ScriptedImporter) -> (artifact id: 'b2e79c981eddcf99ef87774ed0633b2c') in 0.25106 seconds
Number of updated asset objects reloaded before import = 0Number of asset objects unloaded after import = 8

========================================================================
Received Import Request.
  Time since last request: 0.000063 seconds.
  path: Assets/SciFi Warehouse Kit/Art/Meshes/Structures/Walls/Wall Corridor Entrance.fbx
  artifactKey: Guid(909005b28345a69478157c4b0dccc3bd) Importer(2089858483,192608db42251d675da83286b1cce702)
Start importing Assets/SciFi Warehouse Kit/Art/Meshes/Structures/Walls/Wall Corridor Entrance.fbx using Guid(909005b28345a69478157c4b0dccc3bd) Importer(2089858483,192608db42251d675da83286b1cce702) (ScriptedImporter) -> (artifact id: 'cd3b4a9f226bbfcb171e64574effdb04') in 0.4743777 seconds
Number of updated asset objects reloaded before import = 0Number of asset objects unloaded after import = 8

========================================================================
Received Import Request.
  Time since last request: 0.000039 seconds.
  path: Assets/SciFi Warehouse Kit/Prefabs/Props/Crates Barrels Pallets/Pallet Variations
  artifactKey: Guid(c438b4834a962a848a5087a219c5d4a3) Importer(2089858483,192608db42251d675da83286b1cce702)
Start importing Assets/SciFi Warehouse Kit/Prefabs/Props/Crates Barrels Pallets/Pallet Variations using Guid(c438b4834a962a848a5087a219c5d4a3) Importer(2089858483,192608db42251d675da83286b1cce702) (ScriptedImporter) -> (artifact id: '214a2980a85f0db3bf2a6b989fa877fd') in 0.1131592 seconds
Number of updated asset objects reloaded before import = 0Number of asset objects unloaded after import = 1

========================================================================
Received Import Request.
  Time since last request: 0.000062 seconds.
  path: Assets/SciFi Warehouse Kit/Prefabs/Structures/Floor/Floor Tile 03.prefab
  artifactKey: Guid(4f019145598ea474b899ca25a03acd09) Importer(2089858483,192608db42251d675da83286b1cce702)
Start importing Assets/SciFi Warehouse Kit/Prefabs/Structures/Floor/Floor Tile 03.prefab using Guid(4f019145598ea474b899ca25a03acd09) Importer(2089858483,192608db42251d675da83286b1cce702) (ScriptedImporter) -> (artifact id: '67fe73f46445e06bd777f3fea03b16b7') in 0.3975286 seconds
Number of updated asset objects reloaded before import = 0Number of asset objects unloaded after import = 9

========================================================================
Received Import Request.
  Time since last request: 0.000051 seconds.
  path: Assets/SciFi Warehouse Kit/Prefabs/Structures/Structure Props
  artifactKey: Guid(51faf52db9ba4b5409dd724ce81c951a) Importer(2089858483,192608db42251d675da83286b1cce702)
Start importing Assets/SciFi Warehouse Kit/Prefabs/Structures/Structure Props using Guid(51faf52db9ba4b5409dd724ce81c951a) Importer(2089858483,192608db42251d675da83286b1cce702) (ScriptedImporter) -> (artifact id: 'c77a5f7487ccced95e36e1d3b7c1ccaf') in 0.0376088 seconds
Number of updated asset objects reloaded before import = 0Number of asset objects unloaded after import = 1

========================================================================
Received Import Request.
  Time since last request: 0.000059 seconds.
  path: Assets/SciFi Warehouse Kit/Art/Meshes/Structures/Walls/Wall Corner.fbx
  artifactKey: Guid(13d9c5811fd0fcf4986655f5dcf8d46f) Importer(2089858483,192608db42251d675da83286b1cce702)
Start importing Assets/SciFi Warehouse Kit/Art/Meshes/Structures/Walls/Wall Corner.fbx using Guid(13d9c5811fd0fcf4986655f5dcf8d46f) Importer(2089858483,192608db42251d675da83286b1cce702) (ScriptedImporter) -> (artifact id: '535ed1c3d19c81550358d53c47235f42') in 0.1001095 seconds
Number of updated asset objects reloaded before import = 0Number of asset objects unloaded after import = 8

========================================================================
Received Import Request.
  Time since last request: 0.000046 seconds.
  path: Assets/SciFi Warehouse Kit/Art/Meshes/Structures/Corridors/Corridor Wide Windows.fbx
  artifactKey: Guid(13921b5f98eda9c47b248ee239841bb1) Importer(2089858483,192608db42251d675da83286b1cce702)
Start importing Assets/SciFi Warehouse Kit/Art/Meshes/Structures/Corridors/Corridor Wide Windows.fbx using Guid(13921b5f98eda9c47b248ee239841bb1) Importer(2089858483,192608db42251d675da83286b1cce702) (ScriptedImporter) -> (artifact id: '3a99b8f0a8f7f2bc73f55e1804edbca1') in 0.2410686 seconds
Number of updated asset objects reloaded before import = 0Number of asset objects unloaded after import = 44

========================================================================
Received Import Request.
  Time since last request: 0.000261 seconds.
  path: Assets/SciFi Warehouse Kit/Art/Meshes/Structures/Ceiling/Ceiling Closed.fbx
  artifactKey: Guid(b28dd70a689b2b649832f43119d5b551) Importer(2089858483,192608db42251d675da83286b1cce702)
Start importing Assets/SciFi Warehouse Kit/Art/Meshes/Structures/Ceiling/Ceiling Closed.fbx using Guid(b28dd70a689b2b649832f43119d5b551) Importer(2089858483,192608db42251d675da83286b1cce702) (ScriptedImporter) -> (artifact id: 'f3ed9583242ff5f3b87347b6942014bb') in 0.2683186 seconds
Number of updated asset objects reloaded before import = 0Number of asset objects unloaded after import = 8

========================================================================
Received Import Request.
  Time since last request: 0.000757 seconds.
  path: Assets/SciFi Warehouse Kit/Demo/Scripts/MouseComponent.cs
  artifactKey: Guid(2bd920a6d4c8a664f87d50801bfee470) Importer(2089858483,192608db42251d675da83286b1cce702)
Start importing Assets/SciFi Warehouse Kit/Demo/Scripts/MouseComponent.cs using Guid(2bd920a6d4c8a664f87d50801bfee470) Importer(2089858483,192608db42251d675da83286b1cce702) (ScriptedImporter) -> (artifact id: '8a423069031c47f4ca9384db3b8bc7a7') in 0.1054723 seconds
Number of updated asset objects reloaded before import = 0Number of asset objects unloaded after import = 0

========================================================================
Received Import Request.
  Time since last request: 0.000047 seconds.
  path: Assets/SciFi Warehouse Kit/Art/Textures/pallet_n.png
  artifactKey: Guid(89274ab2b7de2fa438e1b94cc45e70ca) Importer(2089858483,192608db42251d675da83286b1cce702)
Start importing Assets/SciFi Warehouse Kit/Art/Textures/pallet_n.png using Guid(89274ab2b7de2fa438e1b94cc45e70ca) Importer(2089858483,192608db42251d675da83286b1cce702) (ScriptedImporter) -> (artifact id: 'd026a1476aedf379319666337d0495de') in 0.1552418 seconds
Number of updated asset objects reloaded before import = 0Number of asset objects unloaded after import = 1

========================================================================
Received Import Request.
  Time since last request: 0.000046 seconds.
  path: Assets/SciFi Warehouse Kit/Prefabs/Props/Misc Props/Cart.prefab
  artifactKey: Guid(126b2c575cf932341a8f0414ccd5b254) Importer(2089858483,192608db42251d675da83286b1cce702)
Start importing Assets/SciFi Warehouse Kit/Prefabs/Props/Misc Props/Cart.prefab using Guid(126b2c575cf932341a8f0414ccd5b254) Importer(2089858483,192608db42251d675da83286b1cce702) (ScriptedImporter) -> (artifact id: '9f73c60ce7c2cb61d9127620c63cb2d6') in 0.2693327 seconds
Number of updated asset objects reloaded before import = 0Number of asset objects unloaded after import = 11

========================================================================
Received Import Request.
  Time since last request: 0.000044 seconds.
  path: Assets/SciFi Warehouse Kit/Demo/Audio/SFX
  artifactKey: Guid(55a23cd45502337439bd4cc90ad31684) Importer(2089858483,192608db42251d675da83286b1cce702)
Start importing Assets/SciFi Warehouse Kit/Demo/Audio/SFX using Guid(55a23cd45502337439bd4cc90ad31684) Importer(2089858483,192608db42251d675da83286b1cce702) (ScriptedImporter) -> (artifact id: '9ad22dbcf237ba25f59552468b5349a3') in 0.0726272 seconds
Number of updated asset objects reloaded before import = 0Number of asset objects unloaded after import = 1

========================================================================
Received Import Request.
  Time since last request: 0.000044 seconds.
  path: Assets/SciFi Warehouse Kit/Prefabs/Props/Shelves/Shelf Variation 03.prefab
  artifactKey: Guid(78f2873840cccd046adee8782efa45fb) Importer(2089858483,192608db42251d675da83286b1cce702)
Start importing Assets/SciFi Warehouse Kit/Prefabs/Props/Shelves/Shelf Variation 03.prefab using Guid(78f2873840cccd046adee8782efa45fb) Importer(2089858483,192608db42251d675da83286b1cce702) (ScriptedImporter) -> (artifact id: 'e4674036f4cb72e85e4a34e2d3862664') in 0.2140728 seconds
Number of updated asset objects reloaded before import = 0Number of asset objects unloaded after import = 262

========================================================================
Received Import Request.
  Time since last request: 0.000061 seconds.
  path: Assets/SciFi Warehouse Kit/Prefabs/Structures/Corridors/Corridor 4-Way Lights.prefab
  artifactKey: Guid(dcbf59da08760fb4b9531995a6691a6f) Importer(2089858483,192608db42251d675da83286b1cce702)
Start importing Assets/SciFi Warehouse Kit/Prefabs/Structures/Corridors/Corridor 4-Way Lights.prefab using Guid(dcbf59da08760fb4b9531995a6691a6f) Importer(2089858483,192608db42251d675da83286b1cce702) (ScriptedImporter) -> (artifact id: 'd0a20bcd340949f608a56891fa0835ae') in 0.1624765 seconds
Number of updated asset objects reloaded before import = 0Number of asset objects unloaded after import = 37

========================================================================
Received Import Request.
  Time since last request: 0.000040 seconds.
  path: Assets/SciFi Warehouse Kit/Prefabs/Props/Crates Barrels Pallets/Pallet Variations/Pallet Variation 08.prefab
  artifactKey: Guid(6d25ffad04977674abb78a1e1ff00730) Importer(2089858483,192608db42251d675da83286b1cce702)
Start importing Assets/SciFi Warehouse Kit/Prefabs/Props/Crates Barrels Pallets/Pallet Variations/Pallet Variation 08.prefab using Guid(6d25ffad04977674abb78a1e1ff00730) Importer(2089858483,192608db42251d675da83286b1cce702) (ScriptedImporter) -> (artifact id: '4f1cefbd14c5614d7644696b14fe56e6') in 0.2907161 seconds
Number of updated asset objects reloaded before import = 0Number of asset objects unloaded after import = 24

========================================================================
Received Import Request.
  Time since last request: 0.000056 seconds.
  path: Assets/SciFi Warehouse Kit/Prefabs/Structures/Structure Props/Sprinkler 01.prefab
  artifactKey: Guid(e80d0380ecc96af42b77e3ca3a7faf8f) Importer(2089858483,3d70f49cd1c2eb9ae422958d1c652c6b)
Start importing Assets/SciFi Warehouse Kit/Prefabs/Structures/Structure Props/Sprinkler 01.prefab using Guid(e80d0380ecc96af42b77e3ca3a7faf8f) Importer(2089858483,3d70f49cd1c2eb9ae422958d1c652c6b) (ScriptedImporter) -> (artifact id: '0edb5462947974939f69e352ff4fb0f0') in 0.1220428 seconds
Number of updated asset objects reloaded before import = 0Number of asset objects unloaded after import = 8

========================================================================
Received Import Request.
  Time since last request: 0.000479 seconds.
  path: Assets/SciFi Warehouse Kit/Demo/Scene/SciFi_Warehouse.unity
  artifactKey: Guid(04ba57353b4f0284686265d3d150c23c) Importer(2089858483,192608db42251d675da83286b1cce702)
Start importing Assets/SciFi Warehouse Kit/Demo/Scene/SciFi_Warehouse.unity using Guid(04ba57353b4f0284686265d3d150c23c) Importer(2089858483,192608db42251d675da83286b1cce702) (ScriptedImporter) -> (artifact id: '21e7c36714ed29f136eea5a8558a39ac') in 0.2839265 seconds
Number of updated asset objects reloaded before import = 0Number of asset objects unloaded after import = 1

========================================================================
Received Import Request.
  Time since last request: 0.000049 seconds.
  path: Assets/SciFi Warehouse Kit/Prefabs/Structures/Catwalk/Catwalk Pillar 02.prefab
  artifactKey: Guid(a157851e6c66e1545ae48d5a470cdc64) Importer(2089858483,3d70f49cd1c2eb9ae422958d1c652c6b)
Start importing Assets/SciFi Warehouse Kit/Prefabs/Structures/Catwalk/Catwalk Pillar 02.prefab using Guid(a157851e6c66e1545ae48d5a470cdc64) Importer(2089858483,3d70f49cd1c2eb9ae422958d1c652c6b) (ScriptedImporter) -> (artifact id: '87d449263f639e4bfce1c6a96385d4c3') in 0.0404207 seconds
Number of updated asset objects reloaded before import = 0Number of asset objects unloaded after import = 9

========================================================================
Received Import Request.
  Time since last request: 0.000053 seconds.
  path: Assets/SciFi Warehouse Kit/Art/Materials/Light Mat.mat
  artifactKey: Guid(bc9fc69a1c4243343bff25dd7532a1b0) Importer(2089858483,192608db42251d675da83286b1cce702)
Start importing Assets/SciFi Warehouse Kit/Art/Materials/Light Mat.mat using Guid(bc9fc69a1c4243343bff25dd7532a1b0) Importer(2089858483,192608db42251d675da83286b1cce702) (ScriptedImporter) -> (artifact id: '81c73b77d40fd130df3ba8300cc2ad3d') in 0.1371227 seconds
Number of updated asset objects reloaded before import = 0Number of asset objects unloaded after import = 2

========================================================================
Received Import Request.
  Time since last request: 0.000070 seconds.
  path: Assets/SciFi Warehouse Kit/Prefabs/Props/Ducts/Duct Tee.prefab
  artifactKey: Guid(fd91a45b9242d2a49b339262053519ef) Importer(2089858483,192608db42251d675da83286b1cce702)
Start importing Assets/SciFi Warehouse Kit/Prefabs/Props/Ducts/Duct Tee.prefab using Guid(fd91a45b9242d2a49b339262053519ef) Importer(2089858483,192608db42251d675da83286b1cce702) (ScriptedImporter) -> (artifact id: '607ab71e33817480add23f0c1b679f5a') in 0.2569428 seconds
Number of updated asset objects reloaded before import = 0Number of asset objects unloaded after import = 9

========================================================================
Received Import Request.
  Time since last request: 0.000040 seconds.
  path: Assets/SciFi Warehouse Kit/Art/Textures/pallet_r.png
  artifactKey: Guid(96c758caa62686f4f9f86cc53d87b465) Importer(2089858483,192608db42251d675da83286b1cce702)
Start importing Assets/SciFi Warehouse Kit/Art/Textures/pallet_r.png using Guid(96c758caa62686f4f9f86cc53d87b465) Importer(2089858483,192608db42251d675da83286b1cce702) (ScriptedImporter) -> (artifact id: 'ae0453da6b577eb99789dbefee1a15f5') in 0.2226994 seconds
Number of updated asset objects reloaded before import = 0Number of asset objects unloaded after import = 1

========================================================================
Received Import Request.
  Time since last request: 0.000055 seconds.
  path: Assets/SciFi Warehouse Kit/Art/Materials/Garbage Bin Mat.mat
  artifactKey: Guid(2bada83e0fc35ed4ebab359f1ef10417) Importer(2089858483,192608db42251d675da83286b1cce702)
Start importing Assets/SciFi Warehouse Kit/Art/Materials/Garbage Bin Mat.mat using Guid(2bada83e0fc35ed4ebab359f1ef10417) Importer(2089858483,192608db42251d675da83286b1cce702) (ScriptedImporter) -> (artifact id: 'cfefe59ac5d759671ecb313060bd2b2f') in 0.2793181 seconds
Number of updated asset objects reloaded before import = 0Number of asset objects unloaded after import = 3

========================================================================
Received Import Request.
  Time since last request: 0.000043 seconds.
  path: Assets/SciFi Warehouse Kit/Prefabs/Props/Shelves/Shelf Variation 01.prefab
  artifactKey: Guid(324f2a5232c3ab4488fe817c9ea94b63) Importer(2089858483,3d70f49cd1c2eb9ae422958d1c652c6b)
Start importing Assets/SciFi Warehouse Kit/Prefabs/Props/Shelves/Shelf Variation 01.prefab using Guid(324f2a5232c3ab4488fe817c9ea94b63) Importer(2089858483,3d70f49cd1c2eb9ae422958d1c652c6b) (ScriptedImporter) -> (artifact id: '089f1180e6fa57a472c080161f807d61') in 0.4514172 seconds
Number of updated asset objects reloaded before import = 0Number of asset objects unloaded after import = 252

========================================================================
Received Import Request.
  Time since last request: 0.000065 seconds.
  path: Assets/SciFi Warehouse Kit/Prefabs/Props/Crates Barrels Pallets/Pallet.prefab
  artifactKey: Guid(528f6c40ba01da34f96f492e501fd927) Importer(2089858483,192608db42251d675da83286b1cce702)
Start importing Assets/SciFi Warehouse Kit/Prefabs/Props/Crates Barrels Pallets/Pallet.prefab using Guid(528f6c40ba01da34f96f492e501fd927) Importer(2089858483,192608db42251d675da83286b1cce702) (ScriptedImporter) -> (artifact id: '6dd70f6b30089906bee7c13e78cbe2d6') in 0.1231932 seconds
Number of updated asset objects reloaded before import = 0Number of asset objects unloaded after import = 9

========================================================================
Received Import Request.
  Time since last request: 0.000038 seconds.
  path: Assets/Settings/Low_PipelineAsset_ForwardRenderer.asset
  artifactKey: Guid(3572514f30ed69f4f988bb477634a70e) Importer(2089858483,3d70f49cd1c2eb9ae422958d1c652c6b)
Start importing Assets/Settings/Low_PipelineAsset_ForwardRenderer.asset using Guid(3572514f30ed69f4f988bb477634a70e) Importer(2089858483,3d70f49cd1c2eb9ae422958d1c652c6b) (ScriptedImporter) -> (artifact id: '7ed61fdb874ee6d4c40d7221e11b4bf7') in 0.0835098 seconds
Number of updated asset objects reloaded before import = 0Number of asset objects unloaded after import = 0

========================================================================
Received Import Request.
  Time since last request: 0.000061 seconds.
  path: Assets/SciFi Warehouse Kit/Art/Textures/ceiling_tiles_a.png
  artifactKey: Guid(7a37f125ecd5f244bb8c85075016606a) Importer(2089858483,192608db42251d675da83286b1cce702)
Start importing Assets/SciFi Warehouse Kit/Art/Textures/ceiling_tiles_a.png using Guid(7a37f125ecd5f244bb8c85075016606a) Importer(2089858483,192608db42251d675da83286b1cce702) (ScriptedImporter) -> (artifact id: 'f3c62861cc6a1ecabdbfa590e6fe6aea') in 0.1351611 seconds
Number of updated asset objects reloaded before import = 0Number of asset objects unloaded after import = 1

========================================================================
Received Import Request.
  Time since last request: 0.000041 seconds.
  path: Assets/SciFi Warehouse Kit/Prefabs/Structures/Structure Props/Exit Sign.prefab
  artifactKey: Guid(4da7cd4243bfe9f44b3bc9ac63b3cd1d) Importer(2089858483,192608db42251d675da83286b1cce702)
Start importing Assets/SciFi Warehouse Kit/Prefabs/Structures/Structure Props/Exit Sign.prefab using Guid(4da7cd4243bfe9f44b3bc9ac63b3cd1d) Importer(2089858483,192608db42251d675da83286b1cce702) (ScriptedImporter) -> (artifact id: '1fa89a329ac9711f5a3f53aad84eee02') in 0.0669384 seconds
Number of updated asset objects reloaded before import = 0Number of asset objects unloaded after import = 14

========================================================================
Received Import Request.
  Time since last request: 0.000050 seconds.
  path: Assets/SciFi Warehouse Kit/Art/Meshes/Structures/Catwalk/Short Stairs Wide.fbx
  artifactKey: Guid(2a67f3a3d4c67e54dbc646451a36a15f) Importer(2089858483,192608db42251d675da83286b1cce702)
Start importing Assets/SciFi Warehouse Kit/Art/Meshes/Structures/Catwalk/Short Stairs Wide.fbx using Guid(2a67f3a3d4c67e54dbc646451a36a15f) Importer(2089858483,192608db42251d675da83286b1cce702) (ScriptedImporter) -> (artifact id: '96841ea805b4d2207bcdf4ed6e37ea31') in 0.2478068 seconds
Number of updated asset objects reloaded before import = 0Number of asset objects unloaded after import = 14

========================================================================
Received Import Request.
  Time since last request: 0.000036 seconds.
  path: Assets/SciFi Warehouse Kit/Prefabs/Structures/Corridors/Corridor Tee Lights.prefab
  artifactKey: Guid(ad6aae32dd3eb844fa75e2a156bbe34f) Importer(2089858483,3d70f49cd1c2eb9ae422958d1c652c6b)
Start importing Assets/SciFi Warehouse Kit/Prefabs/Structures/Corridors/Corridor Tee Lights.prefab using Guid(ad6aae32dd3eb844fa75e2a156bbe34f) Importer(2089858483,3d70f49cd1c2eb9ae422958d1c652c6b) (ScriptedImporter) -> (artifact id: '45e0ecf39fdaf660a1d04fe97f2f3872') in 0.105725 seconds
Number of updated asset objects reloaded before import = 0Number of asset objects unloaded after import = 42

========================================================================
Received Import Request.
  Time since last request: 0.000051 seconds.
  path: Assets/SciFi Warehouse Kit/Prefabs/Props/Crates Barrels Pallets/Pallet Variations/Pallet Variation 02.prefab
  artifactKey: Guid(1a91b66dee996324fa51df60c547b29d) Importer(2089858483,192608db42251d675da83286b1cce702)
Start importing Assets/SciFi Warehouse Kit/Prefabs/Props/Crates Barrels Pallets/Pallet Variations/Pallet Variation 02.prefab using Guid(1a91b66dee996324fa51df60c547b29d) Importer(2089858483,192608db42251d675da83286b1cce702) (ScriptedImporter) -> (artifact id: '0bbaf57055eeddb0e0b1d34caf0f15ed') in 0.1246194 seconds
Number of updated asset objects reloaded before import = 0Number of asset objects unloaded after import = 27

========================================================================
Received Import Request.
  Time since last request: 0.000034 seconds.
  path: Assets/SciFi Warehouse Kit/Prefabs/Structures/Structure Props/Fusebox 02.prefab
  artifactKey: Guid(a1c3fdb86a0adcd46ab019295d74504c) Importer(2089858483,3d70f49cd1c2eb9ae422958d1c652c6b)
Start importing Assets/SciFi Warehouse Kit/Prefabs/Structures/Structure Props/Fusebox 02.prefab using Guid(a1c3fdb86a0adcd46ab019295d74504c) Importer(2089858483,3d70f49cd1c2eb9ae422958d1c652c6b) (ScriptedImporter) -> (artifact id: 'e2c0e6ef61acc08ac909619175e06d4b') in 0.0569255 seconds
Number of updated asset objects reloaded before import = 0Number of asset objects unloaded after import = 9

========================================================================
Received Import Request.
  Time since last request: 0.000057 seconds.
  path: Assets/SciFi Warehouse Kit/Art/Meshes/Props/Shelves/Shelves.fbx
  artifactKey: Guid(5d640b36265eadc4a87d38682a77f08e) Importer(2089858483,192608db42251d675da83286b1cce702)
Start importing Assets/SciFi Warehouse Kit/Art/Meshes/Props/Shelves/Shelves.fbx using Guid(5d640b36265eadc4a87d38682a77f08e) Importer(2089858483,192608db42251d675da83286b1cce702) (ScriptedImporter) -> (artifact id: '635f2be7f61ba2014d7b036d8a823002') in 0.0821855 seconds
Number of updated asset objects reloaded before import = 0Number of asset objects unloaded after import = 14

========================================================================
Received Import Request.
  Time since last request: 0.000037 seconds.
  path: Assets/SciFi Warehouse Kit/Prefabs/Structures/Corridors/Corridor 4-Way.prefab
  artifactKey: Guid(74c0dfff25c1f104382fcabf0479898d) Importer(2089858483,192608db42251d675da83286b1cce702)
Start importing Assets/SciFi Warehouse Kit/Prefabs/Structures/Corridors/Corridor 4-Way.prefab using Guid(74c0dfff25c1f104382fcabf0479898d) Importer(2089858483,192608db42251d675da83286b1cce702) (ScriptedImporter) -> (artifact id: 'cfbffaa89c00bb298e572571a4034e50') in 0.0624051 seconds
Number of updated asset objects reloaded before import = 0Number of asset objects unloaded after import = 40

========================================================================
Received Import Request.
  Time since last request: 0.000059 seconds.
  path: Assets/Settings/Very Low_PipelineAsset.asset
  artifactKey: Guid(d036fe07023cb8f44b4f9b10a7f05397) Importer(2089858483,3d70f49cd1c2eb9ae422958d1c652c6b)
Start importing Assets/Settings/Very Low_PipelineAsset.asset using Guid(d036fe07023cb8f44b4f9b10a7f05397) Importer(2089858483,3d70f49cd1c2eb9ae422958d1c652c6b) (ScriptedImporter) -> (artifact id: 'ea30f3316c9efc52995a0d349a9ccb5a') in 0.0380406 seconds
Number of updated asset objects reloaded before import = 0Number of asset objects unloaded after import = 1

========================================================================
Received Import Request.
  Time since last request: 0.000022 seconds.
  path: Assets/SciFi Warehouse Kit/Art/Meshes/Structures/Catwalk/Catwalk Rails Long.fbx
  artifactKey: Guid(6f62cab6fc128494e9c13160216d988b) Importer(2089858483,192608db42251d675da83286b1cce702)
Start importing Assets/SciFi Warehouse Kit/Art/Meshes/Structures/Catwalk/Catwalk Rails Long.fbx using Guid(6f62cab6fc128494e9c13160216d988b) Importer(2089858483,192608db42251d675da83286b1cce702) (ScriptedImporter) -> (artifact id: 'cff1b90b84465031ab35666e70800947') in 0.0438456 seconds
Number of updated asset objects reloaded before import = 0Number of asset objects unloaded after import = 8

========================================================================
Received Import Request.
  Time since last request: 0.000022 seconds.
  path: Assets/SciFi Warehouse Kit/Art/Meshes/Structures/Corridors/Corridor Wide Corner Windows.fbx
  artifactKey: Guid(86e0494e75e2b6243960cc0cbf7c207f) Importer(2089858483,192608db42251d675da83286b1cce702)
Start importing Assets/SciFi Warehouse Kit/Art/Meshes/Structures/Corridors/Corridor Wide Corner Windows.fbx using Guid(86e0494e75e2b6243960cc0cbf7c207f) Importer(2089858483,192608db42251d675da83286b1cce702) (ScriptedImporter) -> (artifact id: '353882b61c5dd085305fd9c604a91383') in 0.0475201 seconds
Number of updated asset objects reloaded before import = 0Number of asset objects unloaded after import = 44

========================================================================
Received Import Request.
  Time since last request: 0.000036 seconds.
  path: Assets/SciFi Warehouse Kit/Art/Meshes/Structures/Pillars and Beams/Wall Support.fbx
  artifactKey: Guid(2e3c4654a7de08a478c4d20a7723146b) Importer(2089858483,192608db42251d675da83286b1cce702)
Start importing Assets/SciFi Warehouse Kit/Art/Meshes/Structures/Pillars and Beams/Wall Support.fbx using Guid(2e3c4654a7de08a478c4d20a7723146b) Importer(2089858483,192608db42251d675da83286b1cce702) (ScriptedImporter) -> (artifact id: '73cce7509dfff29aca08ecbbd05de964') in 0.033496 seconds
Number of updated asset objects reloaded before import = 0Number of asset objects unloaded after import = 8

========================================================================
Received Import Request.
  Time since last request: 0.000015 seconds.
  path: Assets/SciFi Warehouse Kit/Prefabs/Structures/Walls/Wall Door 02.prefab
  artifactKey: Guid(01f7094c0e795ad47b0ef77f3cf2ae66) Importer(2089858483,3d70f49cd1c2eb9ae422958d1c652c6b)
Start importing Assets/SciFi Warehouse Kit/Prefabs/Structures/Walls/Wall Door 02.prefab using Guid(01f7094c0e795ad47b0ef77f3cf2ae66) Importer(2089858483,3d70f49cd1c2eb9ae422958d1c652c6b) (ScriptedImporter) -> (artifact id: 'da8849fc936e8b23c7e0ffd272e4df97') in 0.0450596 seconds
Number of updated asset objects reloaded before import = 0Number of asset objects unloaded after import = 16

========================================================================
Received Import Request.
  Time since last request: 0.000021 seconds.
  path: Assets/SciFi Warehouse Kit/Prefabs/Structures/Corridors/Corridor Corner Lights.prefab
  artifactKey: Guid(0d9d85399f9310e458b966faa3d36bdb) Importer(2089858483,192608db42251d675da83286b1cce702)
Start importing Assets/SciFi Warehouse Kit/Prefabs/Structures/Corridors/Corridor Corner Lights.prefab using Guid(0d9d85399f9310e458b966faa3d36bdb) Importer(2089858483,192608db42251d675da83286b1cce702) (ScriptedImporter) -> (artifact id: 'f44df2e51d160deb619726046f50f56b') in 0.0290181 seconds
Number of updated asset objects reloaded before import = 0Number of asset objects unloaded after import = 34

========================================================================
Received Import Request.
  Time since last request: 0.000028 seconds.
  path: Assets/SciFi Warehouse Kit/Art/Materials/Security Cam Mat.mat
  artifactKey: Guid(73af2581c8439614db43aad4500fa480) Importer(2089858483,192608db42251d675da83286b1cce702)
Start importing Assets/SciFi Warehouse Kit/Art/Materials/Security Cam Mat.mat using Guid(73af2581c8439614db43aad4500fa480) Importer(2089858483,192608db42251d675da83286b1cce702) (ScriptedImporter) -> (artifact id: '4d0ba5a28a257c9c9a4b50babc893361') in 0.0378842 seconds
Number of updated asset objects reloaded before import = 0Number of asset objects unloaded after import = 3

========================================================================
Received Import Request.
  Time since last request: 0.000029 seconds.
  path: Assets/SciFi Warehouse Kit/Prefabs/Structures/Corridors/Corridor Wide Windows.prefab
  artifactKey: Guid(ac2dfbe7f68dc634f86cd6efc408d4a4) Importer(2089858483,3d70f49cd1c2eb9ae422958d1c652c6b)
Start importing Assets/SciFi Warehouse Kit/Prefabs/Structures/Corridors/Corridor Wide Windows.prefab using Guid(ac2dfbe7f68dc634f86cd6efc408d4a4) Importer(2089858483,3d70f49cd1c2eb9ae422958d1c652c6b) (ScriptedImporter) -> (artifact id: '08b3f665097f1b75f1dd4ae05f5f7b49') in 0.0307217 seconds
Number of updated asset objects reloaded before import = 0Number of asset objects unloaded after import = 53

========================================================================
Received Import Request.
  Time since last request: 0.000023 seconds.
  path: Assets/SciFi Warehouse Kit/Prefabs/Structures/Floor/Floor Tile 04.prefab
  artifactKey: Guid(f9e1a0158e9f7a545a16fa7c2aa7be4e) Importer(2089858483,3d70f49cd1c2eb9ae422958d1c652c6b)
Start importing Assets/SciFi Warehouse Kit/Prefabs/Structures/Floor/Floor Tile 04.prefab using Guid(f9e1a0158e9f7a545a16fa7c2aa7be4e) Importer(2089858483,3d70f49cd1c2eb9ae422958d1c652c6b) (ScriptedImporter) -> (artifact id: 'd1950ad0445aee86df8954694877ee25') in 0.034096 seconds
Number of updated asset objects reloaded before import = 0Number of asset objects unloaded after import = 9

========================================================================
Received Import Request.
  Time since last request: 0.000019 seconds.
  path: Assets/SciFi Warehouse Kit/Demo/Audio/SFX/enginestart.wav
  artifactKey: Guid(ec5ec348a6635df45b23a70c45d3ae7a) Importer(2089858483,192608db42251d675da83286b1cce702)
Start importing Assets/SciFi Warehouse Kit/Demo/Audio/SFX/enginestart.wav using Guid(ec5ec348a6635df45b23a70c45d3ae7a) Importer(2089858483,192608db42251d675da83286b1cce702) (ScriptedImporter) -> (artifact id: 'a507314634255eab68a98cdcd992a7ec') in 0.0734821 seconds
Number of updated asset objects reloaded before import = 0Number of asset objects unloaded after import = 1

========================================================================
Received Import Request.
  Time since last request: 0.000023 seconds.
  path: Assets/SciFi Warehouse Kit/Art/Textures/Skybox/Right.png
  artifactKey: Guid(c14d76bd0519285429da8d1ca6420ffb) Importer(2089858483,192608db42251d675da83286b1cce702)
Start importing Assets/SciFi Warehouse Kit/Art/Textures/Skybox/Right.png using Guid(c14d76bd0519285429da8d1ca6420ffb) Importer(2089858483,192608db42251d675da83286b1cce702) (ScriptedImporter) -> (artifact id: '93ffe07679d26b774898c0f10f74b6ce') in 0.0423014 seconds
Number of updated asset objects reloaded before import = 0Number of asset objects unloaded after import = 1

========================================================================
Received Import Request.
  Time since last request: 0.000034 seconds.
  path: Assets/SciFi Warehouse Kit/Prefabs/Structures/Floor/Floor Tile 02.prefab
  artifactKey: Guid(aae952dc76387e84287a598d901b120d) Importer(2089858483,3d70f49cd1c2eb9ae422958d1c652c6b)
Start importing Assets/SciFi Warehouse Kit/Prefabs/Structures/Floor/Floor Tile 02.prefab using Guid(aae952dc76387e84287a598d901b120d) Importer(2089858483,3d70f49cd1c2eb9ae422958d1c652c6b) (ScriptedImporter) -> (artifact id: '471b0b1ca0e9f6c1bbfdea74e393fa6e') in 0.0310263 seconds
Number of updated asset objects reloaded before import = 0Number of asset objects unloaded after import = 9

========================================================================
Received Import Request.
  Time since last request: 0.000023 seconds.
  path: Assets/SciFi Warehouse Kit/Art/Meshes/Structures/Corridors/Corridor 4-Way Lights.fbx
  artifactKey: Guid(2efb7a29ab58a38448bcedb48030cd47) Importer(2089858483,192608db42251d675da83286b1cce702)
Start importing Assets/SciFi Warehouse Kit/Art/Meshes/Structures/Corridors/Corridor 4-Way Lights.fbx using Guid(2efb7a29ab58a38448bcedb48030cd47) Importer(2089858483,192608db42251d675da83286b1cce702) (ScriptedImporter) -> (artifact id: '32b9a7d63c27d87b44cc608bb4f6aca6') in 0.0444779 seconds
Number of updated asset objects reloaded before import = 0Number of asset objects unloaded after import = 34

========================================================================
Received Import Request.
  Time since last request: 0.000017 seconds.
  path: Assets/SciFi Warehouse Kit/Art/Textures/floor_tile_s.png
  artifactKey: Guid(35209c13c162e9c49a8a048757118f1f) Importer(2089858483,192608db42251d675da83286b1cce702)
Start importing Assets/SciFi Warehouse Kit/Art/Textures/floor_tile_s.png using Guid(35209c13c162e9c49a8a048757118f1f) Importer(2089858483,192608db42251d675da83286b1cce702) (ScriptedImporter) -> (artifact id: '91a0b779e7fa78e9475b059871f072b7') in 0.041297 seconds
Number of updated asset objects reloaded before import = 0Number of asset objects unloaded after import = 1

========================================================================
Received Import Request.
  Time since last request: 0.000022 seconds.
  path: Assets/SciFi Warehouse Kit/Prefabs/Props/Misc Props/Garbage Bin.prefab
  artifactKey: Guid(703b0b9baff312645a73bd13e1f10a5e) Importer(2089858483,192608db42251d675da83286b1cce702)
Start importing Assets/SciFi Warehouse Kit/Prefabs/Props/Misc Props/Garbage Bin.prefab using Guid(703b0b9baff312645a73bd13e1f10a5e) Importer(2089858483,192608db42251d675da83286b1cce702) (ScriptedImporter) -> (artifact id: '10c51408ae3b197f6db703fa68eb5890') in 0.037036 seconds
Number of updated asset objects reloaded before import = 0Number of asset objects unloaded after import = 9

========================================================================
Received Import Request.
  Time since last request: 0.000033 seconds.
  path: Assets/SciFi Warehouse Kit/Prefabs/Structures/Corridors/Corridor Deadend Window.prefab
  artifactKey: Guid(4f1819ea97fb2c147a2281df45df2ea7) Importer(2089858483,3d70f49cd1c2eb9ae422958d1c652c6b)
Start importing Assets/SciFi Warehouse Kit/Prefabs/Structures/Corridors/Corridor Deadend Window.prefab using Guid(4f1819ea97fb2c147a2281df45df2ea7) Importer(2089858483,3d70f49cd1c2eb9ae422958d1c652c6b) (ScriptedImporter) -> (artifact id: '3831dc756d0464e2f0ebd1390747e895') in 0.0282147 seconds
Number of updated asset objects reloaded before import = 0Number of asset objects unloaded after import = 23

========================================================================
Received Import Request.
  Time since last request: 0.000023 seconds.
  path: Assets/SciFi Warehouse Kit/Prefabs/Props/Crates Barrels Pallets/Pallet Variations/Pallet Variation 06.prefab
  artifactKey: Guid(1b2e0c15a34b5e24ea266246ee7534f8) Importer(2089858483,3d70f49cd1c2eb9ae422958d1c652c6b)
Start importing Assets/SciFi Warehouse Kit/Prefabs/Props/Crates Barrels Pallets/Pallet Variations/Pallet Variation 06.prefab using Guid(1b2e0c15a34b5e24ea266246ee7534f8) Importer(2089858483,3d70f49cd1c2eb9ae422958d1c652c6b) (ScriptedImporter) -> (artifact id: '0accaeacc24e6dece61d9c1cfcb33b64') in 0.0317907 seconds
Number of updated asset objects reloaded before import = 0Number of asset objects unloaded after import = 40

========================================================================
Received Import Request.
  Time since last request: 0.000021 seconds.
  path: Assets/SciFi Warehouse Kit/Art/Meshes/Structures/Corridors
  artifactKey: Guid(cfd013654cee1204c933ecf90841649f) Importer(2089858483,192608db42251d675da83286b1cce702)
Start importing Assets/SciFi Warehouse Kit/Art/Meshes/Structures/Corridors using Guid(cfd013654cee1204c933ecf90841649f) Importer(2089858483,192608db42251d675da83286b1cce702) (ScriptedImporter) -> (artifact id: '638b7685e5b3bf804bbae45a47f03b79') in 0.0246867 seconds
Number of updated asset objects reloaded before import = 0Number of asset objects unloaded after import = 1

========================================================================
Received Import Request.
  Time since last request: 0.000018 seconds.
  path: Assets/SciFi Warehouse Kit/Art/Meshes/Structures/Corridors/Corridor Passthrough Windows.fbx
  artifactKey: Guid(f2d541cec9cde3e4aab35063c6ee1a61) Importer(2089858483,192608db42251d675da83286b1cce702)
Start importing Assets/SciFi Warehouse Kit/Art/Meshes/Structures/Corridors/Corridor Passthrough Windows.fbx using Guid(f2d541cec9cde3e4aab35063c6ee1a61) Importer(2089858483,192608db42251d675da83286b1cce702) (ScriptedImporter) -> (artifact id: '63b5933f72074748abccc651b7999372') in 0.0435155 seconds
Number of updated asset objects reloaded before import = 0Number of asset objects unloaded after import = 39

========================================================================
Received Import Request.
  Time since last request: 290.332000 seconds.
  path: Assets/SciFi Warehouse Kit/Prefabs/Structures/Structure Props/Sprinkler 01.prefab
  artifactKey: Guid(e80d0380ecc96af42b77e3ca3a7faf8f) Importer(2089858483,192608db42251d675da83286b1cce702)
Start importing Assets/SciFi Warehouse Kit/Prefabs/Structures/Structure Props/Sprinkler 01.prefab using Guid(e80d0380ecc96af42b77e3ca3a7faf8f) Importer(2089858483,192608db42251d675da83286b1cce702) (ScriptedImporter) -> (artifact id: 'ce08ee6570e53909e0eff38bf74e1a46') in 0.0396317 seconds
Number of updated asset objects reloaded before import = 0Number of asset objects unloaded after import = 8

========================================================================
Received Import Request.
  Time since last request: 0.000033 seconds.
  path: Assets/SciFi Warehouse Kit/Art/Materials/Floor Tile Mat.mat
  artifactKey: Guid(aa382976d563168409ce37158855f22a) Importer(2089858483,192608db42251d675da83286b1cce702)
Start importing Assets/SciFi Warehouse Kit/Art/Materials/Floor Tile Mat.mat using Guid(aa382976d563168409ce37158855f22a) Importer(2089858483,192608db42251d675da83286b1cce702) (ScriptedImporter) -> (artifact id: '0c5e7fb214d1a70b36d6c3ed8b0cf15e') in 0.1154241 seconds
Number of updated asset objects reloaded before import = 0Number of asset objects unloaded after import = 3

========================================================================
Received Import Request.
  Time since last request: 0.000058 seconds.
  path: Assets/SciFi Warehouse Kit/Prefabs/Structures/Catwalk/Catwalk Long.prefab
  artifactKey: Guid(b76f846b3379607468a593969b575654) Importer(815301076,1909f56bfc062723c751e8b465ee728b)
Start importing Assets/SciFi Warehouse Kit/Prefabs/Structures/Catwalk/Catwalk Long.prefab using Guid(b76f846b3379607468a593969b575654) Importer(815301076,1909f56bfc062723c751e8b465ee728b) (PreviewImporter) -> (artifact id: '2caa0d901840d785e04eaed18366516c') in 23.129616 seconds
Number of updated asset objects reloaded before import = 0Number of asset objects unloaded after import = 11

========================================================================
Received Import Request.
  Time since last request: 0.000123 seconds.
  path: Assets/SciFi Warehouse Kit/Art/Materials/Extinguisher Mat.mat
  artifactKey: Guid(5f412f828842049469cab1389415984b) Importer(2089858483,192608db42251d675da83286b1cce702)
Start importing Assets/SciFi Warehouse Kit/Art/Materials/Extinguisher Mat.mat using Guid(5f412f828842049469cab1389415984b) Importer(2089858483,192608db42251d675da83286b1cce702) (ScriptedImporter) -> (artifact id: 'bc2dc8fca1ad25fce8b8986b37985659') in 0.0516766 seconds
Number of updated asset objects reloaded before import = 0Number of asset objects unloaded after import = 3

========================================================================
Received Import Request.
  Time since last request: 0.000045 seconds.
  path: Assets/SciFi Warehouse Kit/Art/Materials/Fan Mat.mat
  artifactKey: Guid(f2506252823082947ac9c5bd934e0ba4) Importer(2089858483,192608db42251d675da83286b1cce702)
Start importing Assets/SciFi Warehouse Kit/Art/Materials/Fan Mat.mat using Guid(f2506252823082947ac9c5bd934e0ba4) Importer(2089858483,192608db42251d675da83286b1cce702) (ScriptedImporter) -> (artifact id: 'c3f5048b66f20aeb4920aea5788fe8e7') in 0.0560601 seconds
Number of updated asset objects reloaded before import = 0Number of asset objects unloaded after import = 3

========================================================================
Received Import Request.
  Time since last request: 0.000033 seconds.
  path: Assets/SciFi Warehouse Kit/Art/Materials/Bay Door Mat.mat
  artifactKey: Guid(539deafe5793ec347a4a6f6754e3393c) Importer(2089858483,192608db42251d675da83286b1cce702)
Start importing Assets/SciFi Warehouse Kit/Art/Materials/Bay Door Mat.mat using Guid(539deafe5793ec347a4a6f6754e3393c) Importer(2089858483,192608db42251d675da83286b1cce702) (ScriptedImporter) -> (artifact id: 'a7a3326f61db07cb2820d5a192162dee') in 0.0513775 seconds
Number of updated asset objects reloaded before import = 0Number of asset objects unloaded after import = 3

========================================================================
Received Import Request.
  Time since last request: 0.000039 seconds.
  path: Assets/SciFi Warehouse Kit/Art/Materials/Pallet Mat.mat
  artifactKey: Guid(e2f46f807b3b19a4491e113702211cde) Importer(2089858483,192608db42251d675da83286b1cce702)
Start importing Assets/SciFi Warehouse Kit/Art/Materials/Pallet Mat.mat using Guid(e2f46f807b3b19a4491e113702211cde) Importer(2089858483,192608db42251d675da83286b1cce702) (ScriptedImporter) -> (artifact id: 'f008944b80e63330f49f1cf12e6e283d') in 0.0406338 seconds
Number of updated asset objects reloaded before import = 0Number of asset objects unloaded after import = 3

========================================================================
Received Import Request.
  Time since last request: 0.000037 seconds.
  path: Assets/SciFi Warehouse Kit/Prefabs/Structures/Catwalk/Catwalk Pillar 03.prefab
  artifactKey: Guid(0e4bdd2115ade4d4488a51806240803c) Importer(815301076,1909f56bfc062723c751e8b465ee728b)
Start importing Assets/SciFi Warehouse Kit/Prefabs/Structures/Catwalk/Catwalk Pillar 03.prefab using Guid(0e4bdd2115ade4d4488a51806240803c) Importer(815301076,1909f56bfc062723c751e8b465ee728b) (PreviewImporter) -> (artifact id: 'c5afbb0f0328c257c310535ffedf0b76') in 0.039372 seconds
Number of updated asset objects reloaded before import = 0Number of asset objects unloaded after import = 11

========================================================================
Received Import Request.
  Time since last request: 0.000027 seconds.
  path: Assets/SciFi Warehouse Kit/Art/Materials/Barrel Mat.mat
  artifactKey: Guid(f3a4fc37985dd274bb359bdfade8159f) Importer(2089858483,192608db42251d675da83286b1cce702)
Start importing Assets/SciFi Warehouse Kit/Art/Materials/Barrel Mat.mat using Guid(f3a4fc37985dd274bb359bdfade8159f) Importer(2089858483,192608db42251d675da83286b1cce702) (ScriptedImporter) -> (artifact id: '98f69ec61a0ed1737d518b677dfc0308') in 0.037104 seconds
Number of updated asset objects reloaded before import = 0Number of asset objects unloaded after import = 3

========================================================================
Received Import Request.
  Time since last request: 0.000029 seconds.
  path: Assets/SciFi Warehouse Kit/Prefabs/Structures/Catwalk/Short Stairs.prefab
  artifactKey: Guid(251977d85f345b94c805b990d722732f) Importer(815301076,1909f56bfc062723c751e8b465ee728b)
Start importing Assets/SciFi Warehouse Kit/Prefabs/Structures/Catwalk/Short Stairs.prefab using Guid(251977d85f345b94c805b990d722732f) Importer(815301076,1909f56bfc062723c751e8b465ee728b) (PreviewImporter) -> (artifact id: 'd36721ac05f1d49ef689879f268dbd82') in 0.2595019 seconds
Number of updated asset objects reloaded before import = 0Number of asset objects unloaded after import = 19

========================================================================
Received Import Request.
  Time since last request: 0.000037 seconds.
  path: Assets/SciFi Warehouse Kit/Art/Materials/Light Fixture Mat.mat
  artifactKey: Guid(bb2d88d2112f74d4b8dfef23a4b5d31d) Importer(2089858483,192608db42251d675da83286b1cce702)
Start importing Assets/SciFi Warehouse Kit/Art/Materials/Light Fixture Mat.mat using Guid(bb2d88d2112f74d4b8dfef23a4b5d31d) Importer(2089858483,192608db42251d675da83286b1cce702) (ScriptedImporter) -> (artifact id: '55a6e5148eb6b548236838da6f419b6b') in 0.0488234 seconds
Number of updated asset objects reloaded before import = 0Number of asset objects unloaded after import = 3

========================================================================
Received Import Request.
  Time since last request: 0.000041 seconds.
  path: Assets/SciFi Warehouse Kit/Prefabs/Structures/Catwalk/Catwalk Short.prefab
  artifactKey: Guid(52c51744944b30b4395badb88a68a18b) Importer(815301076,1909f56bfc062723c751e8b465ee728b)
Start importing Assets/SciFi Warehouse Kit/Prefabs/Structures/Catwalk/Catwalk Short.prefab using Guid(52c51744944b30b4395badb88a68a18b) Importer(815301076,1909f56bfc062723c751e8b465ee728b) (PreviewImporter) -> (artifact id: '3fefbe1ed30994c3af98733843927d37') in 0.0325054 seconds
Number of updated asset objects reloaded before import = 0Number of asset objects unloaded after import = 11

========================================================================
Received Import Request.
  Time since last request: 0.000038 seconds.
  path: Assets/SciFi Warehouse Kit/Art/Materials/Structure Trans Mat.mat
  artifactKey: Guid(8daecc76e81cf114c9854e9ee5a2526a) Importer(2089858483,192608db42251d675da83286b1cce702)
Start importing Assets/SciFi Warehouse Kit/Art/Materials/Structure Trans Mat.mat using Guid(8daecc76e81cf114c9854e9ee5a2526a) Importer(2089858483,192608db42251d675da83286b1cce702) (ScriptedImporter) -> (artifact id: 'd295d56e14834779634c375f329c9e08') in 0.0284741 seconds
Number of updated asset objects reloaded before import = 0Number of asset objects unloaded after import = 3

========================================================================
Received Import Request.
  Time since last request: 0.000026 seconds.
  path: Assets/SciFi Warehouse Kit/Art/Materials/Shelf Mat.mat
  artifactKey: Guid(1abdbba98f8ab9e4c99e138c1480ceaa) Importer(2089858483,192608db42251d675da83286b1cce702)
Start importing Assets/SciFi Warehouse Kit/Art/Materials/Shelf Mat.mat using Guid(1abdbba98f8ab9e4c99e138c1480ceaa) Importer(2089858483,192608db42251d675da83286b1cce702) (ScriptedImporter) -> (artifact id: 'f003c85458beddf5782c928f86909999') in 0.0352843 seconds
Number of updated asset objects reloaded before import = 0Number of asset objects unloaded after import = 3

========================================================================
Received Import Request.
  Time since last request: 0.000036 seconds.
  path: Assets/SciFi Warehouse Kit/Art/Materials/Crate Long Mat.mat
  artifactKey: Guid(56398f210688660468158fcbde7b8bfd) Importer(2089858483,192608db42251d675da83286b1cce702)
Start importing Assets/SciFi Warehouse Kit/Art/Materials/Crate Long Mat.mat using Guid(56398f210688660468158fcbde7b8bfd) Importer(2089858483,192608db42251d675da83286b1cce702) (ScriptedImporter) -> (artifact id: 'f11f5701b58a55587210f4faa15bee9b') in 0.0351003 seconds
Number of updated asset objects reloaded before import = 0Number of asset objects unloaded after import = 3

========================================================================
Received Import Request.
  Time since last request: 0.000033 seconds.
  path: Assets/SciFi Warehouse Kit/Art/Materials/Stairs Mat.mat
  artifactKey: Guid(8c4847c8d50a57747abfb7f8b3da7863) Importer(2089858483,192608db42251d675da83286b1cce702)
Start importing Assets/SciFi Warehouse Kit/Art/Materials/Stairs Mat.mat using Guid(8c4847c8d50a57747abfb7f8b3da7863) Importer(2089858483,192608db42251d675da83286b1cce702) (ScriptedImporter) -> (artifact id: 'c0ed946e43fa61dbaffe023ed5c915ca') in 0.0312457 seconds
Number of updated asset objects reloaded before import = 0Number of asset objects unloaded after import = 3

========================================================================
Received Import Request.
  Time since last request: 0.000032 seconds.
  path: Assets/SciFi Warehouse Kit/Art/Materials/Catwalk Mat.mat
  artifactKey: Guid(e5a4594bfee8a254c9815e1b311f27d6) Importer(2089858483,192608db42251d675da83286b1cce702)
Start importing Assets/SciFi Warehouse Kit/Art/Materials/Catwalk Mat.mat using Guid(e5a4594bfee8a254c9815e1b311f27d6) Importer(2089858483,192608db42251d675da83286b1cce702) (ScriptedImporter) -> (artifact id: '21e8d3665fa0c6409dedcc143ee53cb6') in 0.0314516 seconds
Number of updated asset objects reloaded before import = 0Number of asset objects unloaded after import = 3

========================================================================
Received Import Request.
  Time since last request: 0.000025 seconds.
  path: Assets/SciFi Warehouse Kit/Art/Materials/Light Mat.mat
  artifactKey: Guid(bc9fc69a1c4243343bff25dd7532a1b0) Importer(2089858483,192608db42251d675da83286b1cce702)
Start importing Assets/SciFi Warehouse Kit/Art/Materials/Light Mat.mat using Guid(bc9fc69a1c4243343bff25dd7532a1b0) Importer(2089858483,192608db42251d675da83286b1cce702) (ScriptedImporter) -> (artifact id: 'c55352f499fb8f2c2c793c28308848c7') in 0.0293146 seconds
Number of updated asset objects reloaded before import = 0Number of asset objects unloaded after import = 2

========================================================================
Received Import Request.
  Time since last request: 0.000034 seconds.
  path: Assets/SciFi Warehouse Kit/Art/Materials/barrel_s.mat
  artifactKey: Guid(61618e2271b3bdb47b5b4c628d9b092c) Importer(2089858483,192608db42251d675da83286b1cce702)
Start importing Assets/SciFi Warehouse Kit/Art/Materials/barrel_s.mat using Guid(61618e2271b3bdb47b5b4c628d9b092c) Importer(2089858483,192608db42251d675da83286b1cce702) (ScriptedImporter) -> (artifact id: '1f95cb5b2204ffa8978b2d7b7bd8ed56') in 0.0468804 seconds
Number of updated asset objects reloaded before import = 0Number of asset objects unloaded after import = 2

========================================================================
Received Import Request.
  Time since last request: 0.000044 seconds.
  path: Assets/SciFi Warehouse Kit/Art/Materials/Light Colored Mat.mat
  artifactKey: Guid(367e87b4150214b41963e70ca94a8f27) Importer(2089858483,192608db42251d675da83286b1cce702)
Start importing Assets/SciFi Warehouse Kit/Art/Materials/Light Colored Mat.mat using Guid(367e87b4150214b41963e70ca94a8f27) Importer(2089858483,192608db42251d675da83286b1cce702) (ScriptedImporter) -> (artifact id: '12a9d0eccf1602a510a81091808a9a63') in 0.0335203 seconds
Number of updated asset objects reloaded before import = 0Number of asset objects unloaded after import = 2

========================================================================
Received Import Request.
  Time since last request: 0.000041 seconds.
  path: Assets/SciFi Warehouse Kit/Prefabs/Structures/Catwalk/CatWalk Stairs Wide.prefab
  artifactKey: Guid(63d248e67db58c04aa37512e19848568) Importer(815301076,1909f56bfc062723c751e8b465ee728b)
Start importing Assets/SciFi Warehouse Kit/Prefabs/Structures/Catwalk/CatWalk Stairs Wide.prefab using Guid(63d248e67db58c04aa37512e19848568) Importer(815301076,1909f56bfc062723c751e8b465ee728b) (PreviewImporter) -> (artifact id: '9a579c800d69c570aa6b39403a030a28') in 0.0401762 seconds
Number of updated asset objects reloaded before import = 0Number of asset objects unloaded after import = 29

========================================================================
Received Import Request.
  Time since last request: 0.000030 seconds.
  path: Assets/SciFi Warehouse Kit/Prefabs/Structures/Catwalk/Catwalk Pillar Rails.prefab
  artifactKey: Guid(f533d3129260fec48aa145b87c3c9da9) Importer(815301076,1909f56bfc062723c751e8b465ee728b)
Start importing Assets/SciFi Warehouse Kit/Prefabs/Structures/Catwalk/Catwalk Pillar Rails.prefab using Guid(f533d3129260fec48aa145b87c3c9da9) Importer(815301076,1909f56bfc062723c751e8b465ee728b) (PreviewImporter) -> (artifact id: 'c78cce68e3ee5fdf9911b32632ba203f') in 0.0310949 seconds
Number of updated asset objects reloaded before import = 0Number of asset objects unloaded after import = 11

========================================================================
Received Import Request.
  Time since last request: 0.000057 seconds.
  path: Assets/SciFi Warehouse Kit/Prefabs/Structures/Catwalk/Catwalk Stairs.prefab
  artifactKey: Guid(65467f6b70ddf5e4890bd9f317b3a5b7) Importer(815301076,1909f56bfc062723c751e8b465ee728b)
Start importing Assets/SciFi Warehouse Kit/Prefabs/Structures/Catwalk/Catwalk Stairs.prefab using Guid(65467f6b70ddf5e4890bd9f317b3a5b7) Importer(815301076,1909f56bfc062723c751e8b465ee728b) (PreviewImporter) -> (artifact id: '48e45f845f75ab431cd4500cfe1648c7') in 0.0478455 seconds
Number of updated asset objects reloaded before import = 0Number of asset objects unloaded after import = 29

========================================================================
Received Import Request.
  Time since last request: 0.000041 seconds.
  path: Assets/SciFi Warehouse Kit/Prefabs/Structures/Catwalk/Catwalk Pillar 01.prefab
  artifactKey: Guid(725564bae3f68e847ad41c0da4390174) Importer(815301076,1909f56bfc062723c751e8b465ee728b)
Start importing Assets/SciFi Warehouse Kit/Prefabs/Structures/Catwalk/Catwalk Pillar 01.prefab using Guid(725564bae3f68e847ad41c0da4390174) Importer(815301076,1909f56bfc062723c751e8b465ee728b) (PreviewImporter) -> (artifact id: '0cbcafca61cfdd42e634c7d07953f365') in 0.0393055 seconds
Number of updated asset objects reloaded before import = 0Number of asset objects unloaded after import = 11

========================================================================
Received Import Request.
  Time since last request: 39.692615 seconds.
  path: Assets/SciFi Warehouse Kit/Prefabs/Structures/Corridors/Corridor Corner.prefab
  artifactKey: Guid(0caa079a07bb6bb4d8189cbe94d69429) Importer(815301076,1909f56bfc062723c751e8b465ee728b)
Start importing Assets/SciFi Warehouse Kit/Prefabs/Structures/Corridors/Corridor Corner.prefab using Guid(0caa079a07bb6bb4d8189cbe94d69429) Importer(815301076,1909f56bfc062723c751e8b465ee728b) (PreviewImporter) -> (artifact id: '723c924b736ce38729cae51f30b19cb9') in 0.0959628 seconds
Number of updated asset objects reloaded before import = 0Number of asset objects unloaded after import = 58

========================================================================
Received Import Request.
  Time since last request: 0.000036 seconds.
  path: Assets/SciFi Warehouse Kit/Prefabs/Structures/Corridors/Corridor Wide.prefab
  artifactKey: Guid(a57680777d3403843b1e6d4a5b05e5fd) Importer(815301076,1909f56bfc062723c751e8b465ee728b)
Start importing Assets/SciFi Warehouse Kit/Prefabs/Structures/Corridors/Corridor Wide.prefab using Guid(a57680777d3403843b1e6d4a5b05e5fd) Importer(815301076,1909f56bfc062723c751e8b465ee728b) (PreviewImporter) -> (artifact id: 'bee31b57f07776c9890c0cb1f31065e3') in 0.0846959 seconds
Number of updated asset objects reloaded before import = 0Number of asset objects unloaded after import = 51

========================================================================
Received Import Request.
  Time since last request: 0.000053 seconds.
  path: Assets/SciFi Warehouse Kit/Prefabs/Structures/Corridors/Corridor Funnel.prefab
  artifactKey: Guid(5fe80adc9613d154d800b6453f8cdd3a) Importer(815301076,1909f56bfc062723c751e8b465ee728b)
Start importing Assets/SciFi Warehouse Kit/Prefabs/Structures/Corridors/Corridor Funnel.prefab using Guid(5fe80adc9613d154d800b6453f8cdd3a) Importer(815301076,1909f56bfc062723c751e8b465ee728b) (PreviewImporter) -> (artifact id: '3bcdcc6f60f1870c7ed511e9b86bbd63') in 0.0578711 seconds
Number of updated asset objects reloaded before import = 0Number of asset objects unloaded after import = 50

========================================================================
Received Import Request.
  Time since last request: 0.000049 seconds.
  path: Assets/SciFi Warehouse Kit/Prefabs/Structures/Corridors/Corridor Wide Windows.prefab
  artifactKey: Guid(ac2dfbe7f68dc634f86cd6efc408d4a4) Importer(815301076,1909f56bfc062723c751e8b465ee728b)
Start importing Assets/SciFi Warehouse Kit/Prefabs/Structures/Corridors/Corridor Wide Windows.prefab using Guid(ac2dfbe7f68dc634f86cd6efc408d4a4) Importer(815301076,1909f56bfc062723c751e8b465ee728b) (PreviewImporter) -> (artifact id: '6845277c2db34a0d568325ade0ba312b') in 0.2129624 seconds
Number of updated asset objects reloaded before import = 0Number of asset objects unloaded after import = 63

========================================================================
Received Import Request.
  Time since last request: 0.000038 seconds.
  path: Assets/SciFi Warehouse Kit/Prefabs/Structures/Corridors/Corridor Passthrough.prefab
  artifactKey: Guid(c4470bf28fca8044dab507d047e88c69) Importer(815301076,1909f56bfc062723c751e8b465ee728b)
Start importing Assets/SciFi Warehouse Kit/Prefabs/Structures/Corridors/Corridor Passthrough.prefab using Guid(c4470bf28fca8044dab507d047e88c69) Importer(815301076,1909f56bfc062723c751e8b465ee728b) (PreviewImporter) -> (artifact id: 'c59dc1914a26afb53b0d63ab9d5f9f97') in 0.0373083 seconds
Number of updated asset objects reloaded before import = 0Number of asset objects unloaded after import = 42

========================================================================
Received Import Request.
  Time since last request: 0.000046 seconds.
  path: Assets/SciFi Warehouse Kit/Prefabs/Structures/Corridors/Corridor Doors.prefab
  artifactKey: Guid(2786dfa44f873aa478bb54f2d68fcc64) Importer(815301076,1909f56bfc062723c751e8b465ee728b)
Start importing Assets/SciFi Warehouse Kit/Prefabs/Structures/Corridors/Corridor Doors.prefab using Guid(2786dfa44f873aa478bb54f2d68fcc64) Importer(815301076,1909f56bfc062723c751e8b465ee728b) (PreviewImporter) -> (artifact id: '24598d3c8d456f2313f02f0664da0e24') in 0.0551127 seconds
Number of updated asset objects reloaded before import = 0Number of asset objects unloaded after import = 57

========================================================================
Received Import Request.
  Time since last request: 2.987089 seconds.
  path: Assets/SciFi Warehouse Kit/Prefabs/Structures/Corridors/Corridor Corner.prefab
  artifactKey: Guid(0caa079a07bb6bb4d8189cbe94d69429) Importer(815301076,1909f56bfc062723c751e8b465ee728b)
Start importing Assets/SciFi Warehouse Kit/Prefabs/Structures/Corridors/Corridor Corner.prefab using Guid(0caa079a07bb6bb4d8189cbe94d69429) Importer(815301076,1909f56bfc062723c751e8b465ee728b) (PreviewImporter) -> (artifact id: '8fb6ca69de50c42487ee635cc01156d6') in 0.1153105 seconds
Number of updated asset objects reloaded before import = 0Number of asset objects unloaded after import = 58

========================================================================
Received Import Request.
  Time since last request: 0.000045 seconds.
  path: Assets/SciFi Warehouse Kit/Prefabs/Structures/Corridors/Corridor Wide Corner Windows.prefab
  artifactKey: Guid(5ceb30273fce6374fadb842df014e681) Importer(815301076,1909f56bfc062723c751e8b465ee728b)
Start importing Assets/SciFi Warehouse Kit/Prefabs/Structures/Corridors/Corridor Wide Corner Windows.prefab using Guid(5ceb30273fce6374fadb842df014e681) Importer(815301076,1909f56bfc062723c751e8b465ee728b) (PreviewImporter) -> (artifact id: '72ccc872498172c1e58345ccf467124c') in 0.0786434 seconds
Number of updated asset objects reloaded before import = 0Number of asset objects unloaded after import = 63

========================================================================
Received Import Request.
  Time since last request: 0.000035 seconds.
  path: Assets/SciFi Warehouse Kit/Prefabs/Structures/Corridors/Corridor Wide Windows.prefab
  artifactKey: Guid(ac2dfbe7f68dc634f86cd6efc408d4a4) Importer(815301076,1909f56bfc062723c751e8b465ee728b)
Start importing Assets/SciFi Warehouse Kit/Prefabs/Structures/Corridors/Corridor Wide Windows.prefab using Guid(ac2dfbe7f68dc634f86cd6efc408d4a4) Importer(815301076,1909f56bfc062723c751e8b465ee728b) (PreviewImporter) -> (artifact id: '6b08a8013b4f9ae1caa65dc88fb7a81b') in 0.0400032 seconds
Number of updated asset objects reloaded before import = 0Number of asset objects unloaded after import = 63

========================================================================
Received Import Request.
  Time since last request: 0.000060 seconds.
  path: Assets/SciFi Warehouse Kit/Prefabs/Structures/Corridors/Corridor Tee Lights.prefab
  artifactKey: Guid(ad6aae32dd3eb844fa75e2a156bbe34f) Importer(815301076,1909f56bfc062723c751e8b465ee728b)
Start importing Assets/SciFi Warehouse Kit/Prefabs/Structures/Corridors/Corridor Tee Lights.prefab using Guid(ad6aae32dd3eb844fa75e2a156bbe34f) Importer(815301076,1909f56bfc062723c751e8b465ee728b) (PreviewImporter) -> (artifact id: '0443764d2c7688f4356debbb1e739731') in 0.0508832 seconds
Number of updated asset objects reloaded before import = 0Number of asset objects unloaded after import = 50

========================================================================
Received Import Request.
  Time since last request: 0.000033 seconds.
  path: Assets/SciFi Warehouse Kit/Prefabs/Structures/Corridors/Corridor Incline Full.prefab
  artifactKey: Guid(cc5db88956188ec4e99ecccc1cc1a855) Importer(815301076,1909f56bfc062723c751e8b465ee728b)
Start importing Assets/SciFi Warehouse Kit/Prefabs/Structures/Corridors/Corridor Incline Full.prefab using Guid(cc5db88956188ec4e99ecccc1cc1a855) Importer(815301076,1909f56bfc062723c751e8b465ee728b) (PreviewImporter) -> (artifact id: '0e7a04a90d9c8df57217696cc672d590') in 0.0556836 seconds
Number of updated asset objects reloaded before import = 0Number of asset objects unloaded after import = 55

