Using pre-set license
Built from '6000.0/respin/6000.0.59f1-063c55f2fd0f' branch; Version is '6000.0.59f2 (ef281c76c3c1) revision 15673372'; Using compiler version '193933523'; Build Type 'Release'
OS: 'Windows 11  (10.0.26200) 64bit Core' Language: 'ko' Physical Memory: 16077 MB
BatchMode: 1, IsHumanControllingUs: 0, StartBugReporterOnCrash: 0, Is64bit: 1
Date: 2026-05-26T12:45:51Z

COMMAND LINE ARGUMENTS:
C:\Program Files\Unity\Hub\Editor\6000.0.59f2\Editor\Unity.exe
-adb2
-batchMode
-noUpm
-name
AssetImportWorker3
-projectPath
C:/Users/ghqkr/OneDrive/Desktop/SW 웹사이트/VR-SangHaCha
-logFile
Logs/AssetImportWorker3.log
-srvPort
56803
-job-worker-count
7
-background-job-worker-count
8
-gc-helper-count
1
-name
AssetImport
Successfully changed project path to: C:/Users/ghqkr/OneDrive/Desktop/SW 웹사이트/VR-SangHaCha
C:/Users/ghqkr/OneDrive/Desktop/SW 웹사이트/VR-SangHaCha
[UnityMemory] Configuration Parameters - Can be set up in boot.config
    "memorysetup-bucket-allocator-granularity=16"
    "memorysetup-bucket-allocator-bucket-count=8"
    "memorysetup-bucket-allocator-block-size=33554432"
    "memorysetup-bucket-allocator-block-count=8"
    "memorysetup-main-allocator-block-size=16777216"
    "memorysetup-thread-allocator-block-size=16777216"
    "memorysetup-gfx-main-allocator-block-size=16777216"
    "memorysetup-gfx-thread-allocator-block-size=16777216"
    "memorysetup-cache-allocator-block-size=4194304"
    "memorysetup-typetree-allocator-block-size=2097152"
    "memorysetup-profiler-bucket-allocator-granularity=16"
    "memorysetup-profiler-bucket-allocator-bucket-count=8"
    "memorysetup-profiler-bucket-allocator-block-size=33554432"
    "memorysetup-profiler-bucket-allocator-block-count=8"
    "memorysetup-profiler-allocator-block-size=16777216"
    "memorysetup-profiler-editor-allocator-block-size=1048576"
    "memorysetup-temp-allocator-size-main=16777216"
    "memorysetup-job-temp-allocator-block-size=2097152"
    "memorysetup-job-temp-allocator-block-size-background=1048576"
    "memorysetup-job-temp-allocator-reduction-small-platforms=262144"
    "memorysetup-allocator-temp-initial-block-size-main=262144"
    "memorysetup-allocator-temp-initial-block-size-worker=262144"
    "memorysetup-temp-allocator-size-background-worker=32768"
    "memorysetup-temp-allocator-size-job-worker=262144"
    "memorysetup-temp-allocator-size-preload-manager=33554432"
    "memorysetup-temp-allocator-size-nav-mesh-worker=65536"
    "memorysetup-temp-allocator-size-audio-worker=65536"
    "memorysetup-temp-allocator-size-cloud-worker=32768"
    "memorysetup-temp-allocator-size-gi-baking-worker=262144"
    "memorysetup-temp-allocator-size-gi-baking-worker=262144"
    "memorysetup-temp-allocator-size-gi-baking-worker=262144"
    "memorysetup-temp-allocator-size-gi-baking-worker=262144"
    "memorysetup-temp-allocator-size-gi-baking-worker=262144"
    "memorysetup-temp-allocator-size-gfx=262144"
Player connection [16184]  Target information:

Player connection [16184]  * "[IP] 192.168.0.124 [Port] 0 [Flags] 2 [Guid] 3966146931 [EditorId] 3966146931 [Version] 1048832 [Id] WindowsEditor(7,retser) [Debug] 1 [PackageName] WindowsEditor [ProjectName] Editor" 

Player connection [16184] Host joined multi-casting on [225.0.0.222:54997]...
Player connection [16184] Host joined alternative multi-casting on [225.0.0.222:34997]...
JobSystem: Creating JobQueue using job-worker-count value 7
Input System module state changed to: Initialized.
[Physics::Module] Initialized fallback backend.
[Physics::Module] Id: 0xdecafbad
Library Redirect Path: Library/
[Physics::Module] Selected backend.
[Physics::Module] Name: PhysX
[Physics::Module] Id: 0xf2b8ea05
[Physics::Module] SDK Version: 4.1.2
[Physics::Module] Integration Version: 1.0.0
[Physics::Module] Threading Mode: Multi-Threaded
Refreshing native plugins compatible for Editor in 15.28 ms, found 11 plugins.
Preloading 0 native plugins for Editor in 0.00 ms.
Initialize engine version: 6000.0.59f2 (ef281c76c3c1)
[Subsystems] Discovering subsystems at path C:/Program Files/Unity/Hub/Editor/6000.0.59f2/Editor/Data/Resources/UnitySubsystems
[Subsystems] Discovering subsystems at path C:/Users/ghqkr/OneDrive/Desktop/SW 웹사이트/VR-SangHaCha/Assets
GfxDevice: creating device client; kGfxThreadingModeNonThreaded
Direct3D:
    Version:  Direct3D 11.0 [level 11.1]
    Renderer: NVIDIA GeForce RTX 4060 Laptop GPU (ID=0x28a0)
    Vendor:   NVIDIA
    VRAM:     7957 MB
    Driver:   32.0.15.8183
Initialize mono
Mono path[0] = 'C:/Program Files/Unity/Hub/Editor/6000.0.59f2/Editor/Data/Managed'
Mono path[1] = 'C:/Program Files/Unity/Hub/Editor/6000.0.59f2/Editor/Data/MonoBleedingEdge/lib/mono/unityjit-win32'
Mono config path = 'C:/Program Files/Unity/Hub/Editor/6000.0.59f2/Editor/Data/MonoBleedingEdge/etc'
Using monoOptions --debugger-agent=transport=dt_socket,embedding=1,server=y,suspend=n,address=127.0.0.1:56756
Begin MonoManager ReloadAssembly
Registering precompiled unity dll's ...
Register platform support module: C:/Program Files/Unity/Hub/Editor/6000.0.59f2/Editor/Data/PlaybackEngines/WindowsStandaloneSupport/UnityEditor.WindowsStandalone.Extensions.dll
Register platform support module: C:/Program Files/Unity/Hub/Editor/6000.0.59f2/Editor/Data/PlaybackEngines/AndroidPlayer/UnityEditor.Android.Extensions.dll
Registered in 0.012586 seconds.
- Loaded All Assemblies, in 33.576 seconds
Native extension for Android target not found
Android Extension - Scanning For ADB Devices 3140 ms
Native extension for WindowsStandalone target not found
Mono: successfully reloaded assembly
- Finished resetting the current domain, in  6.801 seconds
Domain Reload Profiling: 40377ms
	BeginReloadAssembly (30405ms)
		ExecutionOrderSort (0ms)
		DisableScriptedObjects (0ms)
		BackupInstance (0ms)
		ReleaseScriptingObjects (0ms)
		CreateAndSetChildDomain (1ms)
	RebuildCommonClasses (46ms)
	RebuildNativeTypeToScriptingClass (12ms)
	initialDomainReloadingComplete (66ms)
	LoadAllAssembliesAndSetupDomain (3042ms)
		LoadAssemblies (30423ms)
		RebuildTransferFunctionScriptingTraits (0ms)
		AnalyzeDomain (3018ms)
			TypeCache.Refresh (3014ms)
				TypeCache.ScanAssembly (2990ms)
			BuildScriptInfoCaches (0ms)
			ResolveRequiredComponents (1ms)
	FinalizeReload (6804ms)
		ReleaseScriptCaches (0ms)
		RebuildScriptCaches (0ms)
		SetupLoadedEditorAssemblies (6712ms)
			LogAssemblyErrors (0ms)
			InitializePlatformSupportModulesInManaged (6235ms)
			SetLoadedEditorAssemblies (9ms)
			BeforeProcessingInitializeOnLoad (104ms)
			ProcessInitializeOnLoadAttributes (248ms)
			ProcessInitializeOnLoadMethodAttributes (116ms)
			AfterProcessingInitializeOnLoad (0ms)
			EditorAssembliesLoaded (0ms)
		ExecutionOrderSort2 (0ms)
		AwakeInstancesAfterBackupRestoration (0ms)
========================================================================
Worker process is ready to serve import requests
Import Worker Mode flag is 0x00
Begin MonoManager ReloadAssembly
- Loaded All Assemblies, in 143.932 seconds
Refreshing native plugins compatible for Editor in 22.25 ms, found 11 plugins.
Native extension for Android target not found
Native extension for WindowsStandalone target not found
Refreshing native plugins compatible for Editor in 20.45 ms, found 11 plugins.
Package Manager log level set to [2]
[Package Manager] Failed to launch server process. Reason: Unity was launched with the -noUpm command-line argument
[Package Manager] Unable to send message (not connected to server process).
[Package Manager] Cannot connect to Unity Package Manager local server
Mono: successfully reloaded assembly
[Package Manager] Failed to launch server process. Reason: Unity was launched with the -noUpm command-line argument
[Package Manager] Unable to send message (not connected to server process).
[Package Manager] Cannot connect to Unity Package Manager local server
[Package Manager] Failed to launch server process. Reason: Unity was launched with the -noUpm command-line argument
[Package Manager] Unable to send message (not connected to server process).
[Package Manager] Cannot connect to Unity Package Manager local server
- Finished resetting the current domain, in  2.869 seconds
Domain Reload Profiling: 146795ms
	BeginReloadAssembly (659ms)
		ExecutionOrderSort (0ms)
		DisableScriptedObjects (11ms)
		BackupInstance (0ms)
		ReleaseScriptingObjects (0ms)
		CreateAndSetChildDomain (57ms)
	RebuildCommonClasses (106ms)
	RebuildNativeTypeToScriptingClass (22ms)
	initialDomainReloadingComplete (108ms)
	LoadAllAssembliesAndSetupDomain (143030ms)
		LoadAssemblies (142535ms)
		RebuildTransferFunctionScriptingTraits (0ms)
		AnalyzeDomain (946ms)
			TypeCache.Refresh (586ms)
				TypeCache.ScanAssembly (534ms)
			BuildScriptInfoCaches (248ms)
			ResolveRequiredComponents (98ms)
	FinalizeReload (2870ms)
		ReleaseScriptCaches (0ms)
		RebuildScriptCaches (0ms)
		SetupLoadedEditorAssemblies (2547ms)
			LogAssemblyErrors (0ms)
			InitializePlatformSupportModulesInManaged (90ms)
			SetLoadedEditorAssemblies (61ms)
			BeforeProcessingInitializeOnLoad (547ms)
			ProcessInitializeOnLoadAttributes (1151ms)
			ProcessInitializeOnLoadMethodAttributes (683ms)
			AfterProcessingInitializeOnLoad (15ms)
			EditorAssembliesLoaded (1ms)
		ExecutionOrderSort2 (0ms)
		AwakeInstancesAfterBackupRestoration (9ms)
WARNING: Shader Unsupported: 'Hidden/Simulation/URP/Synthetic' - All subshaders removed
WARNING: Shader Did you use #pragma only_renderers and omit this platform?
WARNING: Shader If subshaders removal was intentional, you may have forgotten turning Fallback off?
WARNING: Shader Unsupported: 'Hidden/Simulation/URP/Synthetic' - All subshaders removed
WARNING: Shader Did you use #pragma only_renderers and omit this platform?
WARNING: Shader If subshaders removal was intentional, you may have forgotten turning Fallback off?
WARNING: Shader Unsupported: 'Hidden/Simulation/Synthetic Lit' - All subshaders removed
WARNING: Shader Did you use #pragma only_renderers and omit this platform?
WARNING: Shader If subshaders removal was intentional, you may have forgotten turning Fallback off?
WARNING: Shader Unsupported: 'Hidden/Simulation/Synthetic Lit' - All subshaders removed
WARNING: Shader Did you use #pragma only_renderers and omit this platform?
WARNING: Shader If subshaders removal was intentional, you may have forgotten turning Fallback off?
WARNING: Shader Unsupported: 'Simulation/Standard Lit' - All subshaders removed
WARNING: Shader Did you use #pragma only_renderers and omit this platform?
WARNING: Shader If subshaders removal was intentional, you may have forgotten turning Fallback off?
WARNING: Shader Unsupported: 'Simulation/Standard Lit' - All subshaders removed
WARNING: Shader Did you use #pragma only_renderers and omit this platform?
WARNING: Shader If subshaders removal was intentional, you may have forgotten turning Fallback off?
WARNING: Shader Unsupported: 'Simulation/URP/Room X-Ray' - All subshaders removed
WARNING: Shader Did you use #pragma only_renderers and omit this platform?
WARNING: Shader If subshaders removal was intentional, you may have forgotten turning Fallback off?
WARNING: Shader Unsupported: 'Simulation/URP/Room X-Ray' - All subshaders removed
WARNING: Shader Did you use #pragma only_renderers and omit this platform?
WARNING: Shader If subshaders removal was intentional, you may have forgotten turning Fallback off?
WARNING: Shader Unsupported: 'Simulation/Room X-Ray' - All subshaders removed
WARNING: Shader Did you use #pragma only_renderers and omit this platform?
WARNING: Shader If subshaders removal was intentional, you may have forgotten turning Fallback off?
WARNING: Shader Unsupported: 'Simulation/Room X-Ray' - All subshaders removed
WARNING: Shader Did you use #pragma only_renderers and omit this platform?
WARNING: Shader If subshaders removal was intentional, you may have forgotten turning Fallback off?
WARNING: Shader Unsupported: 'Simulation/URP/Lit' - All subshaders removed
WARNING: Shader Did you use #pragma only_renderers and omit this platform?
WARNING: Shader If subshaders removal was intentional, you may have forgotten turning Fallback off?
WARNING: Shader Unsupported: 'Simulation/URP/Lit' - All subshaders removed
WARNING: Shader Did you use #pragma only_renderers and omit this platform?
WARNING: Shader If subshaders removal was intentional, you may have forgotten turning Fallback off?
Launched and connected shader compiler UnityShaderCompiler.exe after 0.17 seconds
Refreshing native plugins compatible for Editor in 128.83 ms, found 11 plugins.
Preloading 0 native plugins for Editor in 0.00 ms.
Unloading 19 Unused Serialized files (Serialized files now loaded: 0)
Unloading 6742 unused Assets / (3.4 MB). Loaded Objects now: 7472.
Memory consumption went from 140.0 MB to 136.6 MB.
Total: 31.053000 ms (FindLiveObjects: 2.746600 ms CreateObjectMapping: 0.790300 ms MarkObjects: 19.534700 ms  DeleteObjects: 7.979400 ms)

========================================================================
Received Import Request.
  Time since last request: 259910.510792 seconds.
  path: Assets/TextMesh Pro/Shaders/TMP_SDF-Mobile.shader
  artifactKey: Guid(fe393ace9b354375a9cb14cdbbc28be4) Importer(2089858483,192608db42251d675da83286b1cce702)
Start importing Assets/TextMesh Pro/Shaders/TMP_SDF-Mobile.shader using Guid(fe393ace9b354375a9cb14cdbbc28be4) Importer(2089858483,192608db42251d675da83286b1cce702) (ScriptedImporter) -> (artifact id: 'd83e020e965126e207ceddbc5f6b5ea2') in 0.4798396 seconds
Number of updated asset objects reloaded before import = 0Number of asset objects unloaded after import = 1

========================================================================
Received Import Request.
  Time since last request: 0.000046 seconds.
  path: Assets/Settings/Medium_PipelineAsset_ForwardRenderer.asset
  artifactKey: Guid(e25a4496175d4334682a44cb7534e154) Importer(2089858483,192608db42251d675da83286b1cce702)
Start importing Assets/Settings/Medium_PipelineAsset_ForwardRenderer.asset using Guid(e25a4496175d4334682a44cb7534e154) Importer(2089858483,192608db42251d675da83286b1cce702) (ScriptedImporter) -> (artifact id: '865dd340cfd4eeff6a7654320a0873fa') in 0.1584893 seconds
Number of updated asset objects reloaded before import = 0Number of asset objects unloaded after import = 2

========================================================================
Received Import Request.
  Time since last request: 0.000067 seconds.
  path: Assets/BrokenVector/LowPolyStoragePack/Prefabs/Box_01_Green.prefab
  artifactKey: Guid(52286bfe87fb66749a3c50bd33f61eb6) Importer(2089858483,3d70f49cd1c2eb9ae422958d1c652c6b)
Start importing Assets/BrokenVector/LowPolyStoragePack/Prefabs/Box_01_Green.prefab using Guid(52286bfe87fb66749a3c50bd33f61eb6) Importer(2089858483,3d70f49cd1c2eb9ae422958d1c652c6b) (ScriptedImporter) -> (artifact id: '8e84a65a1f90c5e60dec02b8de5e0c0c') in 0.0547356 seconds
Number of updated asset objects reloaded before import = 0Number of asset objects unloaded after import = 9

========================================================================
Received Import Request.
  Time since last request: 0.000023 seconds.
  path: Assets/Settings/High_PipelineAsset.asset
  artifactKey: Guid(961d4a3ea775af04b8cf1432e2642cc9) Importer(2089858483,3d70f49cd1c2eb9ae422958d1c652c6b)
Start importing Assets/Settings/High_PipelineAsset.asset using Guid(961d4a3ea775af04b8cf1432e2642cc9) Importer(2089858483,3d70f49cd1c2eb9ae422958d1c652c6b) (ScriptedImporter) -> (artifact id: '969ffe231a469b6e97ba9c0e6c9295b2') in 0.0338348 seconds
Number of updated asset objects reloaded before import = 0Number of asset objects unloaded after import = 2

========================================================================
Received Import Request.
  Time since last request: 0.000041 seconds.
  path: Assets/BrokenVector/LowPolyStoragePack/Prefabs/Giftbox_03_Red.prefab
  artifactKey: Guid(35380f0d2bbbc714691343711ab2194d) Importer(2089858483,3d70f49cd1c2eb9ae422958d1c652c6b)
Start importing Assets/BrokenVector/LowPolyStoragePack/Prefabs/Giftbox_03_Red.prefab using Guid(35380f0d2bbbc714691343711ab2194d) Importer(2089858483,3d70f49cd1c2eb9ae422958d1c652c6b) (ScriptedImporter) -> (artifact id: '7f22277f28fe9e2bc74336042e8a2883') in 0.0579957 seconds
Number of updated asset objects reloaded before import = 0Number of asset objects unloaded after import = 9

========================================================================
Received Import Request.
  Time since last request: 0.000041 seconds.
  path: Assets/XRI/Settings/XRInteractionEditorSettings.asset
  artifactKey: Guid(6f9d97661ed1b724ab50d66fe4b0c37b) Importer(2089858483,192608db42251d675da83286b1cce702)
Start importing Assets/XRI/Settings/XRInteractionEditorSettings.asset using Guid(6f9d97661ed1b724ab50d66fe4b0c37b) Importer(2089858483,192608db42251d675da83286b1cce702) (ScriptedImporter) -> (artifact id: '4dae4189508c9f6948a4549e4cf48f90') in 0.0301396 seconds
Number of updated asset objects reloaded before import = 0Number of asset objects unloaded after import = 1

========================================================================
Received Import Request.
  Time since last request: 0.000031 seconds.
  path: Assets/BrokenVector/LowPolyStoragePack/Materials/Storage_Metal_Blue.mat
  artifactKey: Guid(2baa316d3d6d44d44b49de38958c3fcc) Importer(2089858483,192608db42251d675da83286b1cce702)
Start importing Assets/BrokenVector/LowPolyStoragePack/Materials/Storage_Metal_Blue.mat using Guid(2baa316d3d6d44d44b49de38958c3fcc) Importer(2089858483,192608db42251d675da83286b1cce702) (ScriptedImporter) -> (artifact id: '597bbedbcc87bdf687704e7367dfeb5e') in 0.0900381 seconds
Number of updated asset objects reloaded before import = 0Number of asset objects unloaded after import = 2

========================================================================
Received Import Request.
  Time since last request: 0.000029 seconds.
  path: Assets/VRTemplateAssets/Scripts/XRKnob.cs
  artifactKey: Guid(e888dc0064d84d041818fa202b52d6be) Importer(2089858483,192608db42251d675da83286b1cce702)
Start importing Assets/VRTemplateAssets/Scripts/XRKnob.cs using Guid(e888dc0064d84d041818fa202b52d6be) Importer(2089858483,192608db42251d675da83286b1cce702) (ScriptedImporter) -> (artifact id: '744f32d036703d4134b4280dcf3ea629') in 0.0382347 seconds
Number of updated asset objects reloaded before import = 0Number of asset objects unloaded after import = 0

========================================================================
Received Import Request.
  Time since last request: 0.000081 seconds.
  path: Assets/XR/Settings/OpenXR Package Settings.asset
  artifactKey: Guid(b716680a41c7a094fa3b7fb9a8024a67) Importer(2089858483,3d70f49cd1c2eb9ae422958d1c652c6b)
Start importing Assets/XR/Settings/OpenXR Package Settings.asset using Guid(b716680a41c7a094fa3b7fb9a8024a67) Importer(2089858483,3d70f49cd1c2eb9ae422958d1c652c6b) (ScriptedImporter) -> (artifact id: 'b22115a0a91ade1834a4b8a414513218') in 0.0270555 seconds
Number of updated asset objects reloaded before import = 0Number of asset objects unloaded after import = 0

========================================================================
Received Import Request.
  Time since last request: 0.000021 seconds.
  path: Assets/VRTemplateAssets/Tutorial/VRTutorialProjectSettings.asset
  artifactKey: Guid(76b4acc4d12394f60a5accbec43ae2a7) Importer(2089858483,3d70f49cd1c2eb9ae422958d1c652c6b)
Start importing Assets/VRTemplateAssets/Tutorial/VRTutorialProjectSettings.asset using Guid(76b4acc4d12394f60a5accbec43ae2a7) Importer(2089858483,3d70f49cd1c2eb9ae422958d1c652c6b) (ScriptedImporter) -> (artifact id: 'f3be29ae21315be8031c719c87aa6df8') in 0.1184578 seconds
Number of updated asset objects reloaded before import = 0Number of asset objects unloaded after import = 4

========================================================================
Received Import Request.
  Time since last request: 0.000027 seconds.
  path: Assets/VRTemplateAssets/Tutorial/VRTutorialStyle.asset
  artifactKey: Guid(148a9beb0fa9a4026a837fad3a14e6a4) Importer(2089858483,3d70f49cd1c2eb9ae422958d1c652c6b)
Start importing Assets/VRTemplateAssets/Tutorial/VRTutorialStyle.asset using Guid(148a9beb0fa9a4026a837fad3a14e6a4) Importer(2089858483,3d70f49cd1c2eb9ae422958d1c652c6b) (ScriptedImporter) -> (artifact id: '5716b744d7289001458a4442c81654f9') in 0.0239776 seconds
Number of updated asset objects reloaded before import = 0Number of asset objects unloaded after import = 0

========================================================================
Received Import Request.
  Time since last request: 0.000063 seconds.
  path: Assets/VRTemplateAssets/Fonts/Inter/Inter-Regular SDF NoBackfaceCulling.asset
  artifactKey: Guid(fbb7c6a04be6d8341934b839f24b42e1) Importer(2089858483,3d70f49cd1c2eb9ae422958d1c652c6b)
Start importing Assets/VRTemplateAssets/Fonts/Inter/Inter-Regular SDF NoBackfaceCulling.asset using Guid(fbb7c6a04be6d8341934b839f24b42e1) Importer(2089858483,3d70f49cd1c2eb9ae422958d1c652c6b) (ScriptedImporter) -> (artifact id: '9813d5148eb1106fb2f094458beb6764') in 0.1208157 seconds
Number of updated asset objects reloaded before import = 0Number of asset objects unloaded after import = 2

========================================================================
Received Import Request.
  Time since last request: 0.000041 seconds.
  path: Assets/TextMesh Pro/Resources/Fonts & Materials/LiberationSans SDF.asset
  artifactKey: Guid(8f586378b4e144a9851e7b34d9b748ee) Importer(2089858483,3d70f49cd1c2eb9ae422958d1c652c6b)
Start importing Assets/TextMesh Pro/Resources/Fonts & Materials/LiberationSans SDF.asset using Guid(8f586378b4e144a9851e7b34d9b748ee) Importer(2089858483,3d70f49cd1c2eb9ae422958d1c652c6b) (ScriptedImporter) -> (artifact id: '430e6c0c7c93fb74e73f8d1c956218e8') in 0.1496951 seconds
Number of updated asset objects reloaded before import = 0Number of asset objects unloaded after import = 7

========================================================================
Received Import Request.
  Time since last request: 0.000090 seconds.
  path: Assets/BrokenVector/LowPolyStoragePack/Models/Cabinet_02.dae
  artifactKey: Guid(a9cbe19c5ceb4e34e89fe52e9d4d8918) Importer(2089858483,192608db42251d675da83286b1cce702)
Start importing Assets/BrokenVector/LowPolyStoragePack/Models/Cabinet_02.dae using Guid(a9cbe19c5ceb4e34e89fe52e9d4d8918) Importer(2089858483,192608db42251d675da83286b1cce702) (ScriptedImporter) -> (artifact id: '9f480cc256e57eab5630b21bb99cac6e') in 0.2384835 seconds
Number of updated asset objects reloaded before import = 0Number of asset objects unloaded after import = 8

========================================================================
Received Import Request.
  Time since last request: 0.000030 seconds.
  path: Assets/BrokenVector/LowPolyStoragePack/Prefabs/Cabinet_02.prefab
  artifactKey: Guid(f2f081c540b0d8f4aa94075355020bfd) Importer(2089858483,3d70f49cd1c2eb9ae422958d1c652c6b)
Start importing Assets/BrokenVector/LowPolyStoragePack/Prefabs/Cabinet_02.prefab using Guid(f2f081c540b0d8f4aa94075355020bfd) Importer(2089858483,3d70f49cd1c2eb9ae422958d1c652c6b) (ScriptedImporter) -> (artifact id: 'c2f33690ec155866ad04d3c4dd6a0dd4') in 0.0311588 seconds
Number of updated asset objects reloaded before import = 0Number of asset objects unloaded after import = 10

========================================================================
Received Import Request.
  Time since last request: 0.000048 seconds.
  path: Assets/VRTemplateAssets/Prefabs/Controller/Right Controller.prefab
  artifactKey: Guid(e8fb48b2097a4fe4c9bad4f438c1eae2) Importer(2089858483,3d70f49cd1c2eb9ae422958d1c652c6b)
Start importing Assets/VRTemplateAssets/Prefabs/Controller/Right Controller.prefab using Guid(e8fb48b2097a4fe4c9bad4f438c1eae2) Importer(2089858483,3d70f49cd1c2eb9ae422958d1c652c6b) (ScriptedImporter) -> (artifact id: '6f9ab295ea498cc542a5e20fd4df1a9a') in 0.080083 seconds
Number of updated asset objects reloaded before import = 0Number of asset objects unloaded after import = 138

========================================================================
Received Import Request.
  Time since last request: 0.000028 seconds.
  path: Assets/BrokenVector/LowPolyStoragePack/Models/Locker.dae
  artifactKey: Guid(2d260eb281c666c428d94133569434d4) Importer(2089858483,192608db42251d675da83286b1cce702)
Start importing Assets/BrokenVector/LowPolyStoragePack/Models/Locker.dae using Guid(2d260eb281c666c428d94133569434d4) Importer(2089858483,192608db42251d675da83286b1cce702) (ScriptedImporter) -> (artifact id: 'c78b6d10d8419354f66c8b00b7884d03') in 0.0673912 seconds
Number of updated asset objects reloaded before import = 0Number of asset objects unloaded after import = 8

========================================================================
Received Import Request.
  Time since last request: 0.000019 seconds.
  path: Assets/VRTemplateAssets/Prefabs/Setup/Affordance Callouts Right.prefab
  artifactKey: Guid(4d28f6590e91f644e9731292f51c4f2c) Importer(2089858483,3d70f49cd1c2eb9ae422958d1c652c6b)
Start importing Assets/VRTemplateAssets/Prefabs/Setup/Affordance Callouts Right.prefab using Guid(4d28f6590e91f644e9731292f51c4f2c) Importer(2089858483,3d70f49cd1c2eb9ae422958d1c652c6b) (ScriptedImporter)The method get_fontSharedMaterials was not found on Tooltip Text. This property will not be indexed.
UnityEngine.Debug:ExtractStackTraceNoAlloc (byte*,int,string)
UnityEngine.StackTraceUtility:ExtractStackTrace ()
UnityEngine.DebugLogHandler:Internal_Log (UnityEngine.LogType,UnityEngine.LogOption,string,UnityEngine.Object)
UnityEngine.DebugLogHandler:LogFormat (UnityEngine.LogType,UnityEngine.Object,string,object[])
UnityEngine.Logger:Log (UnityEngine.LogType,object)
UnityEngine.Debug:LogWarning (object)
UnityEditor.Rendering.Universal.MaterialReferenceBuilder:GetMaterialFromMethod (System.Reflection.MethodInfo,UnityEngine.Object,System.Func`3<string, string, string>) (at ./Library/PackageCache/com.unity.render-pipelines.universal@2a2241f53fcd/Editor/Converter/MaterialReferenceBuilder.cs:133)
UnityEditor.Rendering.Universal.ConversionIndexers:ConversionIndexer (UnityEditor.Search.CustomObjectIndexerTarget,UnityEditor.Search.ObjectIndexer) (at ./Library/PackageCache/com.unity.render-pipelines.universal@2a2241f53fcd/Editor/Converter/ConversionIndexers.cs:21)
UnityEditor.Search.ObjectIndexer:CallCustomIndexers (string,int,UnityEngine.Object,UnityEditor.SerializedObject,bool)
UnityEditor.Search.ObjectIndexer:IndexCustomProperties (string,int,UnityEngine.Object)
UnityEditor.Search.AssetIndexer:IndexCustomGameObjectProperties (string,int,UnityEngine.GameObject)
UnityEditor.Search.AssetIndexer:IndexObjects (UnityEngine.GameObject[],string,string,string,bool)
UnityEditor.Search.AssetIndexer:IndexPrefab (string,bool)
UnityEditor.Search.AssetIndexer:IndexSceneDocument (string,bool)
UnityEditor.Search.AssetIndexer:IndexDocument (string,bool)
UnityEditor.Search.SearchIndexEntryImporter:OnImportAsset (UnityEditor.AssetImporters.AssetImportContext)
UnityEditor.AssetImporters.ScriptedImporter:GenerateAssetData (UnityEditor.AssetImporters.AssetImportContext)

(Filename: ./Library/PackageCache/com.unity.render-pipelines.universal@2a2241f53fcd/Editor/Converter/MaterialReferenceBuilder.cs Line: 133)

The method get_fontSharedMaterials was not found on Tooltip Text. This property will not be indexed.
UnityEngine.Debug:ExtractStackTraceNoAlloc (byte*,int,string)
UnityEngine.StackTraceUtility:ExtractStackTrace ()
UnityEngine.DebugLogHandler:Internal_Log (UnityEngine.LogType,UnityEngine.LogOption,string,UnityEngine.Object)
UnityEngine.DebugLogHandler:LogFormat (UnityEngine.LogType,UnityEngine.Object,string,object[])
UnityEngine.Logger:Log (UnityEngine.LogType,object)
UnityEngine.Debug:LogWarning (object)
UnityEditor.Rendering.Universal.MaterialReferenceBuilder:GetMaterialFromMethod (System.Reflection.MethodInfo,UnityEngine.Object,System.Func`3<string, string, string>) (at ./Library/PackageCache/com.unity.render-pipelines.universal@2a2241f53fcd/Editor/Converter/MaterialReferenceBuilder.cs:133)
UnityEditor.Rendering.Universal.ConversionIndexers:ConversionIndexer (UnityEditor.Search.CustomObjectIndexerTarget,UnityEditor.Search.ObjectIndexer) (at ./Library/PackageCache/com.unity.render-pipelines.universal@2a2241f53fcd/Editor/Converter/ConversionIndexers.cs:21)
UnityEditor.Search.ObjectIndexer:CallCustomIndexers (string,int,UnityEngine.Object,UnityEditor.SerializedObject,bool)
UnityEditor.Search.ObjectIndexer:IndexCustomProperties (string,int,UnityEngine.Object)
UnityEditor.Search.AssetIndexer:IndexCustomGameObjectProperties (string,int,UnityEngine.GameObject)
UnityEditor.Search.AssetIndexer:IndexObjects (UnityEngine.GameObject[],string,string,string,bool)
UnityEditor.Search.AssetIndexer:IndexPrefab (string,bool)
UnityEditor.Search.AssetIndexer:IndexSceneDocument (string,bool)
UnityEditor.Search.AssetIndexer:IndexDocument (string,bool)
UnityEditor.Search.SearchIndexEntryImporter:OnImportAsset (UnityEditor.AssetImporters.AssetImportContext)
UnityEditor.AssetImporters.ScriptedImporter:GenerateAssetData (UnityEditor.AssetImporters.AssetImportContext)

(Filename: ./Library/PackageCache/com.unity.render-pipelines.universal@2a2241f53fcd/Editor/Converter/MaterialReferenceBuilder.cs Line: 133)

The method get_fontSharedMaterials was not found on Tooltip Text. This property will not be indexed.
UnityEngine.Debug:ExtractStackTraceNoAlloc (byte*,int,string)
UnityEngine.StackTraceUtility:ExtractStackTrace ()
UnityEngine.DebugLogHandler:Internal_Log (UnityEngine.LogType,UnityEngine.LogOption,string,UnityEngine.Object)
UnityEngine.DebugLogHandler:LogFormat (UnityEngine.LogType,UnityEngine.Object,string,object[])
UnityEngine.Logger:Log (UnityEngine.LogType,object)
UnityEngine.Debug:LogWarning (object)
UnityEditor.Rendering.Universal.MaterialReferenceBuilder:GetMaterialFromMethod (System.Reflection.MethodInfo,UnityEngine.Object,System.Func`3<string, string, string>) (at ./Library/PackageCache/com.unity.render-pipelines.universal@2a2241f53fcd/Editor/Converter/MaterialReferenceBuilder.cs:133)
UnityEditor.Rendering.Universal.ConversionIndexers:ConversionIndexer (UnityEditor.Search.CustomObjectIndexerTarget,UnityEditor.Search.ObjectIndexer) (at ./Library/PackageCache/com.unity.render-pipelines.universal@2a2241f53fcd/Editor/Converter/ConversionIndexers.cs:21)
UnityEditor.Search.ObjectIndexer:CallCustomIndexers (string,int,UnityEngine.Object,UnityEditor.SerializedObject,bool)
UnityEditor.Search.ObjectIndexer:IndexCustomProperties (string,int,UnityEngine.Object)
UnityEditor.Search.AssetIndexer:IndexCustomGameObjectProperties (string,int,UnityEngine.GameObject)
UnityEditor.Search.AssetIndexer:IndexObjects (UnityEngine.GameObject[],string,string,string,bool)
UnityEditor.Search.AssetIndexer:IndexPrefab (string,bool)
UnityEditor.Search.AssetIndexer:IndexSceneDocument (string,bool)
UnityEditor.Search.AssetIndexer:IndexDocument (string,bool)
UnityEditor.Search.SearchIndexEntryImporter:OnImportAsset (UnityEditor.AssetImporters.AssetImportContext)
UnityEditor.AssetImporters.ScriptedImporter:GenerateAssetData (UnityEditor.AssetImporters.AssetImportContext)

(Filename: ./Library/PackageCache/com.unity.render-pipelines.universal@2a2241f53fcd/Editor/Converter/MaterialReferenceBuilder.cs Line: 133)

The method get_fontSharedMaterials was not found on Tooltip Text. This property will not be indexed.
UnityEngine.Debug:ExtractStackTraceNoAlloc (byte*,int,string)
UnityEngine.StackTraceUtility:ExtractStackTrace ()
UnityEngine.DebugLogHandler:Internal_Log (UnityEngine.LogType,UnityEngine.LogOption,string,UnityEngine.Object)
UnityEngine.DebugLogHandler:LogFormat (UnityEngine.LogType,UnityEngine.Object,string,object[])
UnityEngine.Logger:Log (UnityEngine.LogType,object)
UnityEngine.Debug:LogWarning (object)
UnityEditor.Rendering.Universal.MaterialReferenceBuilder:GetMaterialFromMethod (System.Reflection.MethodInfo,UnityEngine.Object,System.Func`3<string, string, string>) (at ./Library/PackageCache/com.unity.render-pipelines.universal@2a2241f53fcd/Editor/Converter/MaterialReferenceBuilder.cs:133)
UnityEditor.Rendering.Universal.ConversionIndexers:ConversionIndexer (UnityEditor.Search.CustomObjectIndexerTarget,UnityEditor.Search.ObjectIndexer) (at ./Library/PackageCache/com.unity.render-pipelines.universal@2a2241f53fcd/Editor/Converter/ConversionIndexers.cs:21)
UnityEditor.Search.ObjectIndexer:CallCustomIndexers (string,int,UnityEngine.Object,UnityEditor.SerializedObject,bool)
UnityEditor.Search.ObjectIndexer:IndexCustomProperties (string,int,UnityEngine.Object)
UnityEditor.Search.AssetIndexer:IndexCustomGameObjectProperties (string,int,UnityEngine.GameObject)
UnityEditor.Search.AssetIndexer:IndexObjects (UnityEngine.GameObject[],string,string,string,bool)
UnityEditor.Search.AssetIndexer:IndexPrefab (string,bool)
UnityEditor.Search.AssetIndexer:IndexSceneDocument (string,bool)
UnityEditor.Search.AssetIndexer:IndexDocument (string,bool)
UnityEditor.Search.SearchIndexEntryImporter:OnImportAsset (UnityEditor.AssetImporters.AssetImportContext)
UnityEditor.AssetImporters.ScriptedImporter:GenerateAssetData (UnityEditor.AssetImporters.AssetImportContext)

(Filename: ./Library/PackageCache/com.unity.render-pipelines.universal@2a2241f53fcd/Editor/Converter/MaterialReferenceBuilder.cs Line: 133)

 -> (artifact id: 'd7392028a487eb2847957b7b2a286455') in 0.1912215 seconds
Number of updated asset objects reloaded before import = 0Number of asset objects unloaded after import = 268

========================================================================
Received Import Request.
  Time since last request: 0.000040 seconds.
  path: Assets/BrokenVector/LowPolyStoragePack/Prefabs/Amp_Rack_01.prefab
  artifactKey: Guid(705d933b89ad2d94a8a505a85bc0a4fd) Importer(2089858483,3d70f49cd1c2eb9ae422958d1c652c6b)
Start importing Assets/BrokenVector/LowPolyStoragePack/Prefabs/Amp_Rack_01.prefab using Guid(705d933b89ad2d94a8a505a85bc0a4fd) Importer(2089858483,3d70f49cd1c2eb9ae422958d1c652c6b) (ScriptedImporter) -> (artifact id: '7127fffb474c16e75fb6440ace891800') in 0.0564536 seconds
Number of updated asset objects reloaded before import = 0Number of asset objects unloaded after import = 10

========================================================================
Received Import Request.
  Time since last request: 0.000021 seconds.
  path: Assets/VRTemplateAssets/Prefabs/UI/Dropdown.prefab
  artifactKey: Guid(3405290cc9a00c34bbd425b05c494f62) Importer(2089858483,3d70f49cd1c2eb9ae422958d1c652c6b)
Start importing Assets/VRTemplateAssets/Prefabs/UI/Dropdown.prefab using Guid(3405290cc9a00c34bbd425b05c494f62) Importer(2089858483,3d70f49cd1c2eb9ae422958d1c652c6b) (ScriptedImporter)The method get_fontSharedMaterials was not found on Label. This property will not be indexed.
UnityEngine.Debug:ExtractStackTraceNoAlloc (byte*,int,string)
UnityEngine.StackTraceUtility:ExtractStackTrace ()
UnityEngine.DebugLogHandler:Internal_Log (UnityEngine.LogType,UnityEngine.LogOption,string,UnityEngine.Object)
UnityEngine.DebugLogHandler:LogFormat (UnityEngine.LogType,UnityEngine.Object,string,object[])
UnityEngine.Logger:Log (UnityEngine.LogType,object)
UnityEngine.Debug:LogWarning (object)
UnityEditor.Rendering.Universal.MaterialReferenceBuilder:GetMaterialFromMethod (System.Reflection.MethodInfo,UnityEngine.Object,System.Func`3<string, string, string>) (at ./Library/PackageCache/com.unity.render-pipelines.universal@2a2241f53fcd/Editor/Converter/MaterialReferenceBuilder.cs:133)
UnityEditor.Rendering.Universal.ConversionIndexers:ConversionIndexer (UnityEditor.Search.CustomObjectIndexerTarget,UnityEditor.Search.ObjectIndexer) (at ./Library/PackageCache/com.unity.render-pipelines.universal@2a2241f53fcd/Editor/Converter/ConversionIndexers.cs:21)
UnityEditor.Search.ObjectIndexer:CallCustomIndexers (string,int,UnityEngine.Object,UnityEditor.SerializedObject,bool)
UnityEditor.Search.ObjectIndexer:IndexCustomProperties (string,int,UnityEngine.Object)
UnityEditor.Search.AssetIndexer:IndexCustomGameObjectProperties (string,int,UnityEngine.GameObject)
UnityEditor.Search.AssetIndexer:IndexObjects (UnityEngine.GameObject[],string,string,string,bool)
UnityEditor.Search.AssetIndexer:IndexPrefab (string,bool)
UnityEditor.Search.AssetIndexer:IndexSceneDocument (string,bool)
UnityEditor.Search.AssetIndexer:IndexDocument (string,bool)
UnityEditor.Search.SearchIndexEntryImporter:OnImportAsset (UnityEditor.AssetImporters.AssetImportContext)
UnityEditor.AssetImporters.ScriptedImporter:GenerateAssetData (UnityEditor.AssetImporters.AssetImportContext)

(Filename: ./Library/PackageCache/com.unity.render-pipelines.universal@2a2241f53fcd/Editor/Converter/MaterialReferenceBuilder.cs Line: 133)

The method get_fontSharedMaterials was not found on Item Label. This property will not be indexed.
UnityEngine.Debug:ExtractStackTraceNoAlloc (byte*,int,string)
UnityEngine.StackTraceUtility:ExtractStackTrace ()
UnityEngine.DebugLogHandler:Internal_Log (UnityEngine.LogType,UnityEngine.LogOption,string,UnityEngine.Object)
UnityEngine.DebugLogHandler:LogFormat (UnityEngine.LogType,UnityEngine.Object,string,object[])
UnityEngine.Logger:Log (UnityEngine.LogType,object)
UnityEngine.Debug:LogWarning (object)
UnityEditor.Rendering.Universal.MaterialReferenceBuilder:GetMaterialFromMethod (System.Reflection.MethodInfo,UnityEngine.Object,System.Func`3<string, string, string>) (at ./Library/PackageCache/com.unity.render-pipelines.universal@2a2241f53fcd/Editor/Converter/MaterialReferenceBuilder.cs:133)
UnityEditor.Rendering.Universal.ConversionIndexers:ConversionIndexer (UnityEditor.Search.CustomObjectIndexerTarget,UnityEditor.Search.ObjectIndexer) (at ./Library/PackageCache/com.unity.render-pipelines.universal@2a2241f53fcd/Editor/Converter/ConversionIndexers.cs:21)
UnityEditor.Search.ObjectIndexer:CallCustomIndexers (string,int,UnityEngine.Object,UnityEditor.SerializedObject,bool)
UnityEditor.Search.ObjectIndexer:IndexCustomProperties (string,int,UnityEngine.Object)
UnityEditor.Search.AssetIndexer:IndexCustomGameObjectProperties (string,int,UnityEngine.GameObject)
UnityEditor.Search.AssetIndexer:IndexObjects (UnityEngine.GameObject[],string,string,string,bool)
UnityEditor.Search.AssetIndexer:IndexPrefab (string,bool)
UnityEditor.Search.AssetIndexer:IndexSceneDocument (string,bool)
UnityEditor.Search.AssetIndexer:IndexDocument (string,bool)
UnityEditor.Search.SearchIndexEntryImporter:OnImportAsset (UnityEditor.AssetImporters.AssetImportContext)
UnityEditor.AssetImporters.ScriptedImporter:GenerateAssetData (UnityEditor.AssetImporters.AssetImportContext)

(Filename: ./Library/PackageCache/com.unity.render-pipelines.universal@2a2241f53fcd/Editor/Converter/MaterialReferenceBuilder.cs Line: 133)

 -> (artifact id: '2ce5c76e8823df1b277b2d5e94d51053') in 0.144896 seconds
Number of updated asset objects reloaded before import = 0Number of asset objects unloaded after import = 71

========================================================================
Received Import Request.
  Time since last request: 0.000032 seconds.
  path: Assets/BrokenVector/LowPolyStoragePack/Models/TreasureChest.dae
  artifactKey: Guid(f0ba207fffea77846a8a979cf75f36e6) Importer(2089858483,192608db42251d675da83286b1cce702)
Start importing Assets/BrokenVector/LowPolyStoragePack/Models/TreasureChest.dae using Guid(f0ba207fffea77846a8a979cf75f36e6) Importer(2089858483,192608db42251d675da83286b1cce702) (ScriptedImporter) -> (artifact id: 'e7d6127875456322b9579821acc2e8f0') in 0.0692571 seconds
Number of updated asset objects reloaded before import = 0Number of asset objects unloaded after import = 8

========================================================================
Received Import Request.
  Time since last request: 0.000041 seconds.
  path: Assets/BrokenVector/LowPolyStoragePack/Prefabs/Barrel_03_Blue.prefab
  artifactKey: Guid(53dd11272dbdda346a1936ca914cdac9) Importer(2089858483,3d70f49cd1c2eb9ae422958d1c652c6b)
Start importing Assets/BrokenVector/LowPolyStoragePack/Prefabs/Barrel_03_Blue.prefab using Guid(53dd11272dbdda346a1936ca914cdac9) Importer(2089858483,3d70f49cd1c2eb9ae422958d1c652c6b) (ScriptedImporter) -> (artifact id: '82327bba69c43cbdbc2fb6031f72ffd6') in 0.0206298 seconds
Number of updated asset objects reloaded before import = 0Number of asset objects unloaded after import = 9

========================================================================
Received Import Request.
  Time since last request: 0.000019 seconds.
  path: Assets/Samples/XR Hands/1.7.1/HandVisualizer/Prefabs/Joint.prefab
  artifactKey: Guid(254b742d65a15d14b9df756ae77de868) Importer(2089858483,3d70f49cd1c2eb9ae422958d1c652c6b)
Start importing Assets/Samples/XR Hands/1.7.1/HandVisualizer/Prefabs/Joint.prefab using Guid(254b742d65a15d14b9df756ae77de868) Importer(2089858483,3d70f49cd1c2eb9ae422958d1c652c6b) (ScriptedImporter) -> (artifact id: 'b8034008433a8c97d6262eb646fb6b14') in 0.0436153 seconds
Number of updated asset objects reloaded before import = 0Number of asset objects unloaded after import = 29

========================================================================
Received Import Request.
  Time since last request: 0.000027 seconds.
  path: Assets/BrokenVector/LowPolyStoragePack/Prefabs/Bag_01_Blue.prefab
  artifactKey: Guid(53feeaf808cce28429d051dcbd6642ec) Importer(2089858483,192608db42251d675da83286b1cce702)
Start importing Assets/BrokenVector/LowPolyStoragePack/Prefabs/Bag_01_Blue.prefab using Guid(53feeaf808cce28429d051dcbd6642ec) Importer(2089858483,192608db42251d675da83286b1cce702) (ScriptedImporter) -> (artifact id: '5c3d70a462f05cfb6b41fcfba788c85e') in 0.1141283 seconds
Number of updated asset objects reloaded before import = 0Number of asset objects unloaded after import = 9

========================================================================
Received Import Request.
  Time since last request: 0.000036 seconds.
  path: Assets/BrokenVector/LowPolyStoragePack/Prefabs/Bag_02_Yellow.prefab
  artifactKey: Guid(d2843574691995046b12777e54a55453) Importer(2089858483,192608db42251d675da83286b1cce702)
Start importing Assets/BrokenVector/LowPolyStoragePack/Prefabs/Bag_02_Yellow.prefab using Guid(d2843574691995046b12777e54a55453) Importer(2089858483,192608db42251d675da83286b1cce702) (ScriptedImporter) -> (artifact id: '67893d86cace92e5c23be135f1d71b1f') in 0.0475947 seconds
Number of updated asset objects reloaded before import = 0Number of asset objects unloaded after import = 9

========================================================================
Received Import Request.
  Time since last request: 0.000025 seconds.
  path: Assets/BrokenVector/LowPolyStoragePack/Materials/Storage_Unlit_Purple.mat
  artifactKey: Guid(35edf0cdeb6723141b37babb56b2ce76) Importer(2089858483,192608db42251d675da83286b1cce702)
Start importing Assets/BrokenVector/LowPolyStoragePack/Materials/Storage_Unlit_Purple.mat using Guid(35edf0cdeb6723141b37babb56b2ce76) Importer(2089858483,192608db42251d675da83286b1cce702) (ScriptedImporter) -> (artifact id: '0c9e9d2ca7914015db73d6c55be03870') in 0.0293682 seconds
Number of updated asset objects reloaded before import = 0Number of asset objects unloaded after import = 2

========================================================================
Received Import Request.
  Time since last request: 0.000034 seconds.
  path: Assets/Samples/XR Interaction Toolkit/3.3.0/Hands Interaction Demo/Prefabs/HandPokeInteractorAffordances.prefab
  artifactKey: Guid(eed9e61964b17194d94ce56bffabb610) Importer(2089858483,3d70f49cd1c2eb9ae422958d1c652c6b)
Start importing Assets/Samples/XR Interaction Toolkit/3.3.0/Hands Interaction Demo/Prefabs/HandPokeInteractorAffordances.prefab using Guid(eed9e61964b17194d94ce56bffabb610) Importer(2089858483,3d70f49cd1c2eb9ae422958d1c652c6b) (ScriptedImporter) -> (artifact id: '5c385d751611853b4cfd7b0db957fe2f') in 0.0441639 seconds
Number of updated asset objects reloaded before import = 0Number of asset objects unloaded after import = 10

========================================================================
Received Import Request.
  Time since last request: 0.000036 seconds.
  path: Assets/BrokenVector/LowPolyStoragePack/Models/Crate_02.dae
  artifactKey: Guid(5453a8aedae39ad4a8f64c24f9fc848a) Importer(2089858483,192608db42251d675da83286b1cce702)
Start importing Assets/BrokenVector/LowPolyStoragePack/Models/Crate_02.dae using Guid(5453a8aedae39ad4a8f64c24f9fc848a) Importer(2089858483,192608db42251d675da83286b1cce702) (ScriptedImporter) -> (artifact id: 'f8d21d0a80b12df132c1b9c6d68734bc') in 0.053504 seconds
Number of updated asset objects reloaded before import = 0Number of asset objects unloaded after import = 8

========================================================================
Received Import Request.
  Time since last request: 0.000021 seconds.
  path: Assets/BrokenVector/LowPolyStoragePack/Prefabs/Container_02_Blue.prefab
  artifactKey: Guid(2f3eeb9b037e853489950df7ec0c4eb2) Importer(2089858483,192608db42251d675da83286b1cce702)
Start importing Assets/BrokenVector/LowPolyStoragePack/Prefabs/Container_02_Blue.prefab using Guid(2f3eeb9b037e853489950df7ec0c4eb2) Importer(2089858483,192608db42251d675da83286b1cce702) (ScriptedImporter) -> (artifact id: '8e3a46773325d9c35658581d5015437f') in 0.1740051 seconds
Number of updated asset objects reloaded before import = 0Number of asset objects unloaded after import = 9

========================================================================
Received Import Request.
  Time since last request: 0.000026 seconds.
  path: Assets/BrokenVector/LowPolyStoragePack/Prefabs/Trashcan_02.prefab
  artifactKey: Guid(0ffd42e52125bc740b173f3df62f1518) Importer(2089858483,3d70f49cd1c2eb9ae422958d1c652c6b)
Start importing Assets/BrokenVector/LowPolyStoragePack/Prefabs/Trashcan_02.prefab using Guid(0ffd42e52125bc740b173f3df62f1518) Importer(2089858483,3d70f49cd1c2eb9ae422958d1c652c6b) (ScriptedImporter) -> (artifact id: '41fefab8c6b584906315a835b4597672') in 0.0503557 seconds
Number of updated asset objects reloaded before import = 0Number of asset objects unloaded after import = 9

========================================================================
Received Import Request.
  Time since last request: 0.000030 seconds.
  path: Assets/Samples/XR Interaction Toolkit/3.3.0/Hands Interaction Demo/AffordanceThemes/PinchPointUniformScaleScale.asset
  artifactKey: Guid(d22e48f34794ab9498d082f9713c2293) Importer(2089858483,3d70f49cd1c2eb9ae422958d1c652c6b)
Start importing Assets/Samples/XR Interaction Toolkit/3.3.0/Hands Interaction Demo/AffordanceThemes/PinchPointUniformScaleScale.asset using Guid(d22e48f34794ab9498d082f9713c2293) Importer(2089858483,3d70f49cd1c2eb9ae422958d1c652c6b) (ScriptedImporter) -> (artifact id: 'f01a34a1753d7fd855e28555157205ae') in 0.0600021 seconds
Number of updated asset objects reloaded before import = 0Number of asset objects unloaded after import = 0

========================================================================
Received Import Request.
  Time since last request: 0.000027 seconds.
  path: Assets/Scenes/BasicScene/Grid_Light_512x512.png
  artifactKey: Guid(8685512c7856ffd40a4ad1859a7cb52c) Importer(2089858483,192608db42251d675da83286b1cce702)
Start importing Assets/Scenes/BasicScene/Grid_Light_512x512.png using Guid(8685512c7856ffd40a4ad1859a7cb52c) Importer(2089858483,192608db42251d675da83286b1cce702) (ScriptedImporter) -> (artifact id: '3e6830cf2b0e9325187c9c9b0df90a4d') in 0.1604255 seconds
Number of updated asset objects reloaded before import = 0Number of asset objects unloaded after import = 1

========================================================================
Received Import Request.
  Time since last request: 0.000026 seconds.
  path: Assets/BrokenVector/LowPolyStoragePack/Prefabs/Giftbox_02_Green.prefab
  artifactKey: Guid(f132b7480e2d1db40a65bbae13a582fc) Importer(2089858483,192608db42251d675da83286b1cce702)
Start importing Assets/BrokenVector/LowPolyStoragePack/Prefabs/Giftbox_02_Green.prefab using Guid(f132b7480e2d1db40a65bbae13a582fc) Importer(2089858483,192608db42251d675da83286b1cce702) (ScriptedImporter) -> (artifact id: '46e2e281751c18ff766a4fd4036cf932') in 0.0657546 seconds
Number of updated asset objects reloaded before import = 0Number of asset objects unloaded after import = 9

========================================================================
Received Import Request.
  Time since last request: 0.000036 seconds.
  path: Assets/Samples/XR Interaction Toolkit/3.3.0/Starter Assets/DemoSceneAssets/Prefabs/Teleportation Environment.prefab
  artifactKey: Guid(3e07eccb5e6f459d886de95044adb1d9) Importer(2089858483,3d70f49cd1c2eb9ae422958d1c652c6b)
Start importing Assets/Samples/XR Interaction Toolkit/3.3.0/Starter Assets/DemoSceneAssets/Prefabs/Teleportation Environment.prefab using Guid(3e07eccb5e6f459d886de95044adb1d9) Importer(2089858483,3d70f49cd1c2eb9ae422958d1c652c6b) (ScriptedImporter) -> (artifact id: '59883b8d657e844d627da97ab944da38') in 0.1660917 seconds
Number of updated asset objects reloaded before import = 0Number of asset objects unloaded after import = 161

========================================================================
Received Import Request.
  Time since last request: 0.000028 seconds.
  path: Assets/VRTemplateAssets/Tutorial/VRTutorialContainer.asset
  artifactKey: Guid(66a752886585f42d5b39f6f643d399f9) Importer(2089858483,192608db42251d675da83286b1cce702)
Start importing Assets/VRTemplateAssets/Tutorial/VRTutorialContainer.asset using Guid(66a752886585f42d5b39f6f643d399f9) Importer(2089858483,192608db42251d675da83286b1cce702) (ScriptedImporter) -> (artifact id: 'd8c220c3651822b2f9189e83d8cd899e') in 0.0907042 seconds
Number of updated asset objects reloaded before import = 0Number of asset objects unloaded after import = 4

========================================================================
Received Import Request.
  Time since last request: 0.000035 seconds.
  path: Assets/BrokenVector/LowPolyStoragePack/Prefabs/Suitcase_02_Yellow.prefab
  artifactKey: Guid(2d1c8780b5053c94e8e1b008b8dc2b50) Importer(2089858483,192608db42251d675da83286b1cce702)
Start importing Assets/BrokenVector/LowPolyStoragePack/Prefabs/Suitcase_02_Yellow.prefab using Guid(2d1c8780b5053c94e8e1b008b8dc2b50) Importer(2089858483,192608db42251d675da83286b1cce702) (ScriptedImporter) -> (artifact id: '6f59cff136323188ba63e0fc4f90762a') in 0.0681506 seconds
Number of updated asset objects reloaded before import = 0Number of asset objects unloaded after import = 9

========================================================================
Received Import Request.
  Time since last request: 0.000022 seconds.
  path: Assets/BrokenVector/LowPolyStoragePack/Prefabs/Giftbox_03_Yellow.prefab
  artifactKey: Guid(a950da56b2e37e74a881eb9cd2ce72cb) Importer(2089858483,192608db42251d675da83286b1cce702)
Start importing Assets/BrokenVector/LowPolyStoragePack/Prefabs/Giftbox_03_Yellow.prefab using Guid(a950da56b2e37e74a881eb9cd2ce72cb) Importer(2089858483,192608db42251d675da83286b1cce702) (ScriptedImporter) -> (artifact id: '92b2fae80dc64f1f140175385fe7415d') in 0.0910727 seconds
Number of updated asset objects reloaded before import = 0Number of asset objects unloaded after import = 9

========================================================================
Received Import Request.
  Time since last request: 0.000025 seconds.
  path: Assets/TextMesh Pro/Resources/Fonts & Materials/LiberationSans SDF - Outline.mat
  artifactKey: Guid(79459efec17a4d00a321bdcc27bbc385) Importer(2089858483,192608db42251d675da83286b1cce702)
Start importing Assets/TextMesh Pro/Resources/Fonts & Materials/LiberationSans SDF - Outline.mat using Guid(79459efec17a4d00a321bdcc27bbc385) Importer(2089858483,192608db42251d675da83286b1cce702) (ScriptedImporter) -> (artifact id: '5260384ed7e13ada1eb57e65d74f72de') in 0.0659839 seconds
Number of updated asset objects reloaded before import = 0Number of asset objects unloaded after import = 2

========================================================================
Received Import Request.
  Time since last request: 0.000027 seconds.
  path: Assets/Samples/XR Interaction Toolkit/3.3.0/Hands Interaction Demo/Prefabs/LeftHandQuestVisual.prefab
  artifactKey: Guid(ffd656bf2a3ba3d41b1e4a94b81b7c85) Importer(2089858483,3d70f49cd1c2eb9ae422958d1c652c6b)
Start importing Assets/Samples/XR Interaction Toolkit/3.3.0/Hands Interaction Demo/Prefabs/LeftHandQuestVisual.prefab using Guid(ffd656bf2a3ba3d41b1e4a94b81b7c85) Importer(2089858483,3d70f49cd1c2eb9ae422958d1c652c6b) (ScriptedImporter) -> (artifact id: '8ab020fcdabf3877b1ff2086941c4016') in 0.0838072 seconds
Number of updated asset objects reloaded before import = 0Number of asset objects unloaded after import = 156

========================================================================
Received Import Request.
  Time since last request: 0.000022 seconds.
  path: Assets/Samples/XR Interaction Toolkit/3.3.0/Starter Assets/DemoSceneAssets/Prefabs/Interactables/Cylinder.prefab
  artifactKey: Guid(2ed984a58a974166bf92c82a74380454) Importer(2089858483,3d70f49cd1c2eb9ae422958d1c652c6b)
Start importing Assets/Samples/XR Interaction Toolkit/3.3.0/Starter Assets/DemoSceneAssets/Prefabs/Interactables/Cylinder.prefab using Guid(2ed984a58a974166bf92c82a74380454) Importer(2089858483,3d70f49cd1c2eb9ae422958d1c652c6b) (ScriptedImporter) -> (artifact id: 'c9ffd256e0f9de036edc3150d3c262fc') in 0.0701798 seconds
Number of updated asset objects reloaded before import = 0Number of asset objects unloaded after import = 36

========================================================================
Received Import Request.
  Time since last request: 0.000024 seconds.
  path: Assets/Samples/XR Interaction Toolkit/3.3.0/Starter Assets/Prefabs/Interactors/Teleport Interactor.prefab
  artifactKey: Guid(c1800acf6366418a9b5f610249000331) Importer(2089858483,3d70f49cd1c2eb9ae422958d1c652c6b)
Start importing Assets/Samples/XR Interaction Toolkit/3.3.0/Starter Assets/Prefabs/Interactors/Teleport Interactor.prefab using Guid(c1800acf6366418a9b5f610249000331) Importer(2089858483,3d70f49cd1c2eb9ae422958d1c652c6b) (ScriptedImporter) -> (artifact id: 'ba76eb2c7c20184d23ed764bc2364ffb') in 0.0881679 seconds
Number of updated asset objects reloaded before import = 0Number of asset objects unloaded after import = 37

========================================================================
Received Import Request.
  Time since last request: 0.000063 seconds.
  path: Assets/Samples/XR Interaction Toolkit/3.3.0/Hands Interaction Demo/HandsDemoSceneAssets/Prefabs/UI/TouchPadButton.prefab
  artifactKey: Guid(b0c78422845bac948a9080175e57ffff) Importer(2089858483,3d70f49cd1c2eb9ae422958d1c652c6b)
Start importing Assets/Samples/XR Interaction Toolkit/3.3.0/Hands Interaction Demo/HandsDemoSceneAssets/Prefabs/UI/TouchPadButton.prefab using Guid(b0c78422845bac948a9080175e57ffff) Importer(2089858483,3d70f49cd1c2eb9ae422958d1c652c6b) (ScriptedImporter) -> (artifact id: '36e07181561b83b19a6d8c716654da5b') in 0.1061089 seconds
Number of updated asset objects reloaded before import = 0Number of asset objects unloaded after import = 24

========================================================================
Received Import Request.
  Time since last request: 0.000019 seconds.
  path: Assets/Samples/XR Interaction Toolkit/3.3.0/Hands Interaction Demo/Prefabs/InteractionAffordance.prefab
  artifactKey: Guid(9a5f820ee9c46b64294ae756b459a681) Importer(2089858483,3d70f49cd1c2eb9ae422958d1c652c6b)
Start importing Assets/Samples/XR Interaction Toolkit/3.3.0/Hands Interaction Demo/Prefabs/InteractionAffordance.prefab using Guid(9a5f820ee9c46b64294ae756b459a681) Importer(2089858483,3d70f49cd1c2eb9ae422958d1c652c6b) (ScriptedImporter) -> (artifact id: 'dfa9e995c1754c414584bd3566cb68a4') in 0.0416359 seconds
Number of updated asset objects reloaded before import = 0Number of asset objects unloaded after import = 19

========================================================================
Received Import Request.
  Time since last request: 0.000024 seconds.
  path: Assets/Samples/XR Interaction Toolkit/3.3.0/Starter Assets/DemoSceneAssets/Prefabs/UI/Interactive Controls.prefab
  artifactKey: Guid(7bbb1960bab3e75459304488d8d1ffba) Importer(2089858483,3d70f49cd1c2eb9ae422958d1c652c6b)
Start importing Assets/Samples/XR Interaction Toolkit/3.3.0/Starter Assets/DemoSceneAssets/Prefabs/UI/Interactive Controls.prefab using Guid(7bbb1960bab3e75459304488d8d1ffba) Importer(2089858483,3d70f49cd1c2eb9ae422958d1c652c6b) (ScriptedImporter) -> (artifact id: '62d3d6020df55acbf3691db0810f7e5d') in 0.0888081 seconds
Number of updated asset objects reloaded before import = 0Number of asset objects unloaded after import = 364

========================================================================
Received Import Request.
  Time since last request: 0.000036 seconds.
  path: Assets/Samples/XR Interaction Toolkit/3.3.0/Starter Assets/DemoSceneAssets/Prefabs/Teleport/Teleport Anchor.prefab
  artifactKey: Guid(fad94b617f0540568dbf4c9c4011248c) Importer(2089858483,3d70f49cd1c2eb9ae422958d1c652c6b)
Start importing Assets/Samples/XR Interaction Toolkit/3.3.0/Starter Assets/DemoSceneAssets/Prefabs/Teleport/Teleport Anchor.prefab using Guid(fad94b617f0540568dbf4c9c4011248c) Importer(2089858483,3d70f49cd1c2eb9ae422958d1c652c6b) (ScriptedImporter) -> (artifact id: '764bbe930a315a6675ed5ec1cb6816ed') in 0.1218567 seconds
Number of updated asset objects reloaded before import = 0Number of asset objects unloaded after import = 14

========================================================================
Received Import Request.
  Time since last request: 0.000020 seconds.
  path: Assets/Samples/XR Interaction Toolkit/3.3.0/Starter Assets/Materials/MaterialPipelineHandler.asset
  artifactKey: Guid(dbe8dcb68b75cd2498ab6c1d96e072a4) Importer(2089858483,3d70f49cd1c2eb9ae422958d1c652c6b)
Start importing Assets/Samples/XR Interaction Toolkit/3.3.0/Starter Assets/Materials/MaterialPipelineHandler.asset using Guid(dbe8dcb68b75cd2498ab6c1d96e072a4) Importer(2089858483,3d70f49cd1c2eb9ae422958d1c652c6b) (ScriptedImporter) -> (artifact id: '93a7da953c27c4ce4d39ea20c8174ec5') in 0.0512113 seconds
Number of updated asset objects reloaded before import = 0Number of asset objects unloaded after import = 6

========================================================================
Received Import Request.
  Time since last request: 0.000023 seconds.
  path: Assets/VRTemplateAssets/Materials/Environment/wall2_Normal_OpenGL.png
  artifactKey: Guid(b9adf7a4adc3785428265de3303e0505) Importer(2089858483,192608db42251d675da83286b1cce702)
Start importing Assets/VRTemplateAssets/Materials/Environment/wall2_Normal_OpenGL.png using Guid(b9adf7a4adc3785428265de3303e0505) Importer(2089858483,192608db42251d675da83286b1cce702) (ScriptedImporter) -> (artifact id: '48f183ac5cd517ac4c33352afb111ad6') in 0.0838607 seconds
Number of updated asset objects reloaded before import = 0Number of asset objects unloaded after import = 1

========================================================================
Received Import Request.
  Time since last request: 0.000038 seconds.
  path: Assets/VRTemplateAssets/Materials/Pointer/Pointer Outline.mat
  artifactKey: Guid(94eebd9d324eddd49be6e843f56d7ec0) Importer(2089858483,192608db42251d675da83286b1cce702)
Start importing Assets/VRTemplateAssets/Materials/Pointer/Pointer Outline.mat using Guid(94eebd9d324eddd49be6e843f56d7ec0) Importer(2089858483,192608db42251d675da83286b1cce702) (ScriptedImporter) -> (artifact id: '7111faedb82c5b303039151f095c78a7') in 0.1150285 seconds
Number of updated asset objects reloaded before import = 0Number of asset objects unloaded after import = 1

========================================================================
Received Import Request.
  Time since last request: 0.000017 seconds.
  path: Assets/BrokenVector/LowPolyStoragePack/Prefabs/Suitcase_02_Purple.prefab
  artifactKey: Guid(22362e7eebd4876428d832d6aa3e4ecc) Importer(2089858483,192608db42251d675da83286b1cce702)
Start importing Assets/BrokenVector/LowPolyStoragePack/Prefabs/Suitcase_02_Purple.prefab using Guid(22362e7eebd4876428d832d6aa3e4ecc) Importer(2089858483,192608db42251d675da83286b1cce702) (ScriptedImporter) -> (artifact id: 'f7621becd67e3c3cfcf460735c67c6d6') in 0.0722432 seconds
Number of updated asset objects reloaded before import = 0Number of asset objects unloaded after import = 9

========================================================================
Received Import Request.
  Time since last request: 0.000026 seconds.
  path: Assets/Samples/XR Interaction Toolkit/3.3.0/Starter Assets/TunnelingVignette/TunnelingVignette.prefab
  artifactKey: Guid(6c8af5c8012f01440af6cb2bc3eb987c) Importer(2089858483,3d70f49cd1c2eb9ae422958d1c652c6b)
Start importing Assets/Samples/XR Interaction Toolkit/3.3.0/Starter Assets/TunnelingVignette/TunnelingVignette.prefab using Guid(6c8af5c8012f01440af6cb2bc3eb987c) Importer(2089858483,3d70f49cd1c2eb9ae422958d1c652c6b) (ScriptedImporter) -> (artifact id: '9dcede1c6f4b934050feccc75619c4ee') in 0.0450912 seconds
Number of updated asset objects reloaded before import = 0Number of asset objects unloaded after import = 10

========================================================================
Received Import Request.
  Time since last request: 0.000029 seconds.
  path: Assets/BrokenVector/LowPolyStoragePack/Prefabs/Barrel_03_Red.prefab
  artifactKey: Guid(016291d4f25026846b760aa140d85aa1) Importer(2089858483,3d70f49cd1c2eb9ae422958d1c652c6b)
Start importing Assets/BrokenVector/LowPolyStoragePack/Prefabs/Barrel_03_Red.prefab using Guid(016291d4f25026846b760aa140d85aa1) Importer(2089858483,3d70f49cd1c2eb9ae422958d1c652c6b) (ScriptedImporter) -> (artifact id: 'de72be450fb78f8ee54ba36fa8260a9f') in 0.0382789 seconds
Number of updated asset objects reloaded before import = 0Number of asset objects unloaded after import = 9

========================================================================
Received Import Request.
  Time since last request: 0.000023 seconds.
  path: Assets/VRTemplateAssets/Materials/Primitive/Interactables 2.mat
  artifactKey: Guid(b2dbb5f1f2068794eba2d105124bf21e) Importer(2089858483,192608db42251d675da83286b1cce702)
Start importing Assets/VRTemplateAssets/Materials/Primitive/Interactables 2.mat using Guid(b2dbb5f1f2068794eba2d105124bf21e) Importer(2089858483,192608db42251d675da83286b1cce702) (ScriptedImporter) -> (artifact id: '6acabbb4e7d55dafb2235b67cbdb25e6') in 0.1055608 seconds
Number of updated asset objects reloaded before import = 0Number of asset objects unloaded after import = 6

========================================================================
Received Import Request.
  Time since last request: 0.000051 seconds.
  path: Assets/VRTemplateAssets/Materials/Primitive/fabric_Roughness.png
  artifactKey: Guid(319adc7d9f08d654a854fd141a197589) Importer(2089858483,192608db42251d675da83286b1cce702)
Start importing Assets/VRTemplateAssets/Materials/Primitive/fabric_Roughness.png using Guid(319adc7d9f08d654a854fd141a197589) Importer(2089858483,192608db42251d675da83286b1cce702) (ScriptedImporter) -> (artifact id: 'e7f531e8a428f79cddbdab64e27c4747') in 0.1349582 seconds
Number of updated asset objects reloaded before import = 0Number of asset objects unloaded after import = 1

========================================================================
Received Import Request.
  Time since last request: 0.000030 seconds.
  path: Assets/BrokenVector/LowPolyStoragePack/Prefabs/Trashcan_02.prefab
  artifactKey: Guid(0ffd42e52125bc740b173f3df62f1518) Importer(2089858483,192608db42251d675da83286b1cce702)
Start importing Assets/BrokenVector/LowPolyStoragePack/Prefabs/Trashcan_02.prefab using Guid(0ffd42e52125bc740b173f3df62f1518) Importer(2089858483,192608db42251d675da83286b1cce702) (ScriptedImporter) -> (artifact id: '5887870eb0a4b33c7fd8f6e052a16732') in 0.0988007 seconds
Number of updated asset objects reloaded before import = 0Number of asset objects unloaded after import = 9

========================================================================
Received Import Request.
  Time since last request: 0.000018 seconds.
  path: Assets/VRTemplateAssets/Prefabs/Controller/Universal Controller Materials Variant.prefab
  artifactKey: Guid(445f7411c27de9943b49bb5c4ca806ce) Importer(2089858483,192608db42251d675da83286b1cce702)
Start importing Assets/VRTemplateAssets/Prefabs/Controller/Universal Controller Materials Variant.prefab using Guid(445f7411c27de9943b49bb5c4ca806ce) Importer(2089858483,192608db42251d675da83286b1cce702) (ScriptedImporter) -> (artifact id: '859768ec399844298da2790164854ea7') in 0.0974685 seconds
Number of updated asset objects reloaded before import = 0Number of asset objects unloaded after import = 93

========================================================================
Received Import Request.
  Time since last request: 0.000025 seconds.
  path: Assets/VRTemplateAssets/Models/Primitives/Sphere.fbx
  artifactKey: Guid(080ad8ef2223242198a30df487d9bcbb) Importer(2089858483,192608db42251d675da83286b1cce702)
Start importing Assets/VRTemplateAssets/Models/Primitives/Sphere.fbx using Guid(080ad8ef2223242198a30df487d9bcbb) Importer(2089858483,192608db42251d675da83286b1cce702) (ScriptedImporter) -> (artifact id: '480a8df61b9394b723e67b3b12ca420f') in 0.1552138 seconds
Number of updated asset objects reloaded before import = 0Number of asset objects unloaded after import = 8

========================================================================
Received Import Request.
  Time since last request: 0.000033 seconds.
  path: Assets/BrokenVector/LowPolyStoragePack/Prefabs/Bag_01_Green.prefab
  artifactKey: Guid(1de3ed2b342c78d468188c47315371cb) Importer(2089858483,3d70f49cd1c2eb9ae422958d1c652c6b)
Start importing Assets/BrokenVector/LowPolyStoragePack/Prefabs/Bag_01_Green.prefab using Guid(1de3ed2b342c78d468188c47315371cb) Importer(2089858483,3d70f49cd1c2eb9ae422958d1c652c6b) (ScriptedImporter) -> (artifact id: 'd800731fa2e8b2bdfcd1b5b29bec5169') in 0.0563136 seconds
Number of updated asset objects reloaded before import = 0Number of asset objects unloaded after import = 9

========================================================================
Received Import Request.
  Time since last request: 0.000020 seconds.
  path: Assets/VRTemplateAssets/Sprites/Icons/Forward.png
  artifactKey: Guid(a18f69464d4032d41a019152e94f2295) Importer(2089858483,192608db42251d675da83286b1cce702)
Start importing Assets/VRTemplateAssets/Sprites/Icons/Forward.png using Guid(a18f69464d4032d41a019152e94f2295) Importer(2089858483,192608db42251d675da83286b1cce702) (ScriptedImporter) -> (artifact id: '30b496e0a44f36110f29e3b4719ba68c') in 0.1387608 seconds
Number of updated asset objects reloaded before import = 0Number of asset objects unloaded after import = 3

========================================================================
Received Import Request.
  Time since last request: 0.000019 seconds.
  path: Assets/VRTemplateAssets/Prefabs/Interactables/Blaster Variant.prefab
  artifactKey: Guid(ecbf6d1d3a7091b4bbdbc934b3c89fb9) Importer(2089858483,192608db42251d675da83286b1cce702)
Start importing Assets/VRTemplateAssets/Prefabs/Interactables/Blaster Variant.prefab using Guid(ecbf6d1d3a7091b4bbdbc934b3c89fb9) Importer(2089858483,192608db42251d675da83286b1cce702) (ScriptedImporter) -> (artifact id: '8993a9d04ca8578617917ca06bc6db48') in 0.1724005 seconds
Number of updated asset objects reloaded before import = 0Number of asset objects unloaded after import = 59

========================================================================
Received Import Request.
  Time since last request: 0.000024 seconds.
  path: Assets/VRTemplateAssets/Prefabs/Interactables/Sphere Interactable.prefab
  artifactKey: Guid(753505d367f39d04c8ef944e9491a149) Importer(2089858483,192608db42251d675da83286b1cce702)
Start importing Assets/VRTemplateAssets/Prefabs/Interactables/Sphere Interactable.prefab using Guid(753505d367f39d04c8ef944e9491a149) Importer(2089858483,192608db42251d675da83286b1cce702) (ScriptedImporter) -> (artifact id: '5e3071776b772b1e9bc84d431a11a39f') in 0.1113565 seconds
Number of updated asset objects reloaded before import = 0Number of asset objects unloaded after import = 30

========================================================================
Received Import Request.
  Time since last request: 0.000025 seconds.
  path: Assets/VRTemplateAssets/Tutorial/Images/Unity Logo.png
  artifactKey: Guid(af6a62c59f219a6419d0d3a1e6aaa037) Importer(2089858483,192608db42251d675da83286b1cce702)
Start importing Assets/VRTemplateAssets/Tutorial/Images/Unity Logo.png using Guid(af6a62c59f219a6419d0d3a1e6aaa037) Importer(2089858483,192608db42251d675da83286b1cce702) (ScriptedImporter) -> (artifact id: '030fbc1f48a02683dca2d64b1ecf5601') in 0.1152226 seconds
Number of updated asset objects reloaded before import = 0Number of asset objects unloaded after import = 3

========================================================================
Received Import Request.
  Time since last request: 0.000020 seconds.
  path: Assets/VRTemplateAssets/Sprites/Icons/Scroll Left.png
  artifactKey: Guid(3708b1d8e45366b489c18df71670cecd) Importer(2089858483,192608db42251d675da83286b1cce702)
Start importing Assets/VRTemplateAssets/Sprites/Icons/Scroll Left.png using Guid(3708b1d8e45366b489c18df71670cecd) Importer(2089858483,192608db42251d675da83286b1cce702) (ScriptedImporter) -> (artifact id: 'c0b56372a5b555590bb9261378d765ec') in 0.0986063 seconds
Number of updated asset objects reloaded before import = 0Number of asset objects unloaded after import = 3

========================================================================
Received Import Request.
  Time since last request: 0.000036 seconds.
  path: Assets/BrokenVector/LowPolyStoragePack/Prefabs/Basket_01.prefab
  artifactKey: Guid(e331e7340eca68541a71e53e5f80b86a) Importer(815301076,1909f56bfc062723c751e8b465ee728b)
Start importing Assets/BrokenVector/LowPolyStoragePack/Prefabs/Basket_01.prefab using Guid(e331e7340eca68541a71e53e5f80b86a) Importer(815301076,1909f56bfc062723c751e8b465ee728b) (PreviewImporter) -> (artifact id: '328fe86940eac98c582baf6cf1c91494') in 0.8067518 seconds
Number of updated asset objects reloaded before import = 0Number of asset objects unloaded after import = 10

========================================================================
Received Import Request.
  Time since last request: 0.000079 seconds.
  path: Assets/Samples/XR Interaction Toolkit/3.3.0/Hands Interaction Demo/Prefabs/HandMenuRig.prefab
  artifactKey: Guid(58011bca9681c484080084eccc4cb150) Importer(2089858483,192608db42251d675da83286b1cce702)
Start importing Assets/Samples/XR Interaction Toolkit/3.3.0/Hands Interaction Demo/Prefabs/HandMenuRig.prefab using Guid(58011bca9681c484080084eccc4cb150) Importer(2089858483,192608db42251d675da83286b1cce702) (ScriptedImporter) -> (artifact id: '6dd23ecaa44bbbc746a1b459d7bde0f4') in 0.0911123 seconds
Number of updated asset objects reloaded before import = 0Number of asset objects unloaded after import = 22

========================================================================
Received Import Request.
  Time since last request: 0.000049 seconds.
  path: Assets/VRTemplateAssets/Sprites/UI/Joystick BG.png
  artifactKey: Guid(9fe4f9eb838ecb4419917ae68007ca2d) Importer(2089858483,192608db42251d675da83286b1cce702)
Start importing Assets/VRTemplateAssets/Sprites/UI/Joystick BG.png using Guid(9fe4f9eb838ecb4419917ae68007ca2d) Importer(2089858483,192608db42251d675da83286b1cce702) (ScriptedImporter) -> (artifact id: 'd93c2b07df725f2e2e6bb9891cb833af') in 0.1157557 seconds
Number of updated asset objects reloaded before import = 0Number of asset objects unloaded after import = 3

========================================================================
Received Import Request.
  Time since last request: 0.000028 seconds.
  path: Assets/Samples/XR Interaction Toolkit/3.3.0/Starter Assets/Models/Reticle_Torus.fbx
  artifactKey: Guid(be2911572dc3afa448d24b4e97edc5f1) Importer(2089858483,192608db42251d675da83286b1cce702)
Start importing Assets/Samples/XR Interaction Toolkit/3.3.0/Starter Assets/Models/Reticle_Torus.fbx using Guid(be2911572dc3afa448d24b4e97edc5f1) Importer(2089858483,192608db42251d675da83286b1cce702) (ScriptedImporter) -> (artifact id: '947af462f9faf3faf53be22498cec986') in 0.0807044 seconds
Number of updated asset objects reloaded before import = 0Number of asset objects unloaded after import = 8

========================================================================
Received Import Request.
  Time since last request: 0.000031 seconds.
  path: Assets/Samples/XR Interaction Toolkit/3.3.0/Starter Assets/AffordanceThemes/HighlightInteractionColor.asset
  artifactKey: Guid(8b0b5aede76faac438e02d2a468f4805) Importer(2089858483,192608db42251d675da83286b1cce702)
Start importing Assets/Samples/XR Interaction Toolkit/3.3.0/Starter Assets/AffordanceThemes/HighlightInteractionColor.asset using Guid(8b0b5aede76faac438e02d2a468f4805) Importer(2089858483,192608db42251d675da83286b1cce702) (ScriptedImporter) -> (artifact id: '12066b30267ca85e3b41ac535080e810') in 0.04193 seconds
Number of updated asset objects reloaded before import = 0Number of asset objects unloaded after import = 1

========================================================================
Received Import Request.
  Time since last request: 0.000043 seconds.
  path: Assets/Samples/XR Interaction Toolkit/3.3.0/Starter Assets/AffordanceThemes/HighlightStrengthInteraction.asset
  artifactKey: Guid(795305341a8dbbd46ae54e9a01d6ea95) Importer(2089858483,192608db42251d675da83286b1cce702)
Start importing Assets/Samples/XR Interaction Toolkit/3.3.0/Starter Assets/AffordanceThemes/HighlightStrengthInteraction.asset using Guid(795305341a8dbbd46ae54e9a01d6ea95) Importer(2089858483,192608db42251d675da83286b1cce702) (ScriptedImporter) -> (artifact id: '8c5d55e422c3759854c616880d9ee91b') in 0.0815561 seconds
Number of updated asset objects reloaded before import = 0Number of asset objects unloaded after import = 1

========================================================================
Received Import Request.
  Time since last request: 0.000065 seconds.
  path: Assets/Samples/XR Interaction Toolkit/3.3.0/Starter Assets/Shaders/BiRP_Fresnel.shader
  artifactKey: Guid(b24c216c4acb0094c892a61dfbbb76b4) Importer(2089858483,192608db42251d675da83286b1cce702)
Start importing Assets/Samples/XR Interaction Toolkit/3.3.0/Starter Assets/Shaders/BiRP_Fresnel.shader using Guid(b24c216c4acb0094c892a61dfbbb76b4) Importer(2089858483,192608db42251d675da83286b1cce702) (ScriptedImporter) -> (artifact id: '155b3a0ef80774fc2dc0cc43513b35b8') in 0.1361443 seconds
Number of updated asset objects reloaded before import = 0Number of asset objects unloaded after import = 1

========================================================================
Received Import Request.
  Time since last request: 0.000033 seconds.
  path: Assets/Samples/XR Interaction Toolkit/3.3.0/Starter Assets/Scripts/ToggleComponentZone.cs
  artifactKey: Guid(5fe39fdeebcc91a45919bfcb77ef6eb4) Importer(2089858483,192608db42251d675da83286b1cce702)
Start importing Assets/Samples/XR Interaction Toolkit/3.3.0/Starter Assets/Scripts/ToggleComponentZone.cs using Guid(5fe39fdeebcc91a45919bfcb77ef6eb4) Importer(2089858483,192608db42251d675da83286b1cce702) (ScriptedImporter) -> (artifact id: 'de7e8770d2c0fb030e08c645e93a920e') in 0.0904738 seconds
Number of updated asset objects reloaded before import = 0Number of asset objects unloaded after import = 0

========================================================================
Received Import Request.
  Time since last request: 0.000030 seconds.
  path: Assets/Samples/XR Interaction Toolkit/3.3.0/Starter Assets/Scripts/ObjectSpawner.cs
  artifactKey: Guid(956dd6cf70eaca449a45b6a95b96c8c1) Importer(2089858483,192608db42251d675da83286b1cce702)
Start importing Assets/Samples/XR Interaction Toolkit/3.3.0/Starter Assets/Scripts/ObjectSpawner.cs using Guid(956dd6cf70eaca449a45b6a95b96c8c1) Importer(2089858483,192608db42251d675da83286b1cce702) (ScriptedImporter) -> (artifact id: '310e65711cfff6b2af6a5a21220b2fcf') in 0.0522952 seconds
Number of updated asset objects reloaded before import = 0Number of asset objects unloaded after import = 0

========================================================================
Received Import Request.
  Time since last request: 0.000032 seconds.
  path: Assets/BrokenVector/LowPolyStoragePack/Prefabs/Suitcase_01_Green.prefab
  artifactKey: Guid(cc206acf3c629e549a79e89b26695245) Importer(2089858483,3d70f49cd1c2eb9ae422958d1c652c6b)
Start importing Assets/BrokenVector/LowPolyStoragePack/Prefabs/Suitcase_01_Green.prefab using Guid(cc206acf3c629e549a79e89b26695245) Importer(2089858483,3d70f49cd1c2eb9ae422958d1c652c6b) (ScriptedImporter) -> (artifact id: '0482e458db4d1ff1fd3c91e2e87abbaf') in 0.0256469 seconds
Number of updated asset objects reloaded before import = 0Number of asset objects unloaded after import = 9

========================================================================
Received Import Request.
  Time since last request: 0.000026 seconds.
  path: Assets/Samples/XR Interaction Toolkit/3.3.0/Hands Interaction Demo/HandsDemoSceneAssets/Affordances/CapsuleScale.asset
  artifactKey: Guid(e5acc2ade2588d44fb53e968cd702099) Importer(2089858483,192608db42251d675da83286b1cce702)
Start importing Assets/Samples/XR Interaction Toolkit/3.3.0/Hands Interaction Demo/HandsDemoSceneAssets/Affordances/CapsuleScale.asset using Guid(e5acc2ade2588d44fb53e968cd702099) Importer(2089858483,192608db42251d675da83286b1cce702) (ScriptedImporter) -> (artifact id: '000477a410dc4418c20cc4af20231e49') in 0.1256188 seconds
Number of updated asset objects reloaded before import = 0Number of asset objects unloaded after import = 1

========================================================================
Received Import Request.
  Time since last request: 0.000035 seconds.
  path: Assets/Samples/XR Interaction Toolkit/3.3.0/Hands Interaction Demo/HandsDemoSceneAssets/Audio/ButtonClick.wav
  artifactKey: Guid(eeeda5dce5e1d344f8e2f6195f16cb38) Importer(2089858483,192608db42251d675da83286b1cce702)
Start importing Assets/Samples/XR Interaction Toolkit/3.3.0/Hands Interaction Demo/HandsDemoSceneAssets/Audio/ButtonClick.wav using Guid(eeeda5dce5e1d344f8e2f6195f16cb38) Importer(2089858483,192608db42251d675da83286b1cce702) (ScriptedImporter) -> (artifact id: '813b588e7712b8f529179ccf8b3b7a3c') in 0.1225009 seconds
Number of updated asset objects reloaded before import = 0Number of asset objects unloaded after import = 1

========================================================================
Received Import Request.
  Time since last request: 0.000043 seconds.
  path: Assets/Samples/XR Interaction Toolkit/3.3.0/Starter Assets/TunnelingVignette/TunnelingVignette.shader
  artifactKey: Guid(e51b4af1e50be764e8de46e07d4e3f3f) Importer(2089858483,192608db42251d675da83286b1cce702)
Start importing Assets/Samples/XR Interaction Toolkit/3.3.0/Starter Assets/TunnelingVignette/TunnelingVignette.shader using Guid(e51b4af1e50be764e8de46e07d4e3f3f) Importer(2089858483,192608db42251d675da83286b1cce702) (ScriptedImporter) -> (artifact id: '25c2ade3b43ede66cb6b137c37e8c462') in 0.284718 seconds
Number of updated asset objects reloaded before import = 0Number of asset objects unloaded after import = 1

========================================================================
Received Import Request.
  Time since last request: 0.000034 seconds.
  path: Assets/Samples/XR Interaction Toolkit/3.3.0/Starter Assets/DemoSceneAssets/Prefabs/GazeActivationZone.prefab
  artifactKey: Guid(4f7b6e4d9c721834e97d07d4cd95bf74) Importer(2089858483,192608db42251d675da83286b1cce702)
Start importing Assets/Samples/XR Interaction Toolkit/3.3.0/Starter Assets/DemoSceneAssets/Prefabs/GazeActivationZone.prefab using Guid(4f7b6e4d9c721834e97d07d4cd95bf74) Importer(2089858483,192608db42251d675da83286b1cce702) (ScriptedImporter) -> (artifact id: '96a005fea0a960d21734aff417cbebfe') in 0.0788202 seconds
Number of updated asset objects reloaded before import = 0Number of asset objects unloaded after import = 6

========================================================================
Received Import Request.
  Time since last request: 0.000050 seconds.
  path: Assets/Samples/XR Interaction Toolkit/3.3.0/Hands Interaction Demo/Shaders/Subgraphs/FadeFromCenterNoise.shadersubgraph
  artifactKey: Guid(d76b454bee8e3db44acf749b2f4ac142) Importer(2089858483,192608db42251d675da83286b1cce702)
Start importing Assets/Samples/XR Interaction Toolkit/3.3.0/Hands Interaction Demo/Shaders/Subgraphs/FadeFromCenterNoise.shadersubgraph using Guid(d76b454bee8e3db44acf749b2f4ac142) Importer(2089858483,192608db42251d675da83286b1cce702) (ScriptedImporter) -> (artifact id: '81b7ed84f0e6f946171196e0dea1db6c') in 0.0475323 seconds
Number of updated asset objects reloaded before import = 0Number of asset objects unloaded after import = 1

========================================================================
Received Import Request.
  Time since last request: 0.000029 seconds.
  path: Assets/VRTemplateAssets/Prefabs/Affordance/Affordance Callout.prefab
  artifactKey: Guid(048249d9a15aa3c459399751e860bde7) Importer(2089858483,3d70f49cd1c2eb9ae422958d1c652c6b)
Start importing Assets/VRTemplateAssets/Prefabs/Affordance/Affordance Callout.prefab using Guid(048249d9a15aa3c459399751e860bde7) Importer(2089858483,3d70f49cd1c2eb9ae422958d1c652c6b) (ScriptedImporter)The method get_fontSharedMaterials was not found on Tooltip Text. This property will not be indexed.
UnityEngine.Debug:ExtractStackTraceNoAlloc (byte*,int,string)
UnityEngine.StackTraceUtility:ExtractStackTrace ()
UnityEngine.DebugLogHandler:Internal_Log (UnityEngine.LogType,UnityEngine.LogOption,string,UnityEngine.Object)
UnityEngine.DebugLogHandler:LogFormat (UnityEngine.LogType,UnityEngine.Object,string,object[])
UnityEngine.Logger:Log (UnityEngine.LogType,object)
UnityEngine.Debug:LogWarning (object)
UnityEditor.Rendering.Universal.MaterialReferenceBuilder:GetMaterialFromMethod (System.Reflection.MethodInfo,UnityEngine.Object,System.Func`3<string, string, string>) (at ./Library/PackageCache/com.unity.render-pipelines.universal@2a2241f53fcd/Editor/Converter/MaterialReferenceBuilder.cs:133)
UnityEditor.Rendering.Universal.ConversionIndexers:ConversionIndexer (UnityEditor.Search.CustomObjectIndexerTarget,UnityEditor.Search.ObjectIndexer) (at ./Library/PackageCache/com.unity.render-pipelines.universal@2a2241f53fcd/Editor/Converter/ConversionIndexers.cs:21)
UnityEditor.Search.ObjectIndexer:CallCustomIndexers (string,int,UnityEngine.Object,UnityEditor.SerializedObject,bool)
UnityEditor.Search.ObjectIndexer:IndexCustomProperties (string,int,UnityEngine.Object)
UnityEditor.Search.AssetIndexer:IndexCustomGameObjectProperties (string,int,UnityEngine.GameObject)
UnityEditor.Search.AssetIndexer:IndexObjects (UnityEngine.GameObject[],string,string,string,bool)
UnityEditor.Search.AssetIndexer:IndexPrefab (string,bool)
UnityEditor.Search.AssetIndexer:IndexSceneDocument (string,bool)
UnityEditor.Search.AssetIndexer:IndexDocument (string,bool)
UnityEditor.Search.SearchIndexEntryImporter:OnImportAsset (UnityEditor.AssetImporters.AssetImportContext)
UnityEditor.AssetImporters.ScriptedImporter:GenerateAssetData (UnityEditor.AssetImporters.AssetImportContext)

(Filename: ./Library/PackageCache/com.unity.render-pipelines.universal@2a2241f53fcd/Editor/Converter/MaterialReferenceBuilder.cs Line: 133)

 -> (artifact id: 'be492d5542bc9a3554206ded39d3836c') in 0.1331645 seconds
Number of updated asset objects reloaded before import = 0Number of asset objects unloaded after import = 49

========================================================================
Received Import Request.
  Time since last request: 0.000024 seconds.
  path: Assets/Samples/XR Interaction Toolkit/3.3.0/Starter Assets/DemoSceneAssets/Textures/Concrete_Normal.tif
  artifactKey: Guid(cdebec39dbf81a14688e1de8d12897b4) Importer(2089858483,192608db42251d675da83286b1cce702)
Start importing Assets/Samples/XR Interaction Toolkit/3.3.0/Starter Assets/DemoSceneAssets/Textures/Concrete_Normal.tif using Guid(cdebec39dbf81a14688e1de8d12897b4) Importer(2089858483,192608db42251d675da83286b1cce702) (ScriptedImporter) -> (artifact id: '326c0fa5f864fe24e6806921b87ce7e0') in 0.1192028 seconds
Number of updated asset objects reloaded before import = 0Number of asset objects unloaded after import = 1

========================================================================
Received Import Request.
  Time since last request: 0.000050 seconds.
  path: Assets/Samples/XR Interaction Toolkit/3.3.0/Starter Assets/DemoSceneAssets/Sprites/Circle_60x60 Outline 4.png
  artifactKey: Guid(2f8349570a152884fb6cf7ebdc8c18b3) Importer(2089858483,192608db42251d675da83286b1cce702)
Start importing Assets/Samples/XR Interaction Toolkit/3.3.0/Starter Assets/DemoSceneAssets/Sprites/Circle_60x60 Outline 4.png using Guid(2f8349570a152884fb6cf7ebdc8c18b3) Importer(2089858483,192608db42251d675da83286b1cce702) (ScriptedImporter) -> (artifact id: 'de737659198abe675cfcb7c9972842d9') in 0.040082 seconds
Number of updated asset objects reloaded before import = 0Number of asset objects unloaded after import = 3

========================================================================
Received Import Request.
  Time since last request: 0.000029 seconds.
  path: Assets/Samples/XR Interaction Toolkit/3.3.0/Starter Assets/Prefabs/Controllers/XR Controller Right.prefab
  artifactKey: Guid(9f3369e30fbd31f4bb596b1a99babe83) Importer(2089858483,192608db42251d675da83286b1cce702)
Start importing Assets/Samples/XR Interaction Toolkit/3.3.0/Starter Assets/Prefabs/Controllers/XR Controller Right.prefab using Guid(9f3369e30fbd31f4bb596b1a99babe83) Importer(2089858483,192608db42251d675da83286b1cce702) (ScriptedImporter) -> (artifact id: '05e5b5c2a9abd791fa44e7b02240aeca') in 2.2277233 seconds
Number of updated asset objects reloaded before import = 0Number of asset objects unloaded after import = 59

========================================================================
Received Import Request.
  Time since last request: 165.370752 seconds.
  path: Assets/Samples/XR Interaction Toolkit/3.3.0/Starter Assets/DemoSceneAssets/Prefabs/UI/Interactive Controls.prefab
  artifactKey: Guid(7bbb1960bab3e75459304488d8d1ffba) Importer(2089858483,192608db42251d675da83286b1cce702)
Start importing Assets/Samples/XR Interaction Toolkit/3.3.0/Starter Assets/DemoSceneAssets/Prefabs/UI/Interactive Controls.prefab using Guid(7bbb1960bab3e75459304488d8d1ffba) Importer(2089858483,192608db42251d675da83286b1cce702) (ScriptedImporter) -> (artifact id: '80e11cdec015d046df6fd4ba82484af2') in 0.0704868 seconds
Number of updated asset objects reloaded before import = 0Number of asset objects unloaded after import = 198

========================================================================
Received Import Request.
  Time since last request: 0.000122 seconds.
  path: Assets/Settings/Project Configuration/SampleScene.scenetemplate
  artifactKey: Guid(e88974e7ea90fb046bb078f12073588b) Importer(2089858483,192608db42251d675da83286b1cce702)
Start importing Assets/Settings/Project Configuration/SampleScene.scenetemplate using Guid(e88974e7ea90fb046bb078f12073588b) Importer(2089858483,192608db42251d675da83286b1cce702) (ScriptedImporter)LightingSettings: switching bake backend from 1 to 2.
 -> (artifact id: 'd1868b9b46a3dde826720edea2ebcae0') in 0.354014 seconds
Number of updated asset objects reloaded before import = 0Number of asset objects unloaded after import = 4501

========================================================================
Received Import Request.
  Time since last request: 0.000046 seconds.
  path: Assets/Samples/XR Hands/1.7.1/HandVisualizer/Prefabs/VelocityPrefab.prefab
  artifactKey: Guid(629fd7882ec6bfc499a5fcf20035282b) Importer(2089858483,192608db42251d675da83286b1cce702)
Start importing Assets/Samples/XR Hands/1.7.1/HandVisualizer/Prefabs/VelocityPrefab.prefab using Guid(629fd7882ec6bfc499a5fcf20035282b) Importer(2089858483,192608db42251d675da83286b1cce702) (ScriptedImporter) -> (artifact id: '092039d847c049840a2ecdc04a5f70b6') in 0.030461 seconds
Number of updated asset objects reloaded before import = 0Number of asset objects unloaded after import = 5

========================================================================
Received Import Request.
  Time since last request: 0.000028 seconds.
  path: Assets/Samples/XR Interaction Toolkit/3.3.0/Starter Assets/DemoSceneAssets/Prefabs/Climb/ClimbTeleportReticle.prefab
  artifactKey: Guid(6eb816e9b7ce30f4cadff3d4ad7ad10c) Importer(2089858483,192608db42251d675da83286b1cce702)
Start importing Assets/Samples/XR Interaction Toolkit/3.3.0/Starter Assets/DemoSceneAssets/Prefabs/Climb/ClimbTeleportReticle.prefab using Guid(6eb816e9b7ce30f4cadff3d4ad7ad10c) Importer(2089858483,192608db42251d675da83286b1cce702) (ScriptedImporter) -> (artifact id: 'da9bbdac7bdb15d79173882568a638c8') in 0.0304267 seconds
Number of updated asset objects reloaded before import = 0Number of asset objects unloaded after import = 40

========================================================================
Received Import Request.
  Time since last request: 0.000027 seconds.
  path: Assets/Samples/XR Interaction Toolkit/3.3.0/Hands Interaction Demo/HandsDemoSceneAssets/Prefabs/UI/TouchPadButton.prefab
  artifactKey: Guid(b0c78422845bac948a9080175e57ffff) Importer(2089858483,192608db42251d675da83286b1cce702)
Start importing Assets/Samples/XR Interaction Toolkit/3.3.0/Hands Interaction Demo/HandsDemoSceneAssets/Prefabs/UI/TouchPadButton.prefab using Guid(b0c78422845bac948a9080175e57ffff) Importer(2089858483,192608db42251d675da83286b1cce702) (ScriptedImporter) -> (artifact id: '16cd6a8a41f994a21410368aec92da9f') in 0.0568935 seconds
Number of updated asset objects reloaded before import = 0Number of asset objects unloaded after import = 24

========================================================================
Received Import Request.
  Time since last request: 0.000047 seconds.
  path: Assets/Samples/XR Interaction Toolkit/3.3.0/Starter Assets/DemoSceneAssets/Prefabs/UI/ModalSingleButton.prefab
  artifactKey: Guid(c24a7635b5761984d81cf6c4aac26e0d) Importer(2089858483,192608db42251d675da83286b1cce702)
Start importing Assets/Samples/XR Interaction Toolkit/3.3.0/Starter Assets/DemoSceneAssets/Prefabs/UI/ModalSingleButton.prefab using Guid(c24a7635b5761984d81cf6c4aac26e0d) Importer(2089858483,192608db42251d675da83286b1cce702) (ScriptedImporter) -> (artifact id: '0c068038760b0f277f04891ab77628be') in 0.0347676 seconds
Number of updated asset objects reloaded before import = 0Number of asset objects unloaded after import = 40

========================================================================
Received Import Request.
  Time since last request: 0.000035 seconds.
  path: Assets/Samples/XR Interaction Toolkit/3.3.0/Hands Interaction Demo/HandsDemoSceneAssets/Prefabs/UI/ScrollHandMenu.prefab
  artifactKey: Guid(30194602712a0eb4980318e2379d1bb8) Importer(2089858483,192608db42251d675da83286b1cce702)
Start importing Assets/Samples/XR Interaction Toolkit/3.3.0/Hands Interaction Demo/HandsDemoSceneAssets/Prefabs/UI/ScrollHandMenu.prefab using Guid(30194602712a0eb4980318e2379d1bb8) Importer(2089858483,192608db42251d675da83286b1cce702) (ScriptedImporter) -> (artifact id: '60c6740d3456349b3a03b4a3816e008f') in 0.0452466 seconds
Number of updated asset objects reloaded before import = 0Number of asset objects unloaded after import = 243

========================================================================
Received Import Request.
  Time since last request: 0.000026 seconds.
  path: Assets/Samples/XR Interaction Toolkit/3.3.0/Starter Assets/DemoSceneAssets/Prefabs/UI Sample.prefab
  artifactKey: Guid(fd28f23af44f73f4a95e33435872ad15) Importer(2089858483,192608db42251d675da83286b1cce702)
Start importing Assets/Samples/XR Interaction Toolkit/3.3.0/Starter Assets/DemoSceneAssets/Prefabs/UI Sample.prefab using Guid(fd28f23af44f73f4a95e33435872ad15) Importer(2089858483,192608db42251d675da83286b1cce702) (ScriptedImporter) -> (artifact id: '512c93e15d3ea009adc0c0f86f4b327b') in 0.0366145 seconds
Number of updated asset objects reloaded before import = 0Number of asset objects unloaded after import = 309

========================================================================
Received Import Request.
  Time since last request: 0.000041 seconds.
  path: Assets/Samples/XR Interaction Toolkit/3.3.0/Starter Assets/Prefabs/Interactors/Left_NearFarInteractor.prefab
  artifactKey: Guid(3df3e1220f2164f448701a6de8084f92) Importer(2089858483,192608db42251d675da83286b1cce702)
Start importing Assets/Samples/XR Interaction Toolkit/3.3.0/Starter Assets/Prefabs/Interactors/Left_NearFarInteractor.prefab using Guid(3df3e1220f2164f448701a6de8084f92) Importer(2089858483,192608db42251d675da83286b1cce702) (ScriptedImporter) -> (artifact id: '6485864637b7a17967becf7ab322dba8') in 0.0914892 seconds
Number of updated asset objects reloaded before import = 0Number of asset objects unloaded after import = 24

========================================================================
Received Import Request.
  Time since last request: 0.000027 seconds.
  path: Assets/Samples/XR Interaction Toolkit/3.3.0/Starter Assets/DemoSceneAssets/Prefabs/UI/TextButton.prefab
  artifactKey: Guid(e5db301629853dd4a99835fa70099d79) Importer(2089858483,192608db42251d675da83286b1cce702)
Start importing Assets/Samples/XR Interaction Toolkit/3.3.0/Starter Assets/DemoSceneAssets/Prefabs/UI/TextButton.prefab using Guid(e5db301629853dd4a99835fa70099d79) Importer(2089858483,192608db42251d675da83286b1cce702) (ScriptedImporter) -> (artifact id: '030afe7c4254bac3de57d0790287ff7c') in 0.0494719 seconds
Number of updated asset objects reloaded before import = 0Number of asset objects unloaded after import = 24

========================================================================
Received Import Request.
  Time since last request: 0.000040 seconds.
  path: Assets/VRTemplateAssets/Prefabs/UI/List Item Toggle.prefab
  artifactKey: Guid(e1f0d4bc2d67ddb4295e73f51f3ca4f7) Importer(2089858483,192608db42251d675da83286b1cce702)
Start importing Assets/VRTemplateAssets/Prefabs/UI/List Item Toggle.prefab using Guid(e1f0d4bc2d67ddb4295e73f51f3ca4f7) Importer(2089858483,192608db42251d675da83286b1cce702) (ScriptedImporter) -> (artifact id: '67ab097bea66ae0f2256b089a2d85052') in 0.0423475 seconds
Number of updated asset objects reloaded before import = 0Number of asset objects unloaded after import = 39

========================================================================
Received Import Request.
  Time since last request: 0.000024 seconds.
  path: Assets/Samples/XR Interaction Toolkit/3.3.0/Starter Assets/DemoSceneAssets/Prefabs/UI/MinMaxSlider.prefab
  artifactKey: Guid(657321a07c3561043af55547ec4b0ed7) Importer(2089858483,192608db42251d675da83286b1cce702)
Start importing Assets/Samples/XR Interaction Toolkit/3.3.0/Starter Assets/DemoSceneAssets/Prefabs/UI/MinMaxSlider.prefab using Guid(657321a07c3561043af55547ec4b0ed7) Importer(2089858483,192608db42251d675da83286b1cce702) (ScriptedImporter) -> (artifact id: '7bc6d8a59ce8920fb9e67b62798a8276') in 0.0281593 seconds
Number of updated asset objects reloaded before import = 0Number of asset objects unloaded after import = 26

========================================================================
Received Import Request.
  Time since last request: 0.000029 seconds.
  path: Assets/Samples/XR Interaction Toolkit/3.3.0/Hands Interaction Demo/HandsDemoSceneAssets/Prefabs/TableHandle.prefab
  artifactKey: Guid(ed5fdb8d3e523e94ca6d8a239d40615a) Importer(2089858483,192608db42251d675da83286b1cce702)
Start importing Assets/Samples/XR Interaction Toolkit/3.3.0/Hands Interaction Demo/HandsDemoSceneAssets/Prefabs/TableHandle.prefab using Guid(ed5fdb8d3e523e94ca6d8a239d40615a) Importer(2089858483,192608db42251d675da83286b1cce702) (ScriptedImporter) -> (artifact id: 'a9f09e3f9a18c076c55b50003c57b01f') in 0.0477593 seconds
Number of updated asset objects reloaded before import = 0Number of asset objects unloaded after import = 45

========================================================================
Received Import Request.
  Time since last request: 0.000029 seconds.
  path: Assets/VRTemplateAssets/Prefabs/Teleport/Teleport Anchor.prefab
  artifactKey: Guid(c4a645c929982ea41a52b5037ee7d94d) Importer(2089858483,192608db42251d675da83286b1cce702)
Start importing Assets/VRTemplateAssets/Prefabs/Teleport/Teleport Anchor.prefab using Guid(c4a645c929982ea41a52b5037ee7d94d) Importer(2089858483,192608db42251d675da83286b1cce702) (ScriptedImporter) -> (artifact id: '8f6ccb3464f1003b37edc1bc95bff0a7') in 0.0511632 seconds
Number of updated asset objects reloaded before import = 0Number of asset objects unloaded after import = 61

========================================================================
Received Import Request.
  Time since last request: 0.000044 seconds.
  path: Assets/Samples/XR Interaction Toolkit/3.3.0/Hands Interaction Demo/HandsDemoSceneAssets/Prefabs/UI/ButtonHandMenu.prefab
  artifactKey: Guid(e2698219e3231e94c8765d49b9dd5cff) Importer(2089858483,192608db42251d675da83286b1cce702)
Start importing Assets/Samples/XR Interaction Toolkit/3.3.0/Hands Interaction Demo/HandsDemoSceneAssets/Prefabs/UI/ButtonHandMenu.prefab using Guid(e2698219e3231e94c8765d49b9dd5cff) Importer(2089858483,192608db42251d675da83286b1cce702) (ScriptedImporter) -> (artifact id: '460febaa5b142aae28ce820626aeef7e') in 0.043297 seconds
Number of updated asset objects reloaded before import = 0Number of asset objects unloaded after import = 272

========================================================================
Received Import Request.
  Time since last request: 0.000038 seconds.
  path: Assets/Samples/XR Interaction Toolkit/3.3.0/Starter Assets/Prefabs/Interactors/Ray Interactor.prefab
  artifactKey: Guid(ad818c36731146e994540a1896ad8f24) Importer(2089858483,192608db42251d675da83286b1cce702)
Start importing Assets/Samples/XR Interaction Toolkit/3.3.0/Starter Assets/Prefabs/Interactors/Ray Interactor.prefab using Guid(ad818c36731146e994540a1896ad8f24) Importer(2089858483,192608db42251d675da83286b1cce702) (ScriptedImporter) -> (artifact id: '8c1bf4dfa1ef28b88fe9cf39bf86afa7') in 0.103708 seconds
Number of updated asset objects reloaded before import = 0Number of asset objects unloaded after import = 10

========================================================================
Received Import Request.
  Time since last request: 0.000029 seconds.
  path: Assets/Samples/XR Interaction Toolkit/3.3.0/Starter Assets/DemoSceneAssets/Prefabs/Far Grab Samples.prefab
  artifactKey: Guid(f5ee409d69254d64da7a3b74d31a5a40) Importer(2089858483,192608db42251d675da83286b1cce702)
Start importing Assets/Samples/XR Interaction Toolkit/3.3.0/Starter Assets/DemoSceneAssets/Prefabs/Far Grab Samples.prefab using Guid(f5ee409d69254d64da7a3b74d31a5a40) Importer(2089858483,192608db42251d675da83286b1cce702) (ScriptedImporter) -> (artifact id: '3da795dbfb9f53748e5157506a06ed89') in 0.0319787 seconds
Number of updated asset objects reloaded before import = 0Number of asset objects unloaded after import = 84

========================================================================
Received Import Request.
  Time since last request: 0.000052 seconds.
  path: Assets/Samples/XR Interaction Toolkit/3.3.0/Starter Assets/DemoSceneAssets/Prefabs/Interactables/Blaser-Long.prefab
  artifactKey: Guid(fe7fcf44eedd467489de26ce92577bc3) Importer(2089858483,192608db42251d675da83286b1cce702)
Start importing Assets/Samples/XR Interaction Toolkit/3.3.0/Starter Assets/DemoSceneAssets/Prefabs/Interactables/Blaser-Long.prefab using Guid(fe7fcf44eedd467489de26ce92577bc3) Importer(2089858483,192608db42251d675da83286b1cce702) (ScriptedImporter) -> (artifact id: '96ec27af1b73df0836a40c22af6cffdb') in 0.0400511 seconds
Number of updated asset objects reloaded before import = 0Number of asset objects unloaded after import = 35

========================================================================
Received Import Request.
  Time since last request: 0.000030 seconds.
  path: Assets/Samples/XR Interaction Toolkit/3.3.0/Starter Assets/DemoSceneAssets/Prefabs/Poke Interactions Sample.prefab
  artifactKey: Guid(88246f8e9c3765d49be8da34eca3c630) Importer(2089858483,192608db42251d675da83286b1cce702)
Start importing Assets/Samples/XR Interaction Toolkit/3.3.0/Starter Assets/DemoSceneAssets/Prefabs/Poke Interactions Sample.prefab using Guid(88246f8e9c3765d49be8da34eca3c630) Importer(2089858483,192608db42251d675da83286b1cce702) (ScriptedImporter) -> (artifact id: '805200e7136ad0fa830ac0b2ab3d8219') in 0.0407554 seconds
Number of updated asset objects reloaded before import = 0Number of asset objects unloaded after import = 108

========================================================================
Received Import Request.
  Time since last request: 0.000034 seconds.
  path: Assets/Samples/XR Interaction Toolkit/3.3.0/Starter Assets/DemoSceneAssets/Prefabs/UI/Icon Toggle.prefab
  artifactKey: Guid(541ed11e270c6994ca5910042c7e04da) Importer(2089858483,192608db42251d675da83286b1cce702)
Start importing Assets/Samples/XR Interaction Toolkit/3.3.0/Starter Assets/DemoSceneAssets/Prefabs/UI/Icon Toggle.prefab using Guid(541ed11e270c6994ca5910042c7e04da) Importer(2089858483,192608db42251d675da83286b1cce702) (ScriptedImporter) -> (artifact id: 'ac7877beae5ea6f983fa0bb245cd27b3') in 0.0518162 seconds
Number of updated asset objects reloaded before import = 0Number of asset objects unloaded after import = 21

========================================================================
Received Import Request.
  Time since last request: 0.000035 seconds.
  path: Assets/Samples/XR Interaction Toolkit/3.3.0/Starter Assets/DemoScene.unity
  artifactKey: Guid(319dafa5c80f29f428dc1e0d03f04177) Importer(2089858483,192608db42251d675da83286b1cce702)
Start importing Assets/Samples/XR Interaction Toolkit/3.3.0/Starter Assets/DemoScene.unity using Guid(319dafa5c80f29f428dc1e0d03f04177) Importer(2089858483,192608db42251d675da83286b1cce702) (ScriptedImporter) -> (artifact id: '65c699373d6115823b7388ce9ab30750') in 0.0301018 seconds
Number of updated asset objects reloaded before import = 0Number of asset objects unloaded after import = 1

========================================================================
Received Import Request.
  Time since last request: 0.000045 seconds.
  path: Assets/VRTemplateAssets/Prefabs/Setup/Affordance Callouts Left.prefab
  artifactKey: Guid(aa788f58037d03649911102b0771966e) Importer(2089858483,192608db42251d675da83286b1cce702)
Start importing Assets/VRTemplateAssets/Prefabs/Setup/Affordance Callouts Left.prefab using Guid(aa788f58037d03649911102b0771966e) Importer(2089858483,192608db42251d675da83286b1cce702) (ScriptedImporter) -> (artifact id: '5d7d01a9ce0cddb13648f167203cfc8e') in 0.0513042 seconds
Number of updated asset objects reloaded before import = 0Number of asset objects unloaded after import = 190

========================================================================
Received Import Request.
  Time since last request: 0.000027 seconds.
  path: Assets/Samples/XR Hands/1.7.1/HandVisualizer/Prefabs/Joint.prefab
  artifactKey: Guid(254b742d65a15d14b9df756ae77de868) Importer(2089858483,192608db42251d675da83286b1cce702)
Start importing Assets/Samples/XR Hands/1.7.1/HandVisualizer/Prefabs/Joint.prefab using Guid(254b742d65a15d14b9df756ae77de868) Importer(2089858483,192608db42251d675da83286b1cce702) (ScriptedImporter) -> (artifact id: '653b21c1a48c97f258737796ac467d84') in 0.0304073 seconds
Number of updated asset objects reloaded before import = 0Number of asset objects unloaded after import = 26

========================================================================
Received Import Request.
  Time since last request: 0.000030 seconds.
  path: Assets/Samples/XR Interaction Toolkit/3.3.0/Starter Assets/DemoSceneAssets/Prefabs/Interactables/Blaser.prefab
  artifactKey: Guid(3549fdaf258e11846b85a316c16c699c) Importer(2089858483,192608db42251d675da83286b1cce702)
Start importing Assets/Samples/XR Interaction Toolkit/3.3.0/Starter Assets/DemoSceneAssets/Prefabs/Interactables/Blaser.prefab using Guid(3549fdaf258e11846b85a316c16c699c) Importer(2089858483,192608db42251d675da83286b1cce702) (ScriptedImporter) -> (artifact id: '7027395eafa1befa3f997b09cbe54adf') in 0.0376598 seconds
Number of updated asset objects reloaded before import = 0Number of asset objects unloaded after import = 31

========================================================================
Received Import Request.
  Time since last request: 0.000026 seconds.
  path: Assets/Samples/XR Interaction Toolkit/3.3.0/Hands Interaction Demo/HandsDemoScene.unity
  artifactKey: Guid(3ff35cecbcc52cc42945cf531638a60a) Importer(2089858483,192608db42251d675da83286b1cce702)
Start importing Assets/Samples/XR Interaction Toolkit/3.3.0/Hands Interaction Demo/HandsDemoScene.unity using Guid(3ff35cecbcc52cc42945cf531638a60a) Importer(2089858483,192608db42251d675da83286b1cce702) (ScriptedImporter) -> (artifact id: '069a15acc78429187f117fab10303cb9') in 0.0300747 seconds
Number of updated asset objects reloaded before import = 0Number of asset objects unloaded after import = 1

========================================================================
Received Import Request.
  Time since last request: 0.000049 seconds.
  path: Assets/Samples/XR Interaction Toolkit/3.3.0/Starter Assets/DemoSceneAssets/Prefabs/Gaze Interactables.prefab
  artifactKey: Guid(e05cd47ab8981f64badd3bfe29af8f4e) Importer(2089858483,192608db42251d675da83286b1cce702)
Start importing Assets/Samples/XR Interaction Toolkit/3.3.0/Starter Assets/DemoSceneAssets/Prefabs/Gaze Interactables.prefab using Guid(e05cd47ab8981f64badd3bfe29af8f4e) Importer(2089858483,192608db42251d675da83286b1cce702) (ScriptedImporter) -> (artifact id: 'c0d88f69083f7a2240f81573452c58b0') in 0.0273612 seconds
Number of updated asset objects reloaded before import = 0Number of asset objects unloaded after import = 41

========================================================================
Received Import Request.
  Time since last request: 0.000029 seconds.
  path: Assets/Samples/XR Interaction Toolkit/3.3.0/Hands Interaction Demo/HandsDemoSceneAssets/Prefabs/UI/ScrollView.prefab
  artifactKey: Guid(cc0d6bd3aca3b5d4a986e27ce112e071) Importer(2089858483,192608db42251d675da83286b1cce702)
Start importing Assets/Samples/XR Interaction Toolkit/3.3.0/Hands Interaction Demo/HandsDemoSceneAssets/Prefabs/UI/ScrollView.prefab using Guid(cc0d6bd3aca3b5d4a986e27ce112e071) Importer(2089858483,192608db42251d675da83286b1cce702) (ScriptedImporter) -> (artifact id: 'bc032de0b99bbc7270b5a60c8c649c78') in 0.0343995 seconds
Number of updated asset objects reloaded before import = 0Number of asset objects unloaded after import = 191

========================================================================
Received Import Request.
  Time since last request: 0.000028 seconds.
  path: Assets/Samples/XR Interaction Toolkit/3.3.0/Starter Assets/DemoSceneAssets/Prefabs/UI/Text Toggle.prefab
  artifactKey: Guid(6a448845c7017044e8a9f3d711cfe825) Importer(2089858483,192608db42251d675da83286b1cce702)
Start importing Assets/Samples/XR Interaction Toolkit/3.3.0/Starter Assets/DemoSceneAssets/Prefabs/UI/Text Toggle.prefab using Guid(6a448845c7017044e8a9f3d711cfe825) Importer(2089858483,192608db42251d675da83286b1cce702) (ScriptedImporter) -> (artifact id: '367b4a60ee976d3b5c49fd43304e9d17') in 0.0390227 seconds
Number of updated asset objects reloaded before import = 0Number of asset objects unloaded after import = 25

========================================================================
Received Import Request.
  Time since last request: 0.000037 seconds.
  path: Assets/BrokenVector/LowPolyStoragePack/Example.unity
  artifactKey: Guid(53818806613d2954390cf7195a4a49af) Importer(2089858483,192608db42251d675da83286b1cce702)
Start importing Assets/BrokenVector/LowPolyStoragePack/Example.unity using Guid(53818806613d2954390cf7195a4a49af) Importer(2089858483,192608db42251d675da83286b1cce702) (ScriptedImporter) -> (artifact id: 'bcee438c4d0363ec56c18ca486f26a90') in 0.0605132 seconds
Number of updated asset objects reloaded before import = 0Number of asset objects unloaded after import = 1

========================================================================
Received Import Request.
  Time since last request: 0.000046 seconds.
  path: Assets/Scenes/SampleScene.unity
  artifactKey: Guid(55daccc09a3b69647bbab145b54a3ab3) Importer(2089858483,192608db42251d675da83286b1cce702)
Start importing Assets/Scenes/SampleScene.unity using Guid(55daccc09a3b69647bbab145b54a3ab3) Importer(2089858483,192608db42251d675da83286b1cce702) (ScriptedImporter) -> (artifact id: 'fb7318980fe484fe20b9324530422173') in 0.0355998 seconds
Number of updated asset objects reloaded before import = 0Number of asset objects unloaded after import = 1

========================================================================
Received Import Request.
  Time since last request: 0.000024 seconds.
  path: Assets/Samples/XR Interaction Toolkit/3.3.0/Starter Assets/DemoSceneAssets/Prefabs/UI/Icon Button.prefab
  artifactKey: Guid(56686f82f64b0af4688a89676403a500) Importer(2089858483,192608db42251d675da83286b1cce702)
Start importing Assets/Samples/XR Interaction Toolkit/3.3.0/Starter Assets/DemoSceneAssets/Prefabs/UI/Icon Button.prefab using Guid(56686f82f64b0af4688a89676403a500) Importer(2089858483,192608db42251d675da83286b1cce702) (ScriptedImporter) -> (artifact id: '01537dbbb5a6d4d661085306c3db7fe8') in 0.0346137 seconds
Number of updated asset objects reloaded before import = 0Number of asset objects unloaded after import = 24

========================================================================
Received Import Request.
  Time since last request: 0.000031 seconds.
  path: Assets/Samples/XR Interaction Toolkit/3.3.0/Starter Assets/DemoSceneAssets/Prefabs/UI/Scroll UI Sample.prefab
  artifactKey: Guid(0cbc0856f0fb8d84a81be5dea463c369) Importer(2089858483,192608db42251d675da83286b1cce702)
Start importing Assets/Samples/XR Interaction Toolkit/3.3.0/Starter Assets/DemoSceneAssets/Prefabs/UI/Scroll UI Sample.prefab using Guid(0cbc0856f0fb8d84a81be5dea463c369) Importer(2089858483,192608db42251d675da83286b1cce702) (ScriptedImporter) -> (artifact id: 'bea088f2900163467209fce3ab7d5814') in 0.0303343 seconds
Number of updated asset objects reloaded before import = 0Number of asset objects unloaded after import = 72

========================================================================
Received Import Request.
  Time since last request: 0.000027 seconds.
  path: Assets/Samples/XR Interaction Toolkit/3.3.0/Hands Interaction Demo/HandsDemoSceneAssets/Prefabs/UI/ScrollViewItem.prefab
  artifactKey: Guid(6ef6ed42ad21b2e44bf9d63455bfebd9) Importer(2089858483,192608db42251d675da83286b1cce702)
Start importing Assets/Samples/XR Interaction Toolkit/3.3.0/Hands Interaction Demo/HandsDemoSceneAssets/Prefabs/UI/ScrollViewItem.prefab using Guid(6ef6ed42ad21b2e44bf9d63455bfebd9) Importer(2089858483,192608db42251d675da83286b1cce702) (ScriptedImporter) -> (artifact id: 'a272e752685b600d02ec185fc6a31996') in 0.0339363 seconds
Number of updated asset objects reloaded before import = 0Number of asset objects unloaded after import = 21

========================================================================
Received Import Request.
  Time since last request: 0.000043 seconds.
  path: Assets/Samples/XR Interaction Toolkit/3.3.0/Starter Assets/Prefabs/Interactors/Teleport Interactor.prefab
  artifactKey: Guid(c1800acf6366418a9b5f610249000331) Importer(2089858483,192608db42251d675da83286b1cce702)
Start importing Assets/Samples/XR Interaction Toolkit/3.3.0/Starter Assets/Prefabs/Interactors/Teleport Interactor.prefab using Guid(c1800acf6366418a9b5f610249000331) Importer(2089858483,192608db42251d675da83286b1cce702) (ScriptedImporter) -> (artifact id: 'e5c4d24abd29db5106ce94ee3abf41d6') in 0.0590417 seconds
Number of updated asset objects reloaded before import = 0Number of asset objects unloaded after import = 38

========================================================================
Received Import Request.
  Time since last request: 0.000030 seconds.
  path: Assets/Samples/XR Interaction Toolkit/3.3.0/Starter Assets/Prefabs/Interactors/Right_NearFarInteractor.prefab
  artifactKey: Guid(b200f6587d118224eba8467281481800) Importer(2089858483,192608db42251d675da83286b1cce702)
Start importing Assets/Samples/XR Interaction Toolkit/3.3.0/Starter Assets/Prefabs/Interactors/Right_NearFarInteractor.prefab using Guid(b200f6587d118224eba8467281481800) Importer(2089858483,192608db42251d675da83286b1cce702) (ScriptedImporter) -> (artifact id: '6cf3e10963008ce8aebb7f0da320fae7') in 0.0561282 seconds
Number of updated asset objects reloaded before import = 0Number of asset objects unloaded after import = 46

========================================================================
Received Import Request.
  Time since last request: 0.000025 seconds.
  path: Assets/Samples/XR Interaction Toolkit/3.3.0/Starter Assets/DemoSceneAssets/Prefabs/Interactables/Confetti.prefab
  artifactKey: Guid(7942e6544a2b2ae48bcf988d9aed838d) Importer(2089858483,192608db42251d675da83286b1cce702)
Start importing Assets/Samples/XR Interaction Toolkit/3.3.0/Starter Assets/DemoSceneAssets/Prefabs/Interactables/Confetti.prefab using Guid(7942e6544a2b2ae48bcf988d9aed838d) Importer(2089858483,192608db42251d675da83286b1cce702) (ScriptedImporter) -> (artifact id: 'f119a651c97f40f02ee74a7c2ad5655c') in 0.1139475 seconds
Number of updated asset objects reloaded before import = 0Number of asset objects unloaded after import = 6

========================================================================
Received Import Request.
  Time since last request: 0.000027 seconds.
  path: Assets/Samples/XR Interaction Toolkit/3.3.0/Hands Interaction Demo/Prefabs/XR Origin Hands (XR Rig).prefab
  artifactKey: Guid(d6878e1999eb4b44a9f5a263af86c185) Importer(2089858483,192608db42251d675da83286b1cce702)
Start importing Assets/Samples/XR Interaction Toolkit/3.3.0/Hands Interaction Demo/Prefabs/XR Origin Hands (XR Rig).prefab using Guid(d6878e1999eb4b44a9f5a263af86c185) Importer(2089858483,192608db42251d675da83286b1cce702) (ScriptedImporter) -> (artifact id: '78f9e0fe03cb5baa7cf5d66ce1ddf2fc') in 0.0748573 seconds
Number of updated asset objects reloaded before import = 0Number of asset objects unloaded after import = 1091

========================================================================
Received Import Request.
  Time since last request: 0.000040 seconds.
  path: Assets/Samples/XR Hands/1.7.1/HandVisualizer/HandVisualizer.unity
  artifactKey: Guid(ab7acf0d9677fbe4db51bc36647d4fcb) Importer(2089858483,192608db42251d675da83286b1cce702)
Start importing Assets/Samples/XR Hands/1.7.1/HandVisualizer/HandVisualizer.unity using Guid(ab7acf0d9677fbe4db51bc36647d4fcb) Importer(2089858483,192608db42251d675da83286b1cce702) (ScriptedImporter) -> (artifact id: 'c081cf5c116ab6b2c64b4812bd4a06e0') in 0.0232746 seconds
Number of updated asset objects reloaded before import = 0Number of asset objects unloaded after import = 1

========================================================================
Received Import Request.
  Time since last request: 0.000029 seconds.
  path: Assets/VRTemplateAssets/Prefabs/Setup/Affordance Callouts Right.prefab
  artifactKey: Guid(4d28f6590e91f644e9731292f51c4f2c) Importer(2089858483,192608db42251d675da83286b1cce702)
Start importing Assets/VRTemplateAssets/Prefabs/Setup/Affordance Callouts Right.prefab using Guid(4d28f6590e91f644e9731292f51c4f2c) Importer(2089858483,192608db42251d675da83286b1cce702) (ScriptedImporter) -> (artifact id: '24ee50a78a6cd6678aae346a1df23679') in 0.0451985 seconds
Number of updated asset objects reloaded before import = 0Number of asset objects unloaded after import = 225

========================================================================
Received Import Request.
  Time since last request: 0.000034 seconds.
  path: Assets/Samples/XR Interaction Toolkit/3.3.0/Starter Assets/DemoSceneAssets/Prefabs/UI/Dropdown.prefab
  artifactKey: Guid(870459f1cb8d7b7428337cc5935feb67) Importer(2089858483,192608db42251d675da83286b1cce702)
Start importing Assets/Samples/XR Interaction Toolkit/3.3.0/Starter Assets/DemoSceneAssets/Prefabs/UI/Dropdown.prefab using Guid(870459f1cb8d7b7428337cc5935feb67) Importer(2089858483,192608db42251d675da83286b1cce702) (ScriptedImporter) -> (artifact id: '0533e4c27d7a4a37e1c53d99f4e42f0f') in 0.0478982 seconds
Number of updated asset objects reloaded before import = 0Number of asset objects unloaded after import = 61

========================================================================
Received Import Request.
  Time since last request: 46.120494 seconds.
  path: Assets/BrokenVector/LowPolyStoragePack/Prefabs/Container_01_Red.prefab
  artifactKey: Guid(bcaff6085a83be0418ea2028313d78ee) Importer(815301076,1909f56bfc062723c751e8b465ee728b)
Start importing Assets/BrokenVector/LowPolyStoragePack/Prefabs/Container_01_Red.prefab using Guid(bcaff6085a83be0418ea2028313d78ee) Importer(815301076,1909f56bfc062723c751e8b465ee728b) (PreviewImporter) -> (artifact id: '2971871f76dc08dff16275e541b313d9') in 0.021161 seconds
Number of updated asset objects reloaded before import = 0Number of asset objects unloaded after import = 10

========================================================================
Received Import Request.
  Time since last request: 0.000030 seconds.
  path: Assets/BrokenVector/LowPolyStoragePack/Prefabs/Electric_Box_01.prefab
  artifactKey: Guid(a578316b64ef8fa4ea35895600971894) Importer(815301076,1909f56bfc062723c751e8b465ee728b)
Start importing Assets/BrokenVector/LowPolyStoragePack/Prefabs/Electric_Box_01.prefab using Guid(a578316b64ef8fa4ea35895600971894) Importer(815301076,1909f56bfc062723c751e8b465ee728b) (PreviewImporter) -> (artifact id: '61ae3a37d4c1beb375e6354ff1ab7022') in 0.0277614 seconds
Number of updated asset objects reloaded before import = 0Number of asset objects unloaded after import = 10

========================================================================
Received Import Request.
  Time since last request: 0.000025 seconds.
  path: Assets/BrokenVector/LowPolyStoragePack/Prefabs/Container_02_Blue.prefab
  artifactKey: Guid(2f3eeb9b037e853489950df7ec0c4eb2) Importer(815301076,1909f56bfc062723c751e8b465ee728b)
Start importing Assets/BrokenVector/LowPolyStoragePack/Prefabs/Container_02_Blue.prefab using Guid(2f3eeb9b037e853489950df7ec0c4eb2) Importer(815301076,1909f56bfc062723c751e8b465ee728b) (PreviewImporter) -> (artifact id: 'd0435ff15cf1ae8a257c2ac8a45603f2') in 0.0269004 seconds
Number of updated asset objects reloaded before import = 0Number of asset objects unloaded after import = 10

========================================================================
Received Import Request.
  Time since last request: 0.000043 seconds.
  path: Assets/BrokenVector/LowPolyStoragePack/Prefabs/Garbage_Can_Purple.prefab
  artifactKey: Guid(f502427f83e10e247a87212504fcc298) Importer(815301076,1909f56bfc062723c751e8b465ee728b)
Start importing Assets/BrokenVector/LowPolyStoragePack/Prefabs/Garbage_Can_Purple.prefab using Guid(f502427f83e10e247a87212504fcc298) Importer(815301076,1909f56bfc062723c751e8b465ee728b) (PreviewImporter) -> (artifact id: 'f746771b357cdf7ab7733b1339e10354') in 0.0247367 seconds
Number of updated asset objects reloaded before import = 0Number of asset objects unloaded after import = 10

========================================================================
Received Import Request.
  Time since last request: 0.000023 seconds.
  path: Assets/BrokenVector/LowPolyStoragePack/Prefabs/Container_02_Purple.prefab
  artifactKey: Guid(f7506201fa8dd234da8643bc58c1fad3) Importer(815301076,1909f56bfc062723c751e8b465ee728b)
Start importing Assets/BrokenVector/LowPolyStoragePack/Prefabs/Container_02_Purple.prefab using Guid(f7506201fa8dd234da8643bc58c1fad3) Importer(815301076,1909f56bfc062723c751e8b465ee728b) (PreviewImporter) -> (artifact id: 'dcc2808745732e1b61fd64672664e366') in 0.0095855 seconds
Number of updated asset objects reloaded before import = 0Number of asset objects unloaded after import = 10

========================================================================
Received Import Request.
  Time since last request: 0.000026 seconds.
  path: Assets/BrokenVector/LowPolyStoragePack/Prefabs/Crate_01.prefab
  artifactKey: Guid(208ca54455d8ac34d8e8c32f367a245d) Importer(815301076,1909f56bfc062723c751e8b465ee728b)
Start importing Assets/BrokenVector/LowPolyStoragePack/Prefabs/Crate_01.prefab using Guid(208ca54455d8ac34d8e8c32f367a245d) Importer(815301076,1909f56bfc062723c751e8b465ee728b) (PreviewImporter) -> (artifact id: 'f859ec201f834b68b8ce7d3d080af404') in 0.0235643 seconds
Number of updated asset objects reloaded before import = 0Number of asset objects unloaded after import = 10

========================================================================
Received Import Request.
  Time since last request: 0.000026 seconds.
  path: Assets/BrokenVector/LowPolyStoragePack/Prefabs/EUR-Pallet.prefab
  artifactKey: Guid(be11ab6aad4338d4d8ad965540935796) Importer(815301076,1909f56bfc062723c751e8b465ee728b)
Start importing Assets/BrokenVector/LowPolyStoragePack/Prefabs/EUR-Pallet.prefab using Guid(be11ab6aad4338d4d8ad965540935796) Importer(815301076,1909f56bfc062723c751e8b465ee728b) (PreviewImporter) -> (artifact id: 'c51c4795c0a3f38afaf1a292dda1ac9e') in 0.0238679 seconds
Number of updated asset objects reloaded before import = 0Number of asset objects unloaded after import = 10

========================================================================
Received Import Request.
  Time since last request: 0.000031 seconds.
  path: Assets/BrokenVector/LowPolyStoragePack/Prefabs/Garbage_Can_Red.prefab
  artifactKey: Guid(6092d1bb5a4a3074a88aa2f310c42bcb) Importer(815301076,1909f56bfc062723c751e8b465ee728b)
Start importing Assets/BrokenVector/LowPolyStoragePack/Prefabs/Garbage_Can_Red.prefab using Guid(6092d1bb5a4a3074a88aa2f310c42bcb) Importer(815301076,1909f56bfc062723c751e8b465ee728b) (PreviewImporter) -> (artifact id: '00355d799ef58b55a6ff66f9097b7f59') in 0.0136828 seconds
Number of updated asset objects reloaded before import = 0Number of asset objects unloaded after import = 10

========================================================================
Received Import Request.
  Time since last request: 0.000036 seconds.
  path: Assets/BrokenVector/LowPolyStoragePack/Prefabs/Garbage_Can_Blue.prefab
  artifactKey: Guid(18d51fb81a136504a8012d9c99ca47de) Importer(815301076,1909f56bfc062723c751e8b465ee728b)
Start importing Assets/BrokenVector/LowPolyStoragePack/Prefabs/Garbage_Can_Blue.prefab using Guid(18d51fb81a136504a8012d9c99ca47de) Importer(815301076,1909f56bfc062723c751e8b465ee728b) (PreviewImporter) -> (artifact id: '5378621fd08d9a0eb514bd41880b0111') in 0.0091328 seconds
Number of updated asset objects reloaded before import = 0Number of asset objects unloaded after import = 10

========================================================================
Received Import Request.
  Time since last request: 0.000033 seconds.
  path: Assets/BrokenVector/LowPolyStoragePack/Prefabs/Container_02_Yellow.prefab
  artifactKey: Guid(a366be596fd1924488b647425e458433) Importer(815301076,1909f56bfc062723c751e8b465ee728b)
Start importing Assets/BrokenVector/LowPolyStoragePack/Prefabs/Container_02_Yellow.prefab using Guid(a366be596fd1924488b647425e458433) Importer(815301076,1909f56bfc062723c751e8b465ee728b) (PreviewImporter) -> (artifact id: '0256de94a4a0b1945ab03c08eb3f882d') in 0.0160632 seconds
Number of updated asset objects reloaded before import = 0Number of asset objects unloaded after import = 10

========================================================================
Received Import Request.
  Time since last request: 0.000021 seconds.
  path: Assets/BrokenVector/LowPolyStoragePack/Prefabs/Giftbox_01_Blue.prefab
  artifactKey: Guid(7d7bf6c92ae13cd478d73a6c6bc5fb4e) Importer(815301076,1909f56bfc062723c751e8b465ee728b)
Start importing Assets/BrokenVector/LowPolyStoragePack/Prefabs/Giftbox_01_Blue.prefab using Guid(7d7bf6c92ae13cd478d73a6c6bc5fb4e) Importer(815301076,1909f56bfc062723c751e8b465ee728b) (PreviewImporter) -> (artifact id: 'ce4ae86cb6c614cdc97deb05d23b6a79') in 0.0318424 seconds
Number of updated asset objects reloaded before import = 0Number of asset objects unloaded after import = 10

========================================================================
Received Import Request.
  Time since last request: 0.000027 seconds.
  path: Assets/BrokenVector/LowPolyStoragePack/Prefabs/Giftbox_01_Purple.prefab
  artifactKey: Guid(429ebdcdf0ae3ce4c9f3279a683e72ed) Importer(815301076,1909f56bfc062723c751e8b465ee728b)
Start importing Assets/BrokenVector/LowPolyStoragePack/Prefabs/Giftbox_01_Purple.prefab using Guid(429ebdcdf0ae3ce4c9f3279a683e72ed) Importer(815301076,1909f56bfc062723c751e8b465ee728b) (PreviewImporter) -> (artifact id: '770de0d13df3b3cf796ca57a3f7e24cf') in 0.0093296 seconds
Number of updated asset objects reloaded before import = 0Number of asset objects unloaded after import = 10

========================================================================
Received Import Request.
  Time since last request: 0.000033 seconds.
  path: Assets/BrokenVector/LowPolyStoragePack/Prefabs/Giftbox_02_Blue.prefab
  artifactKey: Guid(8d899f85a0dd1cb4983d94fdae0e1939) Importer(815301076,1909f56bfc062723c751e8b465ee728b)
Start importing Assets/BrokenVector/LowPolyStoragePack/Prefabs/Giftbox_02_Blue.prefab using Guid(8d899f85a0dd1cb4983d94fdae0e1939) Importer(815301076,1909f56bfc062723c751e8b465ee728b) (PreviewImporter) -> (artifact id: 'f43c24042ba6721368678a96148aa80c') in 0.00889 seconds
Number of updated asset objects reloaded before import = 0Number of asset objects unloaded after import = 10

========================================================================
Received Import Request.
  Time since last request: 0.164049 seconds.
  path: Assets/BrokenVector/LowPolyStoragePack/Prefabs/Giftbox_03_Blue.prefab
  artifactKey: Guid(640a1b7507862ff4aaabf7e8ed0517fa) Importer(815301076,1909f56bfc062723c751e8b465ee728b)
Start importing Assets/BrokenVector/LowPolyStoragePack/Prefabs/Giftbox_03_Blue.prefab using Guid(640a1b7507862ff4aaabf7e8ed0517fa) Importer(815301076,1909f56bfc062723c751e8b465ee728b) (PreviewImporter) -> (artifact id: '87460ab9987667718f50216e43a2eda0') in 0.045545 seconds
Number of updated asset objects reloaded before import = 0Number of asset objects unloaded after import = 10

========================================================================
Received Import Request.
  Time since last request: 0.000023 seconds.
  path: Assets/BrokenVector/LowPolyStoragePack/Prefabs/Suitcase_01_Red.prefab
  artifactKey: Guid(90ee87c3535ae7a4bb03b7a82142209c) Importer(815301076,1909f56bfc062723c751e8b465ee728b)
Start importing Assets/BrokenVector/LowPolyStoragePack/Prefabs/Suitcase_01_Red.prefab using Guid(90ee87c3535ae7a4bb03b7a82142209c) Importer(815301076,1909f56bfc062723c751e8b465ee728b) (PreviewImporter) -> (artifact id: 'f32a209a569490fc2c3f3552d1089fc3') in 0.0318654 seconds
Number of updated asset objects reloaded before import = 0Number of asset objects unloaded after import = 10

========================================================================
Received Import Request.
  Time since last request: 0.000043 seconds.
  path: Assets/BrokenVector/LowPolyStoragePack/Prefabs/Storage_Rack_01.prefab
  artifactKey: Guid(3732512b24557ac43933b8085c822b18) Importer(815301076,1909f56bfc062723c751e8b465ee728b)
Start importing Assets/BrokenVector/LowPolyStoragePack/Prefabs/Storage_Rack_01.prefab using Guid(3732512b24557ac43933b8085c822b18) Importer(815301076,1909f56bfc062723c751e8b465ee728b) (PreviewImporter) -> (artifact id: 'cea7c687dfdd5f3e5afd63db906e5427') in 0.029815 seconds
Number of updated asset objects reloaded before import = 0Number of asset objects unloaded after import = 10

========================================================================
Received Import Request.
  Time since last request: 0.000030 seconds.
  path: Assets/BrokenVector/LowPolyStoragePack/Prefabs/Suitcase_02_Blue.prefab
  artifactKey: Guid(42f519ff7e5f3d54e94c9d02963441cb) Importer(815301076,1909f56bfc062723c751e8b465ee728b)
Start importing Assets/BrokenVector/LowPolyStoragePack/Prefabs/Suitcase_02_Blue.prefab using Guid(42f519ff7e5f3d54e94c9d02963441cb) Importer(815301076,1909f56bfc062723c751e8b465ee728b) (PreviewImporter) -> (artifact id: 'b7f79c51c084d41b142c0fcaf3545892') in 0.0101224 seconds
Number of updated asset objects reloaded before import = 0Number of asset objects unloaded after import = 10

========================================================================
Received Import Request.
  Time since last request: 0.000029 seconds.
  path: Assets/BrokenVector/LowPolyStoragePack/Prefabs/Suitcase_02_Yellow.prefab
  artifactKey: Guid(2d1c8780b5053c94e8e1b008b8dc2b50) Importer(815301076,1909f56bfc062723c751e8b465ee728b)
Start importing Assets/BrokenVector/LowPolyStoragePack/Prefabs/Suitcase_02_Yellow.prefab using Guid(2d1c8780b5053c94e8e1b008b8dc2b50) Importer(815301076,1909f56bfc062723c751e8b465ee728b) (PreviewImporter) -> (artifact id: '973c8ad8d541237a68efd8e89b946e2f') in 0.0097464 seconds
Number of updated asset objects reloaded before import = 0Number of asset objects unloaded after import = 10

========================================================================
Received Import Request.
  Time since last request: 0.000024 seconds.
  path: Assets/BrokenVector/LowPolyStoragePack/Prefabs/Suitcase_02_Red.prefab
  artifactKey: Guid(e1cac1d627db5b34fa00d9a05bfa4729) Importer(815301076,1909f56bfc062723c751e8b465ee728b)
Start importing Assets/BrokenVector/LowPolyStoragePack/Prefabs/Suitcase_02_Red.prefab using Guid(e1cac1d627db5b34fa00d9a05bfa4729) Importer(815301076,1909f56bfc062723c751e8b465ee728b) (PreviewImporter) -> (artifact id: 'f33c820d941f29ad24ee421c283ef83e') in 0.0105255 seconds
Number of updated asset objects reloaded before import = 0Number of asset objects unloaded after import = 10

========================================================================
Received Import Request.
  Time since last request: 20.109796 seconds.
  path: Assets/Samples/XR Interaction Toolkit/3.3.0/Starter Assets/DemoSceneAssets/Prefabs/UI/MinMaxSlider.prefab
  artifactKey: Guid(657321a07c3561043af55547ec4b0ed7) Importer(2089858483,3d70f49cd1c2eb9ae422958d1c652c6b)
Start importing Assets/Samples/XR Interaction Toolkit/3.3.0/Starter Assets/DemoSceneAssets/Prefabs/UI/MinMaxSlider.prefab using Guid(657321a07c3561043af55547ec4b0ed7) Importer(2089858483,3d70f49cd1c2eb9ae422958d1c652c6b) (ScriptedImporter) -> (artifact id: '4f552202bba25bf950905ec4dbc7d656') in 0.0376078 seconds
Number of updated asset objects reloaded before import = 0Number of asset objects unloaded after import = 26

========================================================================
Received Import Request.
  Time since last request: 0.000068 seconds.
  path: Assets/Samples/XR Interaction Toolkit/3.3.0/Hands Interaction Demo/HandsDemoSceneAssets/Prefabs/UI/ScrollView.prefab
  artifactKey: Guid(cc0d6bd3aca3b5d4a986e27ce112e071) Importer(2089858483,3d70f49cd1c2eb9ae422958d1c652c6b)
Start importing Assets/Samples/XR Interaction Toolkit/3.3.0/Hands Interaction Demo/HandsDemoSceneAssets/Prefabs/UI/ScrollView.prefab using Guid(cc0d6bd3aca3b5d4a986e27ce112e071) Importer(2089858483,3d70f49cd1c2eb9ae422958d1c652c6b) (ScriptedImporter) -> (artifact id: 'f22ec36d25f198ccdd37dc61f644bc5a') in 0.1218475 seconds
Number of updated asset objects reloaded before import = 0Number of asset objects unloaded after import = 218

========================================================================
Received Import Request.
  Time since last request: 0.000048 seconds.
  path: Assets/Samples/XR Interaction Toolkit/3.3.0/Starter Assets/DemoSceneAssets/Prefabs/UI/Scroll UI Sample.prefab
  artifactKey: Guid(0cbc0856f0fb8d84a81be5dea463c369) Importer(2089858483,3d70f49cd1c2eb9ae422958d1c652c6b)
Start importing Assets/Samples/XR Interaction Toolkit/3.3.0/Starter Assets/DemoSceneAssets/Prefabs/UI/Scroll UI Sample.prefab using Guid(0cbc0856f0fb8d84a81be5dea463c369) Importer(2089858483,3d70f49cd1c2eb9ae422958d1c652c6b) (ScriptedImporter) -> (artifact id: '1d0ad8a813411552836a6ef11121a7c2') in 0.0301342 seconds
Number of updated asset objects reloaded before import = 0Number of asset objects unloaded after import = 72

========================================================================
Received Import Request.
  Time since last request: 0.000027 seconds.
  path: Assets/Samples/XR Hands/1.7.1/HandVisualizer/Prefabs/Joint.prefab
  artifactKey: Guid(254b742d65a15d14b9df756ae77de868) Importer(2089858483,3d70f49cd1c2eb9ae422958d1c652c6b)
Start importing Assets/Samples/XR Hands/1.7.1/HandVisualizer/Prefabs/Joint.prefab using Guid(254b742d65a15d14b9df756ae77de868) Importer(2089858483,3d70f49cd1c2eb9ae422958d1c652c6b) (ScriptedImporter) -> (artifact id: 'd8899042cdc729823ba5bce3d5d215e6') in 0.0729143 seconds
Editor requested this worker to shutdown with reason: balancing worker count downwards
Number of updated asset objects reloaded before import = 0Number of asset objects unloaded after import = 29

AssetImportWorker is now disconnected from the server
Process exiting
Exiting without the bug reporter. Application will terminate with return code 0